-- Merged MIF file generated by Quartos

DEPTH = 20480;
WIDTH = 8;
ADDRESS_RADIX = HEX;
DATA_RADIX = HEX;

CONTENT BEGIN
	0 : 00;
	1 : 00;
	2 : 00;
	3 : 00;
	4 : 24;
	5 : 24;
	6 : 24;
	7 : 24;
	8 : 24;
	9 : 24;
	A : 24;
	B : 24;
	C : 24;
	D : 24;
	E : 24;
	F : 24;
	10 : 24;
	11 : 24;
	12 : 24;
	13 : 24;
	14 : 24;
	15 : 24;
	16 : 24;
	17 : 24;
	18 : 24;
	19 : 24;
	1A : 24;
	1B : 24;
	1C : 24;
	1D : 24;
	1E : 24;
	1F : 24;
	20 : 24;
	21 : 24;
	22 : 24;
	23 : 24;
	24 : 24;
	25 : 24;
	26 : 24;
	27 : 24;
	28 : 24;
	29 : 24;
	2A : 24;
	2B : 24;
	2C : 24;
	2D : 24;
	2E : 24;
	2F : 24;
	30 : 24;
	31 : 24;
	32 : 24;
	33 : 24;
	34 : 24;
	35 : 24;
	36 : 24;
	37 : 24;
	38 : 24;
	39 : 24;
	3A : 24;
	3B : 24;
	3C : 24;
	3D : 00;
	3E : 00;
	3F : 00;
	40 : 00;
	41 : 00;
	42 : 24;
	43 : 24;
	44 : 04;
	45 : 04;
	46 : 24;
	47 : 24;
	48 : 24;
	49 : 04;
	4A : 04;
	4B : 04;
	4C : 24;
	4D : 24;
	4E : 24;
	4F : 24;
	50 : 24;
	51 : 24;
	52 : 24;
	53 : 24;
	54 : 24;
	55 : 04;
	56 : 04;
	57 : 04;
	58 : 04;
	59 : 04;
	5A : 04;
	5B : 04;
	5C : 04;
	5D : 04;
	5E : 04;
	5F : 04;
	60 : 04;
	61 : 04;
	62 : 04;
	63 : 04;
	64 : 04;
	65 : 04;
	66 : 24;
	67 : 24;
	68 : 24;
	69 : 24;
	6A : 24;
	6B : 24;
	6C : 24;
	6D : 04;
	6E : 04;
	6F : 24;
	70 : 24;
	71 : 24;
	72 : 24;
	73 : 24;
	74 : 24;
	75 : 24;
	76 : 04;
	77 : 04;
	78 : 04;
	79 : 04;
	7A : 24;
	7B : 24;
	7C : 24;
	7D : 00;
	7E : 00;
	7F : 00;
	80 : 00;
	81 : 00;
	82 : 24;
	83 : 24;
	84 : 24;
	85 : 04;
	86 : 04;
	87 : 24;
	88 : 04;
	89 : 04;
	8A : 04;
	8B : 04;
	8C : 24;
	8D : 24;
	8E : 24;
	8F : 24;
	90 : 24;
	91 : 24;
	92 : 24;
	93 : 24;
	94 : 24;
	95 : 04;
	96 : 04;
	97 : 04;
	98 : 04;
	99 : 04;
	9A : 04;
	9B : 04;
	9C : 04;
	9D : 04;
	9E : 04;
	9F : 04;
	A0 : 04;
	A1 : 04;
	A2 : 04;
	A3 : 04;
	A4 : 04;
	A5 : 04;
	A6 : 24;
	A7 : 24;
	A8 : 24;
	A9 : 24;
	AA : 24;
	AB : 24;
	AC : 04;
	AD : 04;
	AE : 04;
	AF : 04;
	B0 : 04;
	B1 : 04;
	B2 : 24;
	B3 : 24;
	B4 : 24;
	B5 : 24;
	B6 : 04;
	B7 : 04;
	B8 : 04;
	B9 : 04;
	BA : 04;
	BB : 24;
	BC : 24;
	BD : 00;
	BE : 00;
	BF : 00;
	C0 : 24;
	C1 : 24;
	C2 : 24;
	C3 : 24;
	C4 : 24;
	C5 : 04;
	C6 : 04;
	C7 : 24;
	C8 : 04;
	C9 : 04;
	CA : 04;
	CB : 04;
	CC : 04;
	CD : 04;
	CE : 04;
	CF : 04;
	D0 : 24;
	D1 : 24;
	D2 : 24;
	D3 : 04;
	D4 : 04;
	D5 : 04;
	D6 : 04;
	D7 : 04;
	D8 : 04;
	D9 : 04;
	DA : 04;
	DB : 04;
	DC : 04;
	DD : 04;
	DE : 04;
	DF : 04;
	E0 : 04;
	E1 : 04;
	E2 : 04;
	E3 : 04;
	E4 : 04;
	E5 : 04;
	E6 : 24;
	E7 : 04;
	E8 : 04;
	E9 : 04;
	EA : 04;
	EB : 04;
	EC : 04;
	ED : 04;
	EE : 04;
	EF : 24;
	F0 : 04;
	F1 : 04;
	F2 : 24;
	F3 : 24;
	F4 : 24;
	F5 : 24;
	F6 : 04;
	F7 : 04;
	F8 : 04;
	F9 : 04;
	FA : 04;
	FB : 04;
	FC : 04;
	FD : 04;
	FE : 00;
	FF : 00;
	100 : 24;
	101 : 24;
	102 : 04;
	103 : 04;
	104 : 04;
	105 : 24;
	106 : 04;
	107 : 04;
	108 : 04;
	109 : 04;
	10A : 04;
	10B : 04;
	10C : 04;
	10D : 04;
	10E : 04;
	10F : 04;
	110 : 24;
	111 : 24;
	112 : 24;
	113 : 04;
	114 : 04;
	115 : 04;
	116 : 04;
	117 : 04;
	118 : 04;
	119 : 04;
	11A : 04;
	11B : 04;
	11C : 04;
	11D : 04;
	11E : 04;
	11F : 04;
	120 : 24;
	121 : 24;
	122 : 24;
	123 : 04;
	124 : 04;
	125 : 04;
	126 : 04;
	127 : 04;
	128 : 04;
	129 : 04;
	12A : 04;
	12B : 04;
	12C : 04;
	12D : 04;
	12E : 04;
	12F : 04;
	130 : 04;
	131 : 04;
	132 : 24;
	133 : 24;
	134 : 04;
	135 : 24;
	136 : 04;
	137 : 04;
	138 : 04;
	139 : 04;
	13A : 04;
	13B : 04;
	13C : 04;
	13D : 04;
	13E : 00;
	13F : 00;
	140 : 24;
	141 : 24;
	142 : 04;
	143 : 04;
	144 : 04;
	145 : 04;
	146 : 04;
	147 : 04;
	148 : 04;
	149 : 04;
	14A : 04;
	14B : 04;
	14C : 04;
	14D : 04;
	14E : 04;
	14F : 24;
	150 : 24;
	151 : 24;
	152 : 04;
	153 : 04;
	154 : 04;
	155 : 04;
	156 : 04;
	157 : 04;
	158 : 04;
	159 : 04;
	15A : 04;
	15B : 04;
	15C : 04;
	15D : 04;
	15E : 04;
	15F : 04;
	160 : 00;
	161 : 00;
	162 : 00;
	163 : 00;
	164 : 24;
	165 : 04;
	166 : 04;
	167 : 04;
	168 : 04;
	169 : 04;
	16A : 04;
	16B : 04;
	16C : 04;
	16D : 04;
	16E : 04;
	16F : 04;
	170 : 04;
	171 : 04;
	172 : 04;
	173 : 04;
	174 : 04;
	175 : 04;
	176 : 04;
	177 : 04;
	178 : 04;
	179 : 04;
	17A : 24;
	17B : 04;
	17C : 04;
	17D : 04;
	17E : 00;
	17F : 00;
	180 : 24;
	181 : 24;
	182 : 04;
	183 : 04;
	184 : 04;
	185 : 04;
	186 : 04;
	187 : 04;
	188 : 04;
	189 : 04;
	18A : 04;
	18B : 04;
	18C : 04;
	18D : 04;
	18E : 04;
	18F : 04;
	190 : 04;
	191 : 04;
	192 : 24;
	193 : 24;
	194 : 04;
	195 : 04;
	196 : 04;
	197 : 04;
	198 : 04;
	199 : 04;
	19A : 04;
	19B : 04;
	19C : 04;
	19D : 04;
	19E : 04;
	19F : 04;
	1A0 : 00;
	1A1 : 00;
	1A2 : 00;
	1A3 : 00;
	1A4 : 24;
	1A5 : 24;
	1A6 : 00;
	1A7 : 24;
	1A8 : 04;
	1A9 : 04;
	1AA : 04;
	1AB : 04;
	1AC : 04;
	1AD : 04;
	1AE : 04;
	1AF : 04;
	1B0 : 04;
	1B1 : 04;
	1B2 : 04;
	1B3 : 04;
	1B4 : 04;
	1B5 : 04;
	1B6 : 04;
	1B7 : 04;
	1B8 : 04;
	1B9 : 04;
	1BA : 04;
	1BB : 04;
	1BC : 04;
	1BD : 04;
	1BE : 00;
	1BF : 00;
	1C0 : 24;
	1C1 : 24;
	1C2 : 24;
	1C3 : 04;
	1C4 : 04;
	1C5 : 04;
	1C6 : 04;
	1C7 : 04;
	1C8 : 04;
	1C9 : 04;
	1CA : 04;
	1CB : 04;
	1CC : 04;
	1CD : 04;
	1CE : 04;
	1CF : 04;
	1D0 : 04;
	1D1 : 04;
	1D2 : 04;
	1D3 : 04;
	1D4 : 04;
	1D5 : 04;
	1D6 : 04;
	1D7 : 04;
	1D8 : 04;
	1D9 : 04;
	1DA : 04;
	1DB : 04;
	1DC : 04;
	1DD : 04;
	1DE : 04;
	1DF : 04;
	1E0 : 04;
	1E1 : 24;
	1E2 : 00;
	1E3 : 00;
	1E4 : 00;
	1E5 : 00;
	1E6 : 24;
	1E7 : 24;
	1E8 : 24;
	1E9 : 04;
	1EA : 04;
	1EB : 04;
	1EC : 04;
	1ED : 04;
	1EE : 04;
	1EF : 04;
	1F0 : 04;
	1F1 : 04;
	1F2 : 04;
	1F3 : 04;
	1F4 : 04;
	1F5 : 04;
	1F6 : 04;
	1F7 : 04;
	1F8 : 04;
	1F9 : 04;
	1FA : 04;
	1FB : 04;
	1FC : 04;
	1FD : 04;
	1FE : 00;
	1FF : 00;
	200 : 24;
	201 : 24;
	202 : 04;
	203 : 04;
	204 : 04;
	205 : 04;
	206 : 04;
	207 : 04;
	208 : 04;
	209 : 04;
	20A : 04;
	20B : 04;
	20C : 04;
	20D : 04;
	20E : 04;
	20F : 04;
	210 : 04;
	211 : 04;
	212 : 04;
	213 : 04;
	214 : 04;
	215 : 04;
	216 : 04;
	217 : 04;
	218 : 04;
	219 : 04;
	21A : 04;
	21B : 04;
	21C : 04;
	21D : 04;
	21E : 04;
	21F : 04;
	220 : 04;
	221 : 24;
	222 : 00;
	223 : 00;
	224 : 00;
	225 : 00;
	226 : 24;
	227 : 24;
	228 : 24;
	229 : 04;
	22A : 04;
	22B : 04;
	22C : 04;
	22D : 04;
	22E : 04;
	22F : 04;
	230 : 04;
	231 : 04;
	232 : 04;
	233 : 04;
	234 : 04;
	235 : 04;
	236 : 04;
	237 : 04;
	238 : 04;
	239 : 04;
	23A : 04;
	23B : 04;
	23C : 04;
	23D : 04;
	23E : 00;
	23F : 00;
	240 : 24;
	241 : 24;
	242 : 04;
	243 : 04;
	244 : 04;
	245 : 04;
	246 : 04;
	247 : 04;
	248 : 04;
	249 : 04;
	24A : 04;
	24B : 04;
	24C : 04;
	24D : 04;
	24E : 04;
	24F : 04;
	250 : 04;
	251 : 04;
	252 : 04;
	253 : 04;
	254 : 04;
	255 : 04;
	256 : 04;
	257 : 04;
	258 : 04;
	259 : 04;
	25A : 04;
	25B : 04;
	25C : 04;
	25D : 04;
	25E : 04;
	25F : 04;
	260 : 04;
	261 : 24;
	262 : 24;
	263 : 24;
	264 : 24;
	265 : 24;
	266 : 04;
	267 : 24;
	268 : 04;
	269 : 04;
	26A : 04;
	26B : 04;
	26C : 04;
	26D : 04;
	26E : 04;
	26F : 04;
	270 : 04;
	271 : 04;
	272 : 04;
	273 : 04;
	274 : 04;
	275 : 04;
	276 : 04;
	277 : 04;
	278 : 04;
	279 : 04;
	27A : 04;
	27B : 04;
	27C : 04;
	27D : 04;
	27E : 00;
	27F : 00;
	280 : 24;
	281 : 24;
	282 : 04;
	283 : 04;
	284 : 04;
	285 : 04;
	286 : 04;
	287 : 04;
	288 : 04;
	289 : 04;
	28A : 04;
	28B : 04;
	28C : 04;
	28D : 04;
	28E : 04;
	28F : 04;
	290 : 04;
	291 : 04;
	292 : 04;
	293 : 04;
	294 : 04;
	295 : 04;
	296 : 04;
	297 : 04;
	298 : 04;
	299 : 04;
	29A : 04;
	29B : 04;
	29C : 04;
	29D : 04;
	29E : 04;
	29F : 04;
	2A0 : 04;
	2A1 : 04;
	2A2 : 24;
	2A3 : 24;
	2A4 : 24;
	2A5 : 24;
	2A6 : 04;
	2A7 : 04;
	2A8 : 04;
	2A9 : 04;
	2AA : 04;
	2AB : 04;
	2AC : 04;
	2AD : 04;
	2AE : 04;
	2AF : 04;
	2B0 : 04;
	2B1 : 04;
	2B2 : 04;
	2B3 : 04;
	2B4 : 04;
	2B5 : 04;
	2B6 : 04;
	2B7 : 04;
	2B8 : 04;
	2B9 : 04;
	2BA : 04;
	2BB : 04;
	2BC : 04;
	2BD : 04;
	2BE : 00;
	2BF : 00;
	2C0 : 24;
	2C1 : 24;
	2C2 : 04;
	2C3 : 04;
	2C4 : 04;
	2C5 : 04;
	2C6 : 04;
	2C7 : 04;
	2C8 : 04;
	2C9 : 04;
	2CA : 04;
	2CB : 04;
	2CC : 04;
	2CD : 04;
	2CE : 04;
	2CF : 04;
	2D0 : 04;
	2D1 : 04;
	2D2 : 04;
	2D3 : 04;
	2D4 : 04;
	2D5 : 04;
	2D6 : 04;
	2D7 : 04;
	2D8 : 04;
	2D9 : 04;
	2DA : 04;
	2DB : 04;
	2DC : 04;
	2DD : 04;
	2DE : 04;
	2DF : 04;
	2E0 : 04;
	2E1 : 04;
	2E2 : 04;
	2E3 : 04;
	2E4 : 04;
	2E5 : 04;
	2E6 : 04;
	2E7 : 04;
	2E8 : 04;
	2E9 : 04;
	2EA : 04;
	2EB : 04;
	2EC : 04;
	2ED : 04;
	2EE : 04;
	2EF : 04;
	2F0 : 04;
	2F1 : 04;
	2F2 : 04;
	2F3 : 04;
	2F4 : 04;
	2F5 : 04;
	2F6 : 04;
	2F7 : 04;
	2F8 : 04;
	2F9 : 04;
	2FA : 04;
	2FB : 04;
	2FC : 04;
	2FD : 04;
	2FE : 00;
	2FF : 00;
	300 : 24;
	301 : 24;
	302 : 04;
	303 : 04;
	304 : 04;
	305 : 04;
	306 : 04;
	307 : 04;
	308 : 04;
	309 : 04;
	30A : 04;
	30B : 04;
	30C : 04;
	30D : 04;
	30E : 04;
	30F : 24;
	310 : 04;
	311 : 04;
	312 : 04;
	313 : 04;
	314 : 04;
	315 : 04;
	316 : 04;
	317 : 04;
	318 : 04;
	319 : 04;
	31A : 04;
	31B : 04;
	31C : 04;
	31D : 04;
	31E : 04;
	31F : 04;
	320 : 04;
	321 : 04;
	322 : 04;
	323 : 04;
	324 : 04;
	325 : 04;
	326 : 04;
	327 : 04;
	328 : 04;
	329 : 04;
	32A : 04;
	32B : 04;
	32C : 04;
	32D : 04;
	32E : 04;
	32F : 04;
	330 : 04;
	331 : 04;
	332 : 04;
	333 : 04;
	334 : 04;
	335 : 04;
	336 : 04;
	337 : 04;
	338 : 04;
	339 : 04;
	33A : 04;
	33B : 04;
	33C : 04;
	33D : 04;
	33E : 00;
	33F : 00;
	340 : 24;
	341 : 24;
	342 : 04;
	343 : 04;
	344 : 04;
	345 : 04;
	346 : 04;
	347 : 04;
	348 : 04;
	349 : 04;
	34A : 04;
	34B : 04;
	34C : 04;
	34D : 04;
	34E : 04;
	34F : 04;
	350 : 04;
	351 : 04;
	352 : 04;
	353 : 04;
	354 : 04;
	355 : 04;
	356 : 04;
	357 : 04;
	358 : 04;
	359 : 04;
	35A : 04;
	35B : 04;
	35C : 04;
	35D : 04;
	35E : 04;
	35F : 04;
	360 : 04;
	361 : 04;
	362 : 04;
	363 : 04;
	364 : 04;
	365 : 04;
	366 : 04;
	367 : 04;
	368 : 04;
	369 : 04;
	36A : 04;
	36B : 04;
	36C : 04;
	36D : 04;
	36E : 04;
	36F : 04;
	370 : 04;
	371 : 04;
	372 : 04;
	373 : 04;
	374 : 04;
	375 : 04;
	376 : 04;
	377 : 04;
	378 : 04;
	379 : 04;
	37A : 04;
	37B : 04;
	37C : 04;
	37D : 04;
	37E : 00;
	37F : 00;
	380 : 24;
	381 : 24;
	382 : 24;
	383 : 24;
	384 : 04;
	385 : 24;
	386 : 04;
	387 : 04;
	388 : 04;
	389 : 04;
	38A : 04;
	38B : 04;
	38C : 04;
	38D : 04;
	38E : 24;
	38F : 04;
	390 : 04;
	391 : 04;
	392 : 04;
	393 : 04;
	394 : 00;
	395 : 00;
	396 : 24;
	397 : 24;
	398 : 04;
	399 : 04;
	39A : 04;
	39B : 04;
	39C : 04;
	39D : 04;
	39E : 04;
	39F : 04;
	3A0 : 04;
	3A1 : 04;
	3A2 : 04;
	3A3 : 04;
	3A4 : 04;
	3A5 : 04;
	3A6 : 04;
	3A7 : 04;
	3A8 : 04;
	3A9 : 00;
	3AA : 04;
	3AB : 04;
	3AC : 04;
	3AD : 04;
	3AE : 04;
	3AF : 04;
	3B0 : 04;
	3B1 : 04;
	3B2 : 04;
	3B3 : 04;
	3B4 : 04;
	3B5 : 04;
	3B6 : 04;
	3B7 : 04;
	3B8 : 04;
	3B9 : 04;
	3BA : 04;
	3BB : 04;
	3BC : 04;
	3BD : 04;
	3BE : 00;
	3BF : 00;
	3C0 : 24;
	3C1 : 24;
	3C2 : 24;
	3C3 : 24;
	3C4 : 04;
	3C5 : 04;
	3C6 : 24;
	3C7 : 04;
	3C8 : 04;
	3C9 : 04;
	3CA : 04;
	3CB : 04;
	3CC : 04;
	3CD : 04;
	3CE : 00;
	3CF : 04;
	3D0 : 04;
	3D1 : 04;
	3D2 : 04;
	3D3 : 04;
	3D4 : 00;
	3D5 : 00;
	3D6 : 24;
	3D7 : 24;
	3D8 : 04;
	3D9 : 04;
	3DA : 04;
	3DB : 04;
	3DC : 04;
	3DD : 04;
	3DE : 04;
	3DF : 04;
	3E0 : 04;
	3E1 : 04;
	3E2 : 04;
	3E3 : 04;
	3E4 : 04;
	3E5 : 04;
	3E6 : 04;
	3E7 : 04;
	3E8 : 24;
	3E9 : 00;
	3EA : 24;
	3EB : 04;
	3EC : 04;
	3ED : 04;
	3EE : 04;
	3EF : 04;
	3F0 : 04;
	3F1 : 04;
	3F2 : 04;
	3F3 : 04;
	3F4 : 04;
	3F5 : 04;
	3F6 : 04;
	3F7 : 04;
	3F8 : 04;
	3F9 : 04;
	3FA : 04;
	3FB : 04;
	3FC : 04;
	3FD : 04;
	3FE : 00;
	3FF : 00;
	400 : 24;
	401 : 24;
	402 : 24;
	403 : 24;
	404 : 24;
	405 : 24;
	406 : 04;
	407 : 04;
	408 : 04;
	409 : 04;
	40A : 04;
	40B : 04;
	40C : 04;
	40D : 04;
	40E : 04;
	40F : 04;
	410 : 04;
	411 : 04;
	412 : 04;
	413 : 04;
	414 : 24;
	415 : 24;
	416 : 24;
	417 : 24;
	418 : 04;
	419 : 04;
	41A : 04;
	41B : 04;
	41C : 04;
	41D : 04;
	41E : 04;
	41F : 04;
	420 : 04;
	421 : 04;
	422 : 04;
	423 : 04;
	424 : 04;
	425 : 04;
	426 : 04;
	427 : 24;
	428 : 24;
	429 : 24;
	42A : 04;
	42B : 24;
	42C : 04;
	42D : 04;
	42E : 04;
	42F : 04;
	430 : 04;
	431 : 04;
	432 : 04;
	433 : 04;
	434 : 04;
	435 : 04;
	436 : 04;
	437 : 04;
	438 : 04;
	439 : 04;
	43A : 04;
	43B : 04;
	43C : 00;
	43D : 00;
	43E : 00;
	43F : 00;
	440 : 24;
	441 : 24;
	442 : 24;
	443 : 24;
	444 : 24;
	445 : 24;
	446 : 04;
	447 : 04;
	448 : 04;
	449 : 04;
	44A : 04;
	44B : 04;
	44C : 04;
	44D : 04;
	44E : 04;
	44F : 04;
	450 : 04;
	451 : 04;
	452 : 04;
	453 : 04;
	454 : 24;
	455 : 24;
	456 : 24;
	457 : 24;
	458 : 24;
	459 : 04;
	45A : 04;
	45B : 04;
	45C : 04;
	45D : 04;
	45E : 04;
	45F : 04;
	460 : 04;
	461 : 04;
	462 : 04;
	463 : 04;
	464 : 04;
	465 : 04;
	466 : 04;
	467 : 04;
	468 : 04;
	469 : 04;
	46A : 04;
	46B : 04;
	46C : 04;
	46D : 04;
	46E : 04;
	46F : 04;
	470 : 04;
	471 : 04;
	472 : 04;
	473 : 04;
	474 : 04;
	475 : 04;
	476 : 04;
	477 : 04;
	478 : 04;
	479 : 04;
	47A : 04;
	47B : 04;
	47C : 00;
	47D : 00;
	47E : 00;
	47F : 00;
	480 : 24;
	481 : 24;
	482 : 04;
	483 : 04;
	484 : 04;
	485 : 04;
	486 : 04;
	487 : 04;
	488 : 04;
	489 : 04;
	48A : 04;
	48B : 04;
	48C : 04;
	48D : 04;
	48E : 04;
	48F : 04;
	490 : 04;
	491 : 04;
	492 : 04;
	493 : 04;
	494 : 24;
	495 : 24;
	496 : 24;
	497 : 04;
	498 : 04;
	499 : 04;
	49A : 04;
	49B : 04;
	49C : 04;
	49D : 04;
	49E : 04;
	49F : 04;
	4A0 : 04;
	4A1 : 04;
	4A2 : 04;
	4A3 : 04;
	4A4 : 04;
	4A5 : 04;
	4A6 : 04;
	4A7 : 04;
	4A8 : 04;
	4A9 : 04;
	4AA : 04;
	4AB : 04;
	4AC : 04;
	4AD : 04;
	4AE : 04;
	4AF : 04;
	4B0 : 04;
	4B1 : 04;
	4B2 : 04;
	4B3 : 04;
	4B4 : 04;
	4B5 : 04;
	4B6 : 04;
	4B7 : 04;
	4B8 : 04;
	4B9 : 04;
	4BA : 04;
	4BB : 04;
	4BC : 24;
	4BD : 24;
	4BE : 00;
	4BF : 00;
	4C0 : 24;
	4C1 : 24;
	4C2 : 24;
	4C3 : 04;
	4C4 : 04;
	4C5 : 24;
	4C6 : 04;
	4C7 : 04;
	4C8 : 04;
	4C9 : 04;
	4CA : 04;
	4CB : 04;
	4CC : 04;
	4CD : 04;
	4CE : 04;
	4CF : 04;
	4D0 : 04;
	4D1 : 04;
	4D2 : 04;
	4D3 : 04;
	4D4 : 24;
	4D5 : 24;
	4D6 : 24;
	4D7 : 04;
	4D8 : 04;
	4D9 : 04;
	4DA : 04;
	4DB : 04;
	4DC : 04;
	4DD : 04;
	4DE : 04;
	4DF : 04;
	4E0 : 04;
	4E1 : 04;
	4E2 : 04;
	4E3 : 04;
	4E4 : 04;
	4E5 : 04;
	4E6 : 04;
	4E7 : 04;
	4E8 : 04;
	4E9 : 04;
	4EA : 04;
	4EB : 04;
	4EC : 04;
	4ED : 04;
	4EE : 04;
	4EF : 04;
	4F0 : 04;
	4F1 : 04;
	4F2 : 04;
	4F3 : 04;
	4F4 : 04;
	4F5 : 04;
	4F6 : 04;
	4F7 : 04;
	4F8 : 04;
	4F9 : 04;
	4FA : 04;
	4FB : 04;
	4FC : 24;
	4FD : 24;
	4FE : 00;
	4FF : 00;
	500 : 24;
	501 : 24;
	502 : 04;
	503 : 04;
	504 : 04;
	505 : 04;
	506 : 04;
	507 : 04;
	508 : 04;
	509 : 04;
	50A : 24;
	50B : 04;
	50C : 04;
	50D : 04;
	50E : 04;
	50F : 04;
	510 : 04;
	511 : 04;
	512 : 04;
	513 : 04;
	514 : 04;
	515 : 04;
	516 : 04;
	517 : 04;
	518 : 04;
	519 : 04;
	51A : 04;
	51B : 04;
	51C : 04;
	51D : 04;
	51E : 04;
	51F : 04;
	520 : 04;
	521 : 04;
	522 : 04;
	523 : 04;
	524 : 04;
	525 : 04;
	526 : 04;
	527 : 04;
	528 : 04;
	529 : 04;
	52A : 04;
	52B : 04;
	52C : 04;
	52D : 04;
	52E : 04;
	52F : 04;
	530 : 04;
	531 : 04;
	532 : 04;
	533 : 04;
	534 : 04;
	535 : 04;
	536 : 04;
	537 : 04;
	538 : 04;
	539 : 04;
	53A : 04;
	53B : 04;
	53C : 04;
	53D : 04;
	53E : 00;
	53F : 00;
	540 : 24;
	541 : 24;
	542 : 04;
	543 : 04;
	544 : 04;
	545 : 04;
	546 : 04;
	547 : 04;
	548 : 04;
	549 : 04;
	54A : 24;
	54B : 04;
	54C : 04;
	54D : 04;
	54E : 04;
	54F : 04;
	550 : 04;
	551 : 04;
	552 : 04;
	553 : 04;
	554 : 04;
	555 : 04;
	556 : 04;
	557 : 04;
	558 : 04;
	559 : 04;
	55A : 04;
	55B : 04;
	55C : 04;
	55D : 04;
	55E : 04;
	55F : 04;
	560 : 04;
	561 : 04;
	562 : 04;
	563 : 04;
	564 : 04;
	565 : 04;
	566 : 04;
	567 : 04;
	568 : 04;
	569 : 04;
	56A : 04;
	56B : 04;
	56C : 04;
	56D : 04;
	56E : 04;
	56F : 04;
	570 : 04;
	571 : 04;
	572 : 04;
	573 : 04;
	574 : 04;
	575 : 04;
	576 : 04;
	577 : 04;
	578 : 04;
	579 : 04;
	57A : 04;
	57B : 04;
	57C : 04;
	57D : 04;
	57E : 00;
	57F : 00;
	580 : 24;
	581 : 24;
	582 : 24;
	583 : 04;
	584 : 04;
	585 : 04;
	586 : 04;
	587 : 04;
	588 : 04;
	589 : 04;
	58A : 04;
	58B : 04;
	58C : 04;
	58D : 04;
	58E : 04;
	58F : 04;
	590 : 04;
	591 : 04;
	592 : 04;
	593 : 04;
	594 : 04;
	595 : 04;
	596 : 04;
	597 : 04;
	598 : 04;
	599 : 04;
	59A : 04;
	59B : 04;
	59C : 04;
	59D : 04;
	59E : 04;
	59F : 04;
	5A0 : 04;
	5A1 : 04;
	5A2 : 04;
	5A3 : 04;
	5A4 : 04;
	5A5 : 04;
	5A6 : 04;
	5A7 : 04;
	5A8 : 04;
	5A9 : 04;
	5AA : 04;
	5AB : 04;
	5AC : 04;
	5AD : 04;
	5AE : 04;
	5AF : 04;
	5B0 : 04;
	5B1 : 04;
	5B2 : 04;
	5B3 : 04;
	5B4 : 04;
	5B5 : 04;
	5B6 : 04;
	5B7 : 04;
	5B8 : 04;
	5B9 : 04;
	5BA : 04;
	5BB : 04;
	5BC : 04;
	5BD : 00;
	5BE : 00;
	5BF : 00;
	5C0 : 24;
	5C1 : 24;
	5C2 : 24;
	5C3 : 04;
	5C4 : 04;
	5C5 : 04;
	5C6 : 04;
	5C7 : 04;
	5C8 : 24;
	5C9 : 24;
	5CA : 04;
	5CB : 04;
	5CC : 04;
	5CD : 04;
	5CE : 04;
	5CF : 04;
	5D0 : 04;
	5D1 : 04;
	5D2 : 04;
	5D3 : 04;
	5D4 : 04;
	5D5 : 04;
	5D6 : 04;
	5D7 : 04;
	5D8 : 04;
	5D9 : 04;
	5DA : 04;
	5DB : 04;
	5DC : 04;
	5DD : 04;
	5DE : 04;
	5DF : 04;
	5E0 : 04;
	5E1 : 04;
	5E2 : 04;
	5E3 : 04;
	5E4 : 04;
	5E5 : 04;
	5E6 : 04;
	5E7 : 04;
	5E8 : 04;
	5E9 : 04;
	5EA : 04;
	5EB : 04;
	5EC : 04;
	5ED : 04;
	5EE : 04;
	5EF : 04;
	5F0 : 04;
	5F1 : 04;
	5F2 : 04;
	5F3 : 04;
	5F4 : 04;
	5F5 : 04;
	5F6 : 04;
	5F7 : 04;
	5F8 : 04;
	5F9 : 04;
	5FA : 04;
	5FB : 04;
	5FC : 00;
	5FD : 00;
	5FE : 00;
	5FF : 00;
	600 : 24;
	601 : 24;
	602 : 24;
	603 : 24;
	604 : 04;
	605 : 24;
	606 : 24;
	607 : 04;
	608 : 00;
	609 : 00;
	60A : 24;
	60B : 24;
	60C : 04;
	60D : 04;
	60E : 04;
	60F : 04;
	610 : 04;
	611 : 04;
	612 : 04;
	613 : 04;
	614 : 04;
	615 : 04;
	616 : 04;
	617 : 04;
	618 : 04;
	619 : 04;
	61A : 04;
	61B : 04;
	61C : 04;
	61D : 04;
	61E : 04;
	61F : 04;
	620 : 04;
	621 : 04;
	622 : 04;
	623 : 04;
	624 : 04;
	625 : 04;
	626 : 04;
	627 : 04;
	628 : 04;
	629 : 04;
	62A : 04;
	62B : 04;
	62C : 04;
	62D : 04;
	62E : 04;
	62F : 04;
	630 : 04;
	631 : 04;
	632 : 04;
	633 : 04;
	634 : 04;
	635 : 04;
	636 : 04;
	637 : 04;
	638 : 04;
	639 : 04;
	63A : 04;
	63B : 04;
	63C : 00;
	63D : 00;
	63E : 00;
	63F : 00;
	640 : 24;
	641 : 24;
	642 : 24;
	643 : 24;
	644 : 04;
	645 : 24;
	646 : 24;
	647 : 04;
	648 : 00;
	649 : 00;
	64A : 24;
	64B : 24;
	64C : 04;
	64D : 04;
	64E : 04;
	64F : 04;
	650 : 04;
	651 : 04;
	652 : 04;
	653 : 04;
	654 : 04;
	655 : 04;
	656 : 24;
	657 : 24;
	658 : 24;
	659 : 04;
	65A : 04;
	65B : 04;
	65C : 04;
	65D : 04;
	65E : 04;
	65F : 04;
	660 : 04;
	661 : 04;
	662 : 04;
	663 : 04;
	664 : 04;
	665 : 04;
	666 : 04;
	667 : 04;
	668 : 04;
	669 : 04;
	66A : 04;
	66B : 04;
	66C : 04;
	66D : 04;
	66E : 04;
	66F : 04;
	670 : 04;
	671 : 04;
	672 : 04;
	673 : 04;
	674 : 04;
	675 : 04;
	676 : 04;
	677 : 04;
	678 : 04;
	679 : 04;
	67A : 04;
	67B : 04;
	67C : 04;
	67D : 00;
	67E : 00;
	67F : 00;
	680 : 24;
	681 : 24;
	682 : 04;
	683 : 24;
	684 : 24;
	685 : 04;
	686 : 00;
	687 : 00;
	688 : 00;
	689 : 00;
	68A : 24;
	68B : 24;
	68C : 04;
	68D : 04;
	68E : 24;
	68F : 04;
	690 : 04;
	691 : 04;
	692 : 04;
	693 : 04;
	694 : 04;
	695 : 04;
	696 : 00;
	697 : 00;
	698 : 24;
	699 : 24;
	69A : 24;
	69B : 24;
	69C : 24;
	69D : 24;
	69E : 24;
	69F : 24;
	6A0 : 24;
	6A1 : 24;
	6A2 : 24;
	6A3 : 24;
	6A4 : 24;
	6A5 : 24;
	6A6 : 24;
	6A7 : 24;
	6A8 : 24;
	6A9 : 24;
	6AA : 24;
	6AB : 24;
	6AC : 24;
	6AD : 24;
	6AE : 24;
	6AF : 24;
	6B0 : 24;
	6B1 : 04;
	6B2 : 24;
	6B3 : 24;
	6B4 : 24;
	6B5 : 24;
	6B6 : 24;
	6B7 : 24;
	6B8 : 24;
	6B9 : 24;
	6BA : 24;
	6BB : 04;
	6BC : 00;
	6BD : 00;
	6BE : 00;
	6BF : 00;
	6C0 : 00;
	6C1 : 00;
	6C2 : 00;
	6C3 : 00;
	6C4 : 00;
	6C5 : 00;
	6C6 : 00;
	6C7 : 00;
	6C8 : 00;
	6C9 : 00;
	6CA : 00;
	6CB : 00;
	6CC : 00;
	6CD : 00;
	6CE : 00;
	6CF : 00;
	6D0 : 00;
	6D1 : 00;
	6D2 : 00;
	6D3 : 00;
	6D4 : 00;
	6D5 : 00;
	6D6 : 00;
	6D7 : 00;
	6D8 : 00;
	6D9 : 00;
	6DA : 00;
	6DB : 00;
	6DC : 00;
	6DD : 00;
	6DE : 00;
	6DF : 00;
	6E0 : 00;
	6E1 : 00;
	6E2 : 00;
	6E3 : 00;
	6E4 : 00;
	6E5 : 00;
	6E6 : 00;
	6E7 : 00;
	6E8 : 00;
	6E9 : 00;
	6EA : 00;
	6EB : 00;
	6EC : 00;
	6ED : 00;
	6EE : 00;
	6EF : 00;
	6F0 : 00;
	6F1 : 00;
	6F2 : 00;
	6F3 : 00;
	6F4 : 00;
	6F5 : 00;
	6F6 : 00;
	6F7 : 00;
	6F8 : 00;
	6F9 : 00;
	6FA : 00;
	6FB : 00;
	6FC : 00;
	6FD : 00;
	6FE : 00;
	6FF : 00;
	700 : 00;
	701 : 00;
	702 : 00;
	703 : 00;
	704 : 00;
	705 : 00;
	706 : 00;
	707 : 00;
	708 : 00;
	709 : 00;
	70A : 00;
	70B : 00;
	70C : 00;
	70D : 00;
	70E : 00;
	70F : 00;
	710 : 00;
	711 : 00;
	712 : 00;
	713 : 00;
	714 : 00;
	715 : 00;
	716 : 00;
	717 : 00;
	718 : 00;
	719 : 00;
	71A : 00;
	71B : 00;
	71C : 00;
	71D : 00;
	71E : 00;
	71F : 00;
	720 : 00;
	721 : 00;
	722 : 00;
	723 : 00;
	724 : 00;
	725 : 00;
	726 : 00;
	727 : 00;
	728 : 00;
	729 : 00;
	72A : 00;
	72B : 00;
	72C : 00;
	72D : 00;
	72E : 00;
	72F : 00;
	730 : 00;
	731 : 00;
	732 : 00;
	733 : 00;
	734 : 00;
	735 : 00;
	736 : 00;
	737 : 00;
	738 : 00;
	739 : 00;
	73A : 00;
	73B : 00;
	73C : 00;
	73D : 00;
	73E : 00;
	73F : 00;
	740 : 00;
	741 : 00;
	742 : 00;
	743 : 00;
	744 : 24;
	745 : 24;
	746 : 24;
	747 : 24;
	748 : 24;
	749 : 24;
	74A : 24;
	74B : 24;
	74C : 24;
	74D : 24;
	74E : 24;
	74F : 24;
	750 : 24;
	751 : 24;
	752 : 24;
	753 : 24;
	754 : 24;
	755 : 24;
	756 : 24;
	757 : 24;
	758 : 24;
	759 : 24;
	75A : 24;
	75B : 24;
	75C : 00;
	75D : 00;
	75E : 00;
	75F : 00;
	760 : 00;
	761 : 00;
	762 : 00;
	763 : 00;
	764 : 24;
	765 : 24;
	766 : 24;
	767 : 24;
	768 : 24;
	769 : 24;
	76A : 24;
	76B : 24;
	76C : 24;
	76D : 24;
	76E : 24;
	76F : 24;
	770 : 24;
	771 : 24;
	772 : 24;
	773 : 24;
	774 : 24;
	775 : 24;
	776 : 24;
	777 : 24;
	778 : 24;
	779 : 24;
	77A : 24;
	77B : 24;
	77C : 24;
	77D : 00;
	77E : 00;
	77F : 00;
	780 : 00;
	781 : 00;
	782 : 00;
	783 : 00;
	784 : 24;
	785 : 24;
	786 : 24;
	787 : 24;
	788 : 24;
	789 : 24;
	78A : 24;
	78B : 24;
	78C : 24;
	78D : 24;
	78E : 24;
	78F : 24;
	790 : 24;
	791 : 24;
	792 : 24;
	793 : 24;
	794 : 24;
	795 : 24;
	796 : 24;
	797 : 24;
	798 : 24;
	799 : 24;
	79A : 24;
	79B : 24;
	79C : 00;
	79D : 00;
	79E : 00;
	79F : 00;
	7A0 : 00;
	7A1 : 00;
	7A2 : 00;
	7A3 : 00;
	7A4 : 24;
	7A5 : 24;
	7A6 : 24;
	7A7 : 24;
	7A8 : 24;
	7A9 : 24;
	7AA : 24;
	7AB : 24;
	7AC : 24;
	7AD : 24;
	7AE : 24;
	7AF : 24;
	7B0 : 24;
	7B1 : 24;
	7B2 : 24;
	7B3 : 24;
	7B4 : 24;
	7B5 : 24;
	7B6 : 24;
	7B7 : 24;
	7B8 : 24;
	7B9 : 24;
	7BA : 24;
	7BB : 24;
	7BC : 24;
	7BD : 00;
	7BE : 00;
	7BF : 00;
	7C0 : 00;
	7C1 : 00;
	7C2 : 24;
	7C3 : 24;
	7C4 : 24;
	7C5 : 24;
	7C6 : 04;
	7C7 : 04;
	7C8 : 04;
	7C9 : 04;
	7CA : 04;
	7CB : 04;
	7CC : 24;
	7CD : 24;
	7CE : 24;
	7CF : 24;
	7D0 : 24;
	7D1 : 04;
	7D2 : 04;
	7D3 : 04;
	7D4 : 04;
	7D5 : 04;
	7D6 : 24;
	7D7 : 24;
	7D8 : 04;
	7D9 : 24;
	7DA : 24;
	7DB : 24;
	7DC : 00;
	7DD : 00;
	7DE : 00;
	7DF : 00;
	7E0 : 00;
	7E1 : 00;
	7E2 : 24;
	7E3 : 24;
	7E4 : 24;
	7E5 : 04;
	7E6 : 04;
	7E7 : 04;
	7E8 : 04;
	7E9 : 04;
	7EA : 04;
	7EB : 04;
	7EC : 24;
	7ED : 24;
	7EE : 24;
	7EF : 24;
	7F0 : 24;
	7F1 : 04;
	7F2 : 04;
	7F3 : 04;
	7F4 : 04;
	7F5 : 04;
	7F6 : 04;
	7F7 : 04;
	7F8 : 24;
	7F9 : 24;
	7FA : 24;
	7FB : 04;
	7FC : 00;
	7FD : 00;
	7FE : 00;
	7FF : 00;
	800 : 00;
	801 : 00;
	802 : 24;
	803 : 24;
	804 : 24;
	805 : 04;
	806 : 04;
	807 : 04;
	808 : 04;
	809 : 04;
	80A : 24;
	80B : 24;
	80C : 24;
	80D : 24;
	80E : 24;
	80F : 24;
	810 : 24;
	811 : 04;
	812 : 04;
	813 : 04;
	814 : 04;
	815 : 04;
	816 : 24;
	817 : 24;
	818 : 04;
	819 : 04;
	81A : 04;
	81B : 04;
	81C : 00;
	81D : 00;
	81E : 00;
	81F : 00;
	820 : 00;
	821 : 00;
	822 : 24;
	823 : 04;
	824 : 04;
	825 : 04;
	826 : 04;
	827 : 04;
	828 : 04;
	829 : 04;
	82A : 04;
	82B : 04;
	82C : 24;
	82D : 24;
	82E : 24;
	82F : 24;
	830 : 04;
	831 : 04;
	832 : 04;
	833 : 04;
	834 : 04;
	835 : 04;
	836 : 04;
	837 : 04;
	838 : 24;
	839 : 24;
	83A : 24;
	83B : 04;
	83C : 00;
	83D : 00;
	83E : 00;
	83F : 00;
	840 : 24;
	841 : 24;
	842 : 24;
	843 : 04;
	844 : 04;
	845 : 04;
	846 : 04;
	847 : 04;
	848 : 04;
	849 : 04;
	84A : 24;
	84B : 24;
	84C : 24;
	84D : 04;
	84E : 04;
	84F : 04;
	850 : 04;
	851 : 04;
	852 : 04;
	853 : 04;
	854 : 04;
	855 : 04;
	856 : 24;
	857 : 24;
	858 : 04;
	859 : 04;
	85A : 04;
	85B : 04;
	85C : 04;
	85D : 24;
	85E : 00;
	85F : 00;
	860 : 24;
	861 : 24;
	862 : 24;
	863 : 04;
	864 : 04;
	865 : 04;
	866 : 04;
	867 : 04;
	868 : 04;
	869 : 04;
	86A : 04;
	86B : 04;
	86C : 04;
	86D : 24;
	86E : 24;
	86F : 04;
	870 : 04;
	871 : 04;
	872 : 04;
	873 : 04;
	874 : 04;
	875 : 04;
	876 : 04;
	877 : 04;
	878 : 04;
	879 : 04;
	87A : 24;
	87B : 04;
	87C : 00;
	87D : 00;
	87E : 00;
	87F : 00;
	880 : 24;
	881 : 24;
	882 : 04;
	883 : 04;
	884 : 04;
	885 : 04;
	886 : 04;
	887 : 04;
	888 : 04;
	889 : 04;
	88A : 04;
	88B : 04;
	88C : 04;
	88D : 04;
	88E : 04;
	88F : 04;
	890 : 04;
	891 : 04;
	892 : 04;
	893 : 04;
	894 : 04;
	895 : 04;
	896 : 04;
	897 : 04;
	898 : 04;
	899 : 04;
	89A : 04;
	89B : 04;
	89C : 04;
	89D : 04;
	89E : 00;
	89F : 00;
	8A0 : 24;
	8A1 : 24;
	8A2 : 24;
	8A3 : 24;
	8A4 : 24;
	8A5 : 04;
	8A6 : 04;
	8A7 : 04;
	8A8 : 04;
	8A9 : 04;
	8AA : 04;
	8AB : 04;
	8AC : 04;
	8AD : 04;
	8AE : 04;
	8AF : 04;
	8B0 : 04;
	8B1 : 04;
	8B2 : 04;
	8B3 : 04;
	8B4 : 04;
	8B5 : 04;
	8B6 : 04;
	8B7 : 04;
	8B8 : 24;
	8B9 : 24;
	8BA : 24;
	8BB : 24;
	8BC : 00;
	8BD : 00;
	8BE : 00;
	8BF : 00;
	8C0 : 24;
	8C1 : 24;
	8C2 : 04;
	8C3 : 04;
	8C4 : 04;
	8C5 : 04;
	8C6 : 04;
	8C7 : 04;
	8C8 : 04;
	8C9 : 04;
	8CA : 04;
	8CB : 04;
	8CC : 04;
	8CD : 04;
	8CE : 04;
	8CF : 04;
	8D0 : 04;
	8D1 : 04;
	8D2 : 04;
	8D3 : 04;
	8D4 : 04;
	8D5 : 04;
	8D6 : 04;
	8D7 : 04;
	8D8 : 04;
	8D9 : 04;
	8DA : 04;
	8DB : 04;
	8DC : 04;
	8DD : 04;
	8DE : 00;
	8DF : 00;
	8E0 : 00;
	8E1 : 00;
	8E2 : 00;
	8E3 : 00;
	8E4 : 24;
	8E5 : 04;
	8E6 : 04;
	8E7 : 04;
	8E8 : 04;
	8E9 : 04;
	8EA : 04;
	8EB : 04;
	8EC : 04;
	8ED : 04;
	8EE : 04;
	8EF : 04;
	8F0 : 04;
	8F1 : 04;
	8F2 : 04;
	8F3 : 04;
	8F4 : 04;
	8F5 : 04;
	8F6 : 04;
	8F7 : 04;
	8F8 : 00;
	8F9 : 00;
	8FA : 00;
	8FB : 00;
	8FC : 00;
	8FD : 00;
	8FE : 00;
	8FF : 00;
	900 : 24;
	901 : 24;
	902 : 04;
	903 : 04;
	904 : 04;
	905 : 04;
	906 : 04;
	907 : 04;
	908 : 04;
	909 : 04;
	90A : 24;
	90B : 04;
	90C : 24;
	90D : 24;
	90E : 24;
	90F : 24;
	910 : 24;
	911 : 04;
	912 : 04;
	913 : 04;
	914 : 04;
	915 : 04;
	916 : 04;
	917 : 04;
	918 : 04;
	919 : 04;
	91A : 04;
	91B : 04;
	91C : 04;
	91D : 04;
	91E : 00;
	91F : 00;
	920 : 00;
	921 : 00;
	922 : 00;
	923 : 00;
	924 : 24;
	925 : 24;
	926 : 04;
	927 : 04;
	928 : 04;
	929 : 04;
	92A : 04;
	92B : 04;
	92C : 04;
	92D : 04;
	92E : 04;
	92F : 04;
	930 : 04;
	931 : 04;
	932 : 04;
	933 : 04;
	934 : 04;
	935 : 04;
	936 : 04;
	937 : 04;
	938 : 00;
	939 : 00;
	93A : 00;
	93B : 00;
	93C : 00;
	93D : 00;
	93E : 00;
	93F : 00;
	940 : 24;
	941 : 24;
	942 : 24;
	943 : 24;
	944 : 04;
	945 : 04;
	946 : 04;
	947 : 04;
	948 : 04;
	949 : 04;
	94A : 24;
	94B : 24;
	94C : 00;
	94D : 00;
	94E : 00;
	94F : 00;
	950 : 00;
	951 : 00;
	952 : 24;
	953 : 04;
	954 : 04;
	955 : 04;
	956 : 04;
	957 : 04;
	958 : 04;
	959 : 04;
	95A : 04;
	95B : 04;
	95C : 04;
	95D : 24;
	95E : 00;
	95F : 00;
	960 : 24;
	961 : 24;
	962 : 00;
	963 : 00;
	964 : 00;
	965 : 00;
	966 : 24;
	967 : 24;
	968 : 24;
	969 : 04;
	96A : 04;
	96B : 04;
	96C : 04;
	96D : 04;
	96E : 04;
	96F : 04;
	970 : 04;
	971 : 04;
	972 : 04;
	973 : 04;
	974 : 04;
	975 : 04;
	976 : 04;
	977 : 04;
	978 : 04;
	979 : 24;
	97A : 00;
	97B : 00;
	97C : 00;
	97D : 00;
	97E : 00;
	97F : 00;
	980 : 24;
	981 : 24;
	982 : 24;
	983 : 24;
	984 : 04;
	985 : 04;
	986 : 04;
	987 : 04;
	988 : 04;
	989 : 04;
	98A : 04;
	98B : 24;
	98C : 00;
	98D : 00;
	98E : 00;
	98F : 00;
	990 : 00;
	991 : 00;
	992 : 24;
	993 : 04;
	994 : 04;
	995 : 04;
	996 : 04;
	997 : 04;
	998 : 04;
	999 : 04;
	99A : 04;
	99B : 04;
	99C : 04;
	99D : 04;
	99E : 00;
	99F : 00;
	9A0 : 24;
	9A1 : 24;
	9A2 : 00;
	9A3 : 00;
	9A4 : 00;
	9A5 : 00;
	9A6 : 24;
	9A7 : 24;
	9A8 : 04;
	9A9 : 24;
	9AA : 04;
	9AB : 04;
	9AC : 04;
	9AD : 04;
	9AE : 04;
	9AF : 04;
	9B0 : 04;
	9B1 : 04;
	9B2 : 04;
	9B3 : 04;
	9B4 : 04;
	9B5 : 04;
	9B6 : 04;
	9B7 : 04;
	9B8 : 04;
	9B9 : 04;
	9BA : 00;
	9BB : 00;
	9BC : 00;
	9BD : 00;
	9BE : 00;
	9BF : 00;
	9C0 : 24;
	9C1 : 24;
	9C2 : 24;
	9C3 : 04;
	9C4 : 04;
	9C5 : 04;
	9C6 : 04;
	9C7 : 04;
	9C8 : 04;
	9C9 : 04;
	9CA : 04;
	9CB : 24;
	9CC : 00;
	9CD : 00;
	9CE : 00;
	9CF : 00;
	9D0 : 24;
	9D1 : 24;
	9D2 : 04;
	9D3 : 04;
	9D4 : 04;
	9D5 : 04;
	9D6 : 04;
	9D7 : 04;
	9D8 : 04;
	9D9 : 04;
	9DA : 04;
	9DB : 04;
	9DC : 04;
	9DD : 04;
	9DE : 00;
	9DF : 00;
	9E0 : 24;
	9E1 : 24;
	9E2 : 24;
	9E3 : 24;
	9E4 : 24;
	9E5 : 24;
	9E6 : 24;
	9E7 : 04;
	9E8 : 04;
	9E9 : 04;
	9EA : 04;
	9EB : 04;
	9EC : 04;
	9ED : 04;
	9EE : 04;
	9EF : 04;
	9F0 : 04;
	9F1 : 04;
	9F2 : 04;
	9F3 : 04;
	9F4 : 04;
	9F5 : 04;
	9F6 : 04;
	9F7 : 04;
	9F8 : 04;
	9F9 : 04;
	9FA : 04;
	9FB : 04;
	9FC : 00;
	9FD : 00;
	9FE : 00;
	9FF : 00;
	A00 : 24;
	A01 : 24;
	A02 : 04;
	A03 : 04;
	A04 : 04;
	A05 : 04;
	A06 : 04;
	A07 : 04;
	A08 : 04;
	A09 : 04;
	A0A : 24;
	A0B : 24;
	A0C : 00;
	A0D : 00;
	A0E : 00;
	A0F : 00;
	A10 : 24;
	A11 : 04;
	A12 : 04;
	A13 : 04;
	A14 : 04;
	A15 : 04;
	A16 : 04;
	A17 : 04;
	A18 : 04;
	A19 : 04;
	A1A : 04;
	A1B : 04;
	A1C : 04;
	A1D : 04;
	A1E : 00;
	A1F : 00;
	A20 : 24;
	A21 : 24;
	A22 : 24;
	A23 : 24;
	A24 : 24;
	A25 : 24;
	A26 : 04;
	A27 : 04;
	A28 : 04;
	A29 : 04;
	A2A : 04;
	A2B : 04;
	A2C : 04;
	A2D : 04;
	A2E : 04;
	A2F : 04;
	A30 : 04;
	A31 : 04;
	A32 : 04;
	A33 : 04;
	A34 : 04;
	A35 : 04;
	A36 : 04;
	A37 : 04;
	A38 : 04;
	A39 : 04;
	A3A : 04;
	A3B : 04;
	A3C : 04;
	A3D : 00;
	A3E : 00;
	A3F : 00;
	A40 : 24;
	A41 : 24;
	A42 : 04;
	A43 : 04;
	A44 : 04;
	A45 : 04;
	A46 : 04;
	A47 : 04;
	A48 : 04;
	A49 : 04;
	A4A : 04;
	A4B : 04;
	A4C : 24;
	A4D : 24;
	A4E : 24;
	A4F : 24;
	A50 : 24;
	A51 : 04;
	A52 : 04;
	A53 : 04;
	A54 : 04;
	A55 : 04;
	A56 : 04;
	A57 : 04;
	A58 : 04;
	A59 : 04;
	A5A : 04;
	A5B : 04;
	A5C : 04;
	A5D : 04;
	A5E : 00;
	A5F : 00;
	A60 : 24;
	A61 : 24;
	A62 : 24;
	A63 : 04;
	A64 : 04;
	A65 : 04;
	A66 : 04;
	A67 : 04;
	A68 : 04;
	A69 : 04;
	A6A : 04;
	A6B : 04;
	A6C : 04;
	A6D : 04;
	A6E : 04;
	A6F : 04;
	A70 : 04;
	A71 : 04;
	A72 : 04;
	A73 : 04;
	A74 : 04;
	A75 : 04;
	A76 : 04;
	A77 : 04;
	A78 : 04;
	A79 : 04;
	A7A : 04;
	A7B : 04;
	A7C : 04;
	A7D : 00;
	A7E : 00;
	A7F : 00;
	A80 : 24;
	A81 : 24;
	A82 : 04;
	A83 : 04;
	A84 : 04;
	A85 : 04;
	A86 : 04;
	A87 : 04;
	A88 : 04;
	A89 : 04;
	A8A : 04;
	A8B : 04;
	A8C : 04;
	A8D : 04;
	A8E : 04;
	A8F : 24;
	A90 : 04;
	A91 : 04;
	A92 : 04;
	A93 : 04;
	A94 : 04;
	A95 : 04;
	A96 : 04;
	A97 : 04;
	A98 : 04;
	A99 : 04;
	A9A : 04;
	A9B : 04;
	A9C : 04;
	A9D : 04;
	A9E : 00;
	A9F : 00;
	AA0 : 24;
	AA1 : 24;
	AA2 : 04;
	AA3 : 04;
	AA4 : 04;
	AA5 : 04;
	AA6 : 04;
	AA7 : 04;
	AA8 : 04;
	AA9 : 04;
	AAA : 04;
	AAB : 04;
	AAC : 04;
	AAD : 04;
	AAE : 04;
	AAF : 04;
	AB0 : 04;
	AB1 : 04;
	AB2 : 04;
	AB3 : 04;
	AB4 : 04;
	AB5 : 04;
	AB6 : 04;
	AB7 : 04;
	AB8 : 04;
	AB9 : 04;
	ABA : 04;
	ABB : 04;
	ABC : 04;
	ABD : 04;
	ABE : 00;
	ABF : 00;
	AC0 : 24;
	AC1 : 24;
	AC2 : 04;
	AC3 : 04;
	AC4 : 04;
	AC5 : 04;
	AC6 : 04;
	AC7 : 04;
	AC8 : 04;
	AC9 : 04;
	ACA : 04;
	ACB : 04;
	ACC : 04;
	ACD : 04;
	ACE : 04;
	ACF : 24;
	AD0 : 04;
	AD1 : 04;
	AD2 : 04;
	AD3 : 04;
	AD4 : 04;
	AD5 : 04;
	AD6 : 04;
	AD7 : 04;
	AD8 : 04;
	AD9 : 04;
	ADA : 04;
	ADB : 04;
	ADC : 04;
	ADD : 04;
	ADE : 00;
	ADF : 00;
	AE0 : 24;
	AE1 : 24;
	AE2 : 04;
	AE3 : 04;
	AE4 : 04;
	AE5 : 04;
	AE6 : 04;
	AE7 : 04;
	AE8 : 04;
	AE9 : 04;
	AEA : 04;
	AEB : 04;
	AEC : 04;
	AED : 04;
	AEE : 04;
	AEF : 04;
	AF0 : 04;
	AF1 : 04;
	AF2 : 04;
	AF3 : 04;
	AF4 : 04;
	AF5 : 04;
	AF6 : 04;
	AF7 : 04;
	AF8 : 04;
	AF9 : 04;
	AFA : 04;
	AFB : 04;
	AFC : 04;
	AFD : 24;
	AFE : 00;
	AFF : 00;
	B00 : 24;
	B01 : 24;
	B02 : 04;
	B03 : 04;
	B04 : 04;
	B05 : 04;
	B06 : 04;
	B07 : 04;
	B08 : 04;
	B09 : 04;
	B0A : 04;
	B0B : 04;
	B0C : 04;
	B0D : 04;
	B0E : 04;
	B0F : 04;
	B10 : 04;
	B11 : 04;
	B12 : 04;
	B13 : 04;
	B14 : 04;
	B15 : 04;
	B16 : 04;
	B17 : 04;
	B18 : 04;
	B19 : 04;
	B1A : 04;
	B1B : 04;
	B1C : 04;
	B1D : 24;
	B1E : 00;
	B1F : 00;
	B20 : 24;
	B21 : 24;
	B22 : 04;
	B23 : 04;
	B24 : 04;
	B25 : 04;
	B26 : 04;
	B27 : 04;
	B28 : 04;
	B29 : 04;
	B2A : 04;
	B2B : 04;
	B2C : 04;
	B2D : 04;
	B2E : 04;
	B2F : 04;
	B30 : 04;
	B31 : 04;
	B32 : 04;
	B33 : 04;
	B34 : 04;
	B35 : 04;
	B36 : 04;
	B37 : 04;
	B38 : 04;
	B39 : 04;
	B3A : 04;
	B3B : 04;
	B3C : 04;
	B3D : 04;
	B3E : 00;
	B3F : 00;
	B40 : 24;
	B41 : 24;
	B42 : 04;
	B43 : 04;
	B44 : 04;
	B45 : 04;
	B46 : 04;
	B47 : 04;
	B48 : 04;
	B49 : 04;
	B4A : 04;
	B4B : 04;
	B4C : 04;
	B4D : 04;
	B4E : 04;
	B4F : 04;
	B50 : 04;
	B51 : 04;
	B52 : 04;
	B53 : 04;
	B54 : 04;
	B55 : 04;
	B56 : 04;
	B57 : 04;
	B58 : 04;
	B59 : 04;
	B5A : 04;
	B5B : 04;
	B5C : 04;
	B5D : 04;
	B5E : 00;
	B5F : 00;
	B60 : 24;
	B61 : 24;
	B62 : 04;
	B63 : 04;
	B64 : 04;
	B65 : 04;
	B66 : 04;
	B67 : 04;
	B68 : 04;
	B69 : 04;
	B6A : 04;
	B6B : 04;
	B6C : 04;
	B6D : 04;
	B6E : 04;
	B6F : 04;
	B70 : 04;
	B71 : 04;
	B72 : 04;
	B73 : 04;
	B74 : 04;
	B75 : 04;
	B76 : 04;
	B77 : 04;
	B78 : 04;
	B79 : 04;
	B7A : 04;
	B7B : 04;
	B7C : 04;
	B7D : 04;
	B7E : 00;
	B7F : 00;
	B80 : 24;
	B81 : 24;
	B82 : 04;
	B83 : 04;
	B84 : 04;
	B85 : 04;
	B86 : 04;
	B87 : 04;
	B88 : 04;
	B89 : 04;
	B8A : 04;
	B8B : 04;
	B8C : 04;
	B8D : 04;
	B8E : 04;
	B8F : 04;
	B90 : 04;
	B91 : 04;
	B92 : 04;
	B93 : 04;
	B94 : 04;
	B95 : 04;
	B96 : 04;
	B97 : 04;
	B98 : 04;
	B99 : 04;
	B9A : 04;
	B9B : 04;
	B9C : 04;
	B9D : 24;
	B9E : 00;
	B9F : 00;
	BA0 : 24;
	BA1 : 24;
	BA2 : 04;
	BA3 : 04;
	BA4 : 04;
	BA5 : 04;
	BA6 : 04;
	BA7 : 04;
	BA8 : 04;
	BA9 : 04;
	BAA : 04;
	BAB : 04;
	BAC : 04;
	BAD : 04;
	BAE : 04;
	BAF : 04;
	BB0 : 04;
	BB1 : 04;
	BB2 : 04;
	BB3 : 04;
	BB4 : 04;
	BB5 : 04;
	BB6 : 04;
	BB7 : 04;
	BB8 : 04;
	BB9 : 04;
	BBA : 04;
	BBB : 04;
	BBC : 04;
	BBD : 04;
	BBE : 00;
	BBF : 00;
	BC0 : 24;
	BC1 : 24;
	BC2 : 04;
	BC3 : 04;
	BC4 : 04;
	BC5 : 04;
	BC6 : 04;
	BC7 : 04;
	BC8 : 04;
	BC9 : 04;
	BCA : 04;
	BCB : 04;
	BCC : 04;
	BCD : 04;
	BCE : 04;
	BCF : 04;
	BD0 : 04;
	BD1 : 04;
	BD2 : 04;
	BD3 : 04;
	BD4 : 04;
	BD5 : 04;
	BD6 : 04;
	BD7 : 04;
	BD8 : 04;
	BD9 : 04;
	BDA : 04;
	BDB : 04;
	BDC : 04;
	BDD : 04;
	BDE : 00;
	BDF : 00;
	BE0 : 24;
	BE1 : 24;
	BE2 : 04;
	BE3 : 04;
	BE4 : 24;
	BE5 : 04;
	BE6 : 04;
	BE7 : 04;
	BE8 : 04;
	BE9 : 04;
	BEA : 04;
	BEB : 04;
	BEC : 04;
	BED : 04;
	BEE : 04;
	BEF : 04;
	BF0 : 04;
	BF1 : 04;
	BF2 : 04;
	BF3 : 04;
	BF4 : 04;
	BF5 : 04;
	BF6 : 04;
	BF7 : 04;
	BF8 : 04;
	BF9 : 04;
	BFA : 04;
	BFB : 04;
	BFC : 04;
	BFD : 04;
	BFE : 00;
	BFF : 00;
	C00 : 24;
	C01 : 24;
	C02 : 04;
	C03 : 04;
	C04 : 04;
	C05 : 04;
	C06 : 04;
	C07 : 04;
	C08 : 04;
	C09 : 04;
	C0A : 04;
	C0B : 04;
	C0C : 04;
	C0D : 04;
	C0E : 04;
	C0F : 04;
	C10 : 04;
	C11 : 04;
	C12 : 04;
	C13 : 04;
	C14 : 04;
	C15 : 04;
	C16 : 04;
	C17 : 04;
	C18 : 04;
	C19 : 04;
	C1A : 04;
	C1B : 04;
	C1C : 04;
	C1D : 04;
	C1E : 00;
	C1F : 00;
	C20 : 24;
	C21 : 24;
	C22 : 04;
	C23 : 24;
	C24 : 24;
	C25 : 24;
	C26 : 00;
	C27 : 04;
	C28 : 04;
	C29 : 04;
	C2A : 04;
	C2B : 04;
	C2C : 04;
	C2D : 04;
	C2E : 04;
	C2F : 04;
	C30 : 04;
	C31 : 04;
	C32 : 04;
	C33 : 04;
	C34 : 04;
	C35 : 04;
	C36 : 04;
	C37 : 04;
	C38 : 04;
	C39 : 04;
	C3A : 04;
	C3B : 04;
	C3C : 04;
	C3D : 04;
	C3E : 00;
	C3F : 00;
	C40 : 24;
	C41 : 24;
	C42 : 04;
	C43 : 04;
	C44 : 04;
	C45 : 04;
	C46 : 04;
	C47 : 04;
	C48 : 04;
	C49 : 04;
	C4A : 04;
	C4B : 04;
	C4C : 04;
	C4D : 04;
	C4E : 04;
	C4F : 04;
	C50 : 04;
	C51 : 04;
	C52 : 04;
	C53 : 04;
	C54 : 04;
	C55 : 04;
	C56 : 04;
	C57 : 04;
	C58 : 04;
	C59 : 04;
	C5A : 04;
	C5B : 04;
	C5C : 04;
	C5D : 04;
	C5E : 00;
	C5F : 00;
	C60 : 24;
	C61 : 24;
	C62 : 04;
	C63 : 24;
	C64 : 24;
	C65 : 24;
	C66 : 04;
	C67 : 04;
	C68 : 04;
	C69 : 04;
	C6A : 04;
	C6B : 04;
	C6C : 04;
	C6D : 04;
	C6E : 04;
	C6F : 04;
	C70 : 04;
	C71 : 04;
	C72 : 04;
	C73 : 04;
	C74 : 04;
	C75 : 04;
	C76 : 04;
	C77 : 04;
	C78 : 04;
	C79 : 04;
	C7A : 04;
	C7B : 04;
	C7C : 04;
	C7D : 04;
	C7E : 00;
	C7F : 00;
	C80 : 24;
	C81 : 24;
	C82 : 24;
	C83 : 24;
	C84 : 24;
	C85 : 04;
	C86 : 04;
	C87 : 04;
	C88 : 04;
	C89 : 04;
	C8A : 04;
	C8B : 04;
	C8C : 04;
	C8D : 04;
	C8E : 04;
	C8F : 04;
	C90 : 04;
	C91 : 04;
	C92 : 04;
	C93 : 04;
	C94 : 04;
	C95 : 04;
	C96 : 24;
	C97 : 24;
	C98 : 04;
	C99 : 04;
	C9A : 04;
	C9B : 24;
	C9C : 24;
	C9D : 04;
	C9E : 00;
	C9F : 00;
	CA0 : 24;
	CA1 : 24;
	CA2 : 24;
	CA3 : 24;
	CA4 : 04;
	CA5 : 04;
	CA6 : 04;
	CA7 : 04;
	CA8 : 04;
	CA9 : 04;
	CAA : 04;
	CAB : 04;
	CAC : 04;
	CAD : 04;
	CAE : 04;
	CAF : 24;
	CB0 : 24;
	CB1 : 04;
	CB2 : 04;
	CB3 : 04;
	CB4 : 04;
	CB5 : 04;
	CB6 : 04;
	CB7 : 04;
	CB8 : 04;
	CB9 : 04;
	CBA : 04;
	CBB : 04;
	CBC : 04;
	CBD : 04;
	CBE : 00;
	CBF : 00;
	CC0 : 24;
	CC1 : 24;
	CC2 : 24;
	CC3 : 24;
	CC4 : 24;
	CC5 : 04;
	CC6 : 04;
	CC7 : 04;
	CC8 : 04;
	CC9 : 04;
	CCA : 04;
	CCB : 04;
	CCC : 04;
	CCD : 04;
	CCE : 04;
	CCF : 04;
	CD0 : 04;
	CD1 : 04;
	CD2 : 04;
	CD3 : 04;
	CD4 : 00;
	CD5 : 04;
	CD6 : 24;
	CD7 : 24;
	CD8 : 04;
	CD9 : 04;
	CDA : 04;
	CDB : 24;
	CDC : 00;
	CDD : 00;
	CDE : 00;
	CDF : 00;
	CE0 : 24;
	CE1 : 24;
	CE2 : 24;
	CE3 : 24;
	CE4 : 24;
	CE5 : 04;
	CE6 : 04;
	CE7 : 04;
	CE8 : 04;
	CE9 : 04;
	CEA : 04;
	CEB : 04;
	CEC : 04;
	CED : 04;
	CEE : 04;
	CEF : 00;
	CF0 : 00;
	CF1 : 00;
	CF2 : 24;
	CF3 : 04;
	CF4 : 04;
	CF5 : 04;
	CF6 : 04;
	CF7 : 04;
	CF8 : 04;
	CF9 : 04;
	CFA : 04;
	CFB : 04;
	CFC : 04;
	CFD : 04;
	CFE : 00;
	CFF : 00;
	D00 : 24;
	D01 : 24;
	D02 : 24;
	D03 : 24;
	D04 : 04;
	D05 : 04;
	D06 : 04;
	D07 : 04;
	D08 : 04;
	D09 : 04;
	D0A : 04;
	D0B : 04;
	D0C : 04;
	D0D : 04;
	D0E : 04;
	D0F : 04;
	D10 : 04;
	D11 : 04;
	D12 : 04;
	D13 : 04;
	D14 : 00;
	D15 : 00;
	D16 : 24;
	D17 : 24;
	D18 : 04;
	D19 : 04;
	D1A : 04;
	D1B : 04;
	D1C : 00;
	D1D : 00;
	D1E : 00;
	D1F : 00;
	D20 : 24;
	D21 : 24;
	D22 : 24;
	D23 : 24;
	D24 : 24;
	D25 : 04;
	D26 : 04;
	D27 : 04;
	D28 : 04;
	D29 : 04;
	D2A : 04;
	D2B : 04;
	D2C : 04;
	D2D : 04;
	D2E : 24;
	D2F : 00;
	D30 : 00;
	D31 : 00;
	D32 : 24;
	D33 : 04;
	D34 : 04;
	D35 : 04;
	D36 : 04;
	D37 : 04;
	D38 : 04;
	D39 : 04;
	D3A : 04;
	D3B : 04;
	D3C : 04;
	D3D : 04;
	D3E : 00;
	D3F : 00;
	D40 : 24;
	D41 : 24;
	D42 : 24;
	D43 : 24;
	D44 : 04;
	D45 : 04;
	D46 : 04;
	D47 : 04;
	D48 : 04;
	D49 : 04;
	D4A : 04;
	D4B : 04;
	D4C : 04;
	D4D : 04;
	D4E : 04;
	D4F : 04;
	D50 : 04;
	D51 : 04;
	D52 : 04;
	D53 : 04;
	D54 : 00;
	D55 : 00;
	D56 : 24;
	D57 : 24;
	D58 : 24;
	D59 : 04;
	D5A : 04;
	D5B : 24;
	D5C : 00;
	D5D : 00;
	D5E : 00;
	D5F : 00;
	D60 : 24;
	D61 : 24;
	D62 : 24;
	D63 : 24;
	D64 : 24;
	D65 : 24;
	D66 : 04;
	D67 : 04;
	D68 : 04;
	D69 : 04;
	D6A : 04;
	D6B : 04;
	D6C : 00;
	D6D : 00;
	D6E : 00;
	D6F : 00;
	D70 : 24;
	D71 : 24;
	D72 : 24;
	D73 : 04;
	D74 : 04;
	D75 : 04;
	D76 : 04;
	D77 : 04;
	D78 : 04;
	D79 : 04;
	D7A : 04;
	D7B : 04;
	D7C : 04;
	D7D : 04;
	D7E : 00;
	D7F : 00;
	D80 : 24;
	D81 : 24;
	D82 : 24;
	D83 : 24;
	D84 : 04;
	D85 : 04;
	D86 : 04;
	D87 : 04;
	D88 : 04;
	D89 : 04;
	D8A : 04;
	D8B : 04;
	D8C : 04;
	D8D : 04;
	D8E : 04;
	D8F : 04;
	D90 : 04;
	D91 : 04;
	D92 : 04;
	D93 : 04;
	D94 : 24;
	D95 : 24;
	D96 : 24;
	D97 : 24;
	D98 : 24;
	D99 : 24;
	D9A : 00;
	D9B : 00;
	D9C : 00;
	D9D : 00;
	D9E : 00;
	D9F : 00;
	DA0 : 24;
	DA1 : 24;
	DA2 : 24;
	DA3 : 24;
	DA4 : 24;
	DA5 : 24;
	DA6 : 04;
	DA7 : 04;
	DA8 : 04;
	DA9 : 04;
	DAA : 04;
	DAB : 04;
	DAC : 00;
	DAD : 00;
	DAE : 00;
	DAF : 00;
	DB0 : 04;
	DB1 : 04;
	DB2 : 04;
	DB3 : 04;
	DB4 : 04;
	DB5 : 04;
	DB6 : 04;
	DB7 : 04;
	DB8 : 04;
	DB9 : 04;
	DBA : 04;
	DBB : 04;
	DBC : 04;
	DBD : 04;
	DBE : 00;
	DBF : 00;
	DC0 : 24;
	DC1 : 24;
	DC2 : 24;
	DC3 : 24;
	DC4 : 04;
	DC5 : 04;
	DC6 : 04;
	DC7 : 04;
	DC8 : 04;
	DC9 : 04;
	DCA : 04;
	DCB : 04;
	DCC : 04;
	DCD : 04;
	DCE : 04;
	DCF : 04;
	DD0 : 04;
	DD1 : 04;
	DD2 : 04;
	DD3 : 04;
	DD4 : 24;
	DD5 : 24;
	DD6 : 24;
	DD7 : 24;
	DD8 : 24;
	DD9 : 24;
	DDA : 00;
	DDB : 00;
	DDC : 00;
	DDD : 00;
	DDE : 00;
	DDF : 00;
	DE0 : 24;
	DE1 : 24;
	DE2 : 24;
	DE3 : 24;
	DE4 : 24;
	DE5 : 24;
	DE6 : 24;
	DE7 : 04;
	DE8 : 04;
	DE9 : 04;
	DEA : 04;
	DEB : 04;
	DEC : 20;
	DED : 00;
	DEE : 00;
	DEF : 24;
	DF0 : 04;
	DF1 : 04;
	DF2 : 04;
	DF3 : 04;
	DF4 : 04;
	DF5 : 04;
	DF6 : 04;
	DF7 : 04;
	DF8 : 04;
	DF9 : 04;
	DFA : 04;
	DFB : 04;
	DFC : 04;
	DFD : 04;
	DFE : 00;
	DFF : 00;
	E00 : 24;
	E01 : 24;
	E02 : 24;
	E03 : 24;
	E04 : 24;
	E05 : 04;
	E06 : 04;
	E07 : 04;
	E08 : 04;
	E09 : 04;
	E0A : 04;
	E0B : 04;
	E0C : 04;
	E0D : 04;
	E0E : 04;
	E0F : 04;
	E10 : 04;
	E11 : 04;
	E12 : 04;
	E13 : 04;
	E14 : 04;
	E15 : 04;
	E16 : 04;
	E17 : 04;
	E18 : 04;
	E19 : 24;
	E1A : 00;
	E1B : 00;
	E1C : 00;
	E1D : 00;
	E1E : 00;
	E1F : 00;
	E20 : 24;
	E21 : 24;
	E22 : 24;
	E23 : 24;
	E24 : 24;
	E25 : 04;
	E26 : 04;
	E27 : 04;
	E28 : 04;
	E29 : 04;
	E2A : 04;
	E2B : 04;
	E2C : 04;
	E2D : 00;
	E2E : 00;
	E2F : 04;
	E30 : 04;
	E31 : 04;
	E32 : 04;
	E33 : 04;
	E34 : 04;
	E35 : 04;
	E36 : 04;
	E37 : 04;
	E38 : 04;
	E39 : 04;
	E3A : 04;
	E3B : 04;
	E3C : 04;
	E3D : 24;
	E3E : 00;
	E3F : 00;
	E40 : 24;
	E41 : 24;
	E42 : 24;
	E43 : 24;
	E44 : 24;
	E45 : 04;
	E46 : 04;
	E47 : 04;
	E48 : 04;
	E49 : 04;
	E4A : 04;
	E4B : 04;
	E4C : 04;
	E4D : 04;
	E4E : 04;
	E4F : 04;
	E50 : 04;
	E51 : 04;
	E52 : 04;
	E53 : 04;
	E54 : 04;
	E55 : 04;
	E56 : 04;
	E57 : 04;
	E58 : 04;
	E59 : 24;
	E5A : 00;
	E5B : 00;
	E5C : 00;
	E5D : 00;
	E5E : 00;
	E5F : 00;
	E60 : 24;
	E61 : 24;
	E62 : 24;
	E63 : 24;
	E64 : 24;
	E65 : 04;
	E66 : 04;
	E67 : 04;
	E68 : 04;
	E69 : 04;
	E6A : 04;
	E6B : 04;
	E6C : 04;
	E6D : 04;
	E6E : 04;
	E6F : 04;
	E70 : 04;
	E71 : 04;
	E72 : 04;
	E73 : 04;
	E74 : 04;
	E75 : 04;
	E76 : 04;
	E77 : 04;
	E78 : 04;
	E79 : 04;
	E7A : 04;
	E7B : 04;
	E7C : 04;
	E7D : 24;
	E7E : 00;
	E7F : 00;
	E80 : 24;
	E81 : 24;
	E82 : 24;
	E83 : 24;
	E84 : 24;
	E85 : 24;
	E86 : 24;
	E87 : 04;
	E88 : 04;
	E89 : 04;
	E8A : 24;
	E8B : 24;
	E8C : 04;
	E8D : 04;
	E8E : 04;
	E8F : 04;
	E90 : 04;
	E91 : 04;
	E92 : 04;
	E93 : 04;
	E94 : 04;
	E95 : 04;
	E96 : 04;
	E97 : 04;
	E98 : 04;
	E99 : 04;
	E9A : 04;
	E9B : 04;
	E9C : 00;
	E9D : 00;
	E9E : 00;
	E9F : 00;
	EA0 : 24;
	EA1 : 24;
	EA2 : 24;
	EA3 : 24;
	EA4 : 24;
	EA5 : 04;
	EA6 : 04;
	EA7 : 04;
	EA8 : 04;
	EA9 : 04;
	EAA : 04;
	EAB : 04;
	EAC : 04;
	EAD : 04;
	EAE : 04;
	EAF : 04;
	EB0 : 04;
	EB1 : 04;
	EB2 : 04;
	EB3 : 04;
	EB4 : 04;
	EB5 : 04;
	EB6 : 04;
	EB7 : 04;
	EB8 : 04;
	EB9 : 04;
	EBA : 04;
	EBB : 04;
	EBC : 00;
	EBD : 00;
	EBE : 00;
	EBF : 00;
	EC0 : 24;
	EC1 : 24;
	EC2 : 24;
	EC3 : 24;
	EC4 : 24;
	EC5 : 24;
	EC6 : 24;
	EC7 : 04;
	EC8 : 04;
	EC9 : 04;
	ECA : 00;
	ECB : 00;
	ECC : 24;
	ECD : 24;
	ECE : 24;
	ECF : 04;
	ED0 : 04;
	ED1 : 04;
	ED2 : 04;
	ED3 : 04;
	ED4 : 04;
	ED5 : 04;
	ED6 : 04;
	ED7 : 04;
	ED8 : 04;
	ED9 : 04;
	EDA : 04;
	EDB : 04;
	EDC : 00;
	EDD : 00;
	EDE : 00;
	EDF : 00;
	EE0 : 24;
	EE1 : 24;
	EE2 : 04;
	EE3 : 04;
	EE4 : 04;
	EE5 : 04;
	EE6 : 04;
	EE7 : 04;
	EE8 : 04;
	EE9 : 04;
	EEA : 04;
	EEB : 04;
	EEC : 04;
	EED : 04;
	EEE : 04;
	EEF : 04;
	EF0 : 04;
	EF1 : 04;
	EF2 : 04;
	EF3 : 04;
	EF4 : 04;
	EF5 : 04;
	EF6 : 04;
	EF7 : 04;
	EF8 : 04;
	EF9 : 04;
	EFA : 04;
	EFB : 04;
	EFC : 00;
	EFD : 00;
	EFE : 00;
	EFF : 00;
	F00 : 24;
	F01 : 24;
	F02 : 04;
	F03 : 04;
	F04 : 04;
	F05 : 04;
	F06 : 04;
	F07 : 04;
	F08 : 04;
	F09 : 04;
	F0A : 00;
	F0B : 00;
	F0C : 24;
	F0D : 24;
	F0E : 04;
	F0F : 04;
	F10 : 04;
	F11 : 04;
	F12 : 04;
	F13 : 04;
	F14 : 04;
	F15 : 04;
	F16 : 04;
	F17 : 04;
	F18 : 04;
	F19 : 04;
	F1A : 04;
	F1B : 24;
	F1C : 00;
	F1D : 00;
	F1E : 00;
	F1F : 00;
	F20 : 24;
	F21 : 24;
	F22 : 04;
	F23 : 04;
	F24 : 04;
	F25 : 04;
	F26 : 04;
	F27 : 24;
	F28 : 04;
	F29 : 04;
	F2A : 04;
	F2B : 04;
	F2C : 04;
	F2D : 04;
	F2E : 04;
	F2F : 04;
	F30 : 04;
	F31 : 04;
	F32 : 04;
	F33 : 04;
	F34 : 04;
	F35 : 04;
	F36 : 04;
	F37 : 04;
	F38 : 04;
	F39 : 04;
	F3A : 04;
	F3B : 04;
	F3C : 04;
	F3D : 04;
	F3E : 00;
	F3F : 00;
	F40 : 24;
	F41 : 24;
	F42 : 04;
	F43 : 04;
	F44 : 04;
	F45 : 04;
	F46 : 04;
	F47 : 04;
	F48 : 04;
	F49 : 04;
	F4A : 24;
	F4B : 24;
	F4C : 24;
	F4D : 24;
	F4E : 04;
	F4F : 04;
	F50 : 04;
	F51 : 04;
	F52 : 04;
	F53 : 04;
	F54 : 04;
	F55 : 04;
	F56 : 04;
	F57 : 04;
	F58 : 04;
	F59 : 04;
	F5A : 04;
	F5B : 04;
	F5C : 04;
	F5D : 24;
	F5E : 00;
	F5F : 00;
	F60 : 00;
	F61 : 24;
	F62 : 04;
	F63 : 04;
	F64 : 04;
	F65 : 04;
	F66 : 00;
	F67 : 00;
	F68 : 24;
	F69 : 24;
	F6A : 04;
	F6B : 04;
	F6C : 04;
	F6D : 04;
	F6E : 04;
	F6F : 04;
	F70 : 04;
	F71 : 04;
	F72 : 04;
	F73 : 04;
	F74 : 04;
	F75 : 04;
	F76 : 04;
	F77 : 04;
	F78 : 04;
	F79 : 04;
	F7A : 04;
	F7B : 04;
	F7C : 04;
	F7D : 04;
	F7E : 00;
	F7F : 00;
	F80 : 24;
	F81 : 24;
	F82 : 24;
	F83 : 24;
	F84 : 04;
	F85 : 04;
	F86 : 04;
	F87 : 04;
	F88 : 04;
	F89 : 04;
	F8A : 24;
	F8B : 24;
	F8C : 24;
	F8D : 24;
	F8E : 04;
	F8F : 04;
	F90 : 04;
	F91 : 04;
	F92 : 04;
	F93 : 24;
	F94 : 04;
	F95 : 04;
	F96 : 24;
	F97 : 24;
	F98 : 24;
	F99 : 04;
	F9A : 04;
	F9B : 04;
	F9C : 04;
	F9D : 24;
	F9E : 00;
	F9F : 00;
	FA0 : 00;
	FA1 : 24;
	FA2 : 24;
	FA3 : 24;
	FA4 : 24;
	FA5 : 00;
	FA6 : 00;
	FA7 : 00;
	FA8 : 24;
	FA9 : 24;
	FAA : 04;
	FAB : 04;
	FAC : 04;
	FAD : 04;
	FAE : 04;
	FAF : 04;
	FB0 : 04;
	FB1 : 24;
	FB2 : 24;
	FB3 : 04;
	FB4 : 04;
	FB5 : 04;
	FB6 : 04;
	FB7 : 04;
	FB8 : 04;
	FB9 : 04;
	FBA : 04;
	FBB : 04;
	FBC : 24;
	FBD : 04;
	FBE : 00;
	FBF : 00;
	FC0 : 00;
	FC1 : 00;
	FC2 : 00;
	FC3 : 00;
	FC4 : 24;
	FC5 : 04;
	FC6 : 04;
	FC7 : 04;
	FC8 : 04;
	FC9 : 04;
	FCA : 04;
	FCB : 04;
	FCC : 04;
	FCD : 04;
	FCE : 04;
	FCF : 04;
	FD0 : 04;
	FD1 : 24;
	FD2 : 00;
	FD3 : 00;
	FD4 : 24;
	FD5 : 24;
	FD6 : 00;
	FD7 : 00;
	FD8 : 00;
	FD9 : 00;
	FDA : 24;
	FDB : 24;
	FDC : 00;
	FDD : 00;
	FDE : 00;
	FDF : 00;
	FE0 : 00;
	FE1 : 00;
	FE2 : 00;
	FE3 : 00;
	FE4 : 00;
	FE5 : 00;
	FE6 : 00;
	FE7 : 00;
	FE8 : 00;
	FE9 : 00;
	FEA : 24;
	FEB : 04;
	FEC : 04;
	FED : 04;
	FEE : 04;
	FEF : 04;
	FF0 : 00;
	FF1 : 00;
	FF2 : 00;
	FF3 : 00;
	FF4 : 04;
	FF5 : 24;
	FF6 : 24;
	FF7 : 24;
	FF8 : 04;
	FF9 : 04;
	FFA : 04;
	FFB : 24;
	FFC : 00;
	FFD : 00;
	FFE : 00;
	FFF : 00;
	1000 : 00;
	1001 : 00;
	1002 : 00;
	1003 : 00;
	1004 : 24;
	1005 : 24;
	1006 : 24;
	1007 : 24;
	1008 : 24;
	1009 : 24;
	100A : 24;
	100B : 24;
	100C : 24;
	100D : 24;
	100E : 24;
	100F : 24;
	1010 : 24;
	1011 : 25;
	1012 : 24;
	1013 : 24;
	1014 : 25;
	1015 : 24;
	1016 : 24;
	1017 : 24;
	1018 : 25;
	1019 : 24;
	101A : 24;
	101B : 24;
	101C : 25;
	101D : 25;
	101E : 24;
	101F : 24;
	1020 : 24;
	1021 : 25;
	1022 : 25;
	1023 : 25;
	1024 : 25;
	1025 : 25;
	1026 : 25;
	1027 : 25;
	1028 : 25;
	1029 : 25;
	102A : 25;
	102B : 25;
	102C : 25;
	102D : 25;
	102E : 25;
	102F : 25;
	1030 : 25;
	1031 : 25;
	1032 : 25;
	1033 : 24;
	1034 : 25;
	1035 : 24;
	1036 : 25;
	1037 : 24;
	1038 : 24;
	1039 : 25;
	103A : 24;
	103B : 24;
	103C : 00;
	103D : 00;
	103E : 00;
	103F : 00;
	1040 : 00;
	1041 : 00;
	1042 : 24;
	1043 : 24;
	1044 : 24;
	1045 : 24;
	1046 : 24;
	1047 : 24;
	1048 : 24;
	1049 : 24;
	104A : 24;
	104B : 24;
	104C : 24;
	104D : 24;
	104E : 24;
	104F : 24;
	1050 : 25;
	1051 : 25;
	1052 : 24;
	1053 : 25;
	1054 : 24;
	1055 : 24;
	1056 : 24;
	1057 : 24;
	1058 : 24;
	1059 : 24;
	105A : 24;
	105B : 24;
	105C : 24;
	105D : 24;
	105E : 24;
	105F : 24;
	1060 : 24;
	1061 : 24;
	1062 : 24;
	1063 : 24;
	1064 : 24;
	1065 : 24;
	1066 : 2D;
	1067 : 2D;
	1068 : 25;
	1069 : 25;
	106A : 2D;
	106B : 25;
	106C : 24;
	106D : 24;
	106E : 24;
	106F : 24;
	1070 : 24;
	1071 : 24;
	1072 : 25;
	1073 : 25;
	1074 : 25;
	1075 : 25;
	1076 : 25;
	1077 : 24;
	1078 : 24;
	1079 : 24;
	107A : 24;
	107B : 24;
	107C : 00;
	107D : 00;
	107E : 00;
	107F : 00;
	1080 : 00;
	1081 : 00;
	1082 : 24;
	1083 : 24;
	1084 : 24;
	1085 : 24;
	1086 : 24;
	1087 : 24;
	1088 : 24;
	1089 : 24;
	108A : 24;
	108B : 24;
	108C : 25;
	108D : 24;
	108E : 24;
	108F : 25;
	1090 : 25;
	1091 : 25;
	1092 : 25;
	1093 : 25;
	1094 : 24;
	1095 : 24;
	1096 : 24;
	1097 : 24;
	1098 : 24;
	1099 : 24;
	109A : 24;
	109B : 24;
	109C : 24;
	109D : 24;
	109E : 24;
	109F : 24;
	10A0 : 24;
	10A1 : 24;
	10A2 : 24;
	10A3 : 24;
	10A4 : 24;
	10A5 : 24;
	10A6 : 25;
	10A7 : 2D;
	10A8 : 2D;
	10A9 : 25;
	10AA : 25;
	10AB : 25;
	10AC : 24;
	10AD : 24;
	10AE : 24;
	10AF : 24;
	10B0 : 24;
	10B1 : 24;
	10B2 : 25;
	10B3 : 25;
	10B4 : 25;
	10B5 : 25;
	10B6 : 24;
	10B7 : 24;
	10B8 : 24;
	10B9 : 24;
	10BA : 24;
	10BB : 24;
	10BC : 00;
	10BD : 00;
	10BE : 00;
	10BF : 00;
	10C0 : 24;
	10C1 : 25;
	10C2 : 24;
	10C3 : 24;
	10C4 : 24;
	10C5 : 24;
	10C6 : 24;
	10C7 : 24;
	10C8 : 24;
	10C9 : 24;
	10CA : 24;
	10CB : 24;
	10CC : 24;
	10CD : 24;
	10CE : 24;
	10CF : 24;
	10D0 : 24;
	10D1 : 24;
	10D2 : 24;
	10D3 : 24;
	10D4 : 24;
	10D5 : 24;
	10D6 : 24;
	10D7 : 24;
	10D8 : 24;
	10D9 : 24;
	10DA : 24;
	10DB : 24;
	10DC : 24;
	10DD : 24;
	10DE : 24;
	10DF : 24;
	10E0 : 24;
	10E1 : 24;
	10E2 : 24;
	10E3 : 24;
	10E4 : 24;
	10E5 : 24;
	10E6 : 24;
	10E7 : 25;
	10E8 : 25;
	10E9 : 24;
	10EA : 24;
	10EB : 25;
	10EC : 24;
	10ED : 24;
	10EE : 24;
	10EF : 24;
	10F0 : 24;
	10F1 : 25;
	10F2 : 25;
	10F3 : 25;
	10F4 : 24;
	10F5 : 24;
	10F6 : 24;
	10F7 : 24;
	10F8 : 24;
	10F9 : 24;
	10FA : 24;
	10FB : 24;
	10FC : 24;
	10FD : 24;
	10FE : 00;
	10FF : 00;
	1100 : 24;
	1101 : 24;
	1102 : 24;
	1103 : 24;
	1104 : 24;
	1105 : 24;
	1106 : 24;
	1107 : 24;
	1108 : 24;
	1109 : 24;
	110A : 24;
	110B : 24;
	110C : 24;
	110D : 24;
	110E : 24;
	110F : 04;
	1110 : 25;
	1111 : 25;
	1112 : 24;
	1113 : 24;
	1114 : 24;
	1115 : 24;
	1116 : 24;
	1117 : 24;
	1118 : 24;
	1119 : 24;
	111A : 24;
	111B : 24;
	111C : 24;
	111D : 24;
	111E : 24;
	111F : 24;
	1120 : 24;
	1121 : 24;
	1122 : 24;
	1123 : 24;
	1124 : 24;
	1125 : 24;
	1126 : 24;
	1127 : 24;
	1128 : 24;
	1129 : 24;
	112A : 24;
	112B : 24;
	112C : 24;
	112D : 24;
	112E : 24;
	112F : 24;
	1130 : 24;
	1131 : 24;
	1132 : 25;
	1133 : 25;
	1134 : 24;
	1135 : 24;
	1136 : 24;
	1137 : 24;
	1138 : 24;
	1139 : 24;
	113A : 24;
	113B : 24;
	113C : 24;
	113D : 24;
	113E : 00;
	113F : 00;
	1140 : 24;
	1141 : 25;
	1142 : 24;
	1143 : 24;
	1144 : 24;
	1145 : 24;
	1146 : 24;
	1147 : 24;
	1148 : 24;
	1149 : 24;
	114A : 24;
	114B : 24;
	114C : 24;
	114D : 24;
	114E : 24;
	114F : 24;
	1150 : 24;
	1151 : 24;
	1152 : 24;
	1153 : 24;
	1154 : 24;
	1155 : 24;
	1156 : 24;
	1157 : 24;
	1158 : 24;
	1159 : 24;
	115A : 24;
	115B : 24;
	115C : 24;
	115D : 24;
	115E : 24;
	115F : 24;
	1160 : 00;
	1161 : 04;
	1162 : 24;
	1163 : 04;
	1164 : 24;
	1165 : 24;
	1166 : 24;
	1167 : 24;
	1168 : 24;
	1169 : 24;
	116A : 24;
	116B : 24;
	116C : 24;
	116D : 25;
	116E : 25;
	116F : 24;
	1170 : 24;
	1171 : 24;
	1172 : 24;
	1173 : 24;
	1174 : 24;
	1175 : 24;
	1176 : 24;
	1177 : 24;
	1178 : 24;
	1179 : 24;
	117A : 24;
	117B : 24;
	117C : 24;
	117D : 24;
	117E : 00;
	117F : 00;
	1180 : 24;
	1181 : 25;
	1182 : 24;
	1183 : 24;
	1184 : 24;
	1185 : 24;
	1186 : 24;
	1187 : 24;
	1188 : 24;
	1189 : 24;
	118A : 24;
	118B : 24;
	118C : 24;
	118D : 24;
	118E : 24;
	118F : 24;
	1190 : 24;
	1191 : 24;
	1192 : 24;
	1193 : 24;
	1194 : 24;
	1195 : 24;
	1196 : 24;
	1197 : 24;
	1198 : 24;
	1199 : 04;
	119A : 24;
	119B : 24;
	119C : 24;
	119D : 24;
	119E : 24;
	119F : 24;
	11A0 : 00;
	11A1 : 20;
	11A2 : 24;
	11A3 : 24;
	11A4 : 24;
	11A5 : 24;
	11A6 : 24;
	11A7 : 24;
	11A8 : 24;
	11A9 : 25;
	11AA : 25;
	11AB : 25;
	11AC : 24;
	11AD : 25;
	11AE : 25;
	11AF : 24;
	11B0 : 24;
	11B1 : 25;
	11B2 : 24;
	11B3 : 24;
	11B4 : 24;
	11B5 : 24;
	11B6 : 24;
	11B7 : 24;
	11B8 : 24;
	11B9 : 24;
	11BA : 24;
	11BB : 24;
	11BC : 24;
	11BD : 24;
	11BE : 00;
	11BF : 00;
	11C0 : 24;
	11C1 : 25;
	11C2 : 24;
	11C3 : 24;
	11C4 : 24;
	11C5 : 24;
	11C6 : 24;
	11C7 : 24;
	11C8 : 24;
	11C9 : 24;
	11CA : 24;
	11CB : 24;
	11CC : 24;
	11CD : 24;
	11CE : 24;
	11CF : 24;
	11D0 : 24;
	11D1 : 24;
	11D2 : 24;
	11D3 : 24;
	11D4 : 24;
	11D5 : 24;
	11D6 : 24;
	11D7 : 24;
	11D8 : 24;
	11D9 : 24;
	11DA : 24;
	11DB : 24;
	11DC : 24;
	11DD : 24;
	11DE : 24;
	11DF : 24;
	11E0 : 24;
	11E1 : 24;
	11E2 : 24;
	11E3 : 24;
	11E4 : 24;
	11E5 : 24;
	11E6 : 25;
	11E7 : 25;
	11E8 : 24;
	11E9 : 25;
	11EA : 25;
	11EB : 25;
	11EC : 25;
	11ED : 25;
	11EE : 25;
	11EF : 25;
	11F0 : 25;
	11F1 : 24;
	11F2 : 25;
	11F3 : 24;
	11F4 : 24;
	11F5 : 24;
	11F6 : 24;
	11F7 : 24;
	11F8 : 25;
	11F9 : 24;
	11FA : 24;
	11FB : 24;
	11FC : 24;
	11FD : 24;
	11FE : 00;
	11FF : 00;
	1200 : 25;
	1201 : 25;
	1202 : 24;
	1203 : 24;
	1204 : 24;
	1205 : 24;
	1206 : 24;
	1207 : 24;
	1208 : 24;
	1209 : 24;
	120A : 24;
	120B : 24;
	120C : 24;
	120D : 24;
	120E : 24;
	120F : 24;
	1210 : 24;
	1211 : 24;
	1212 : 24;
	1213 : 24;
	1214 : 24;
	1215 : 24;
	1216 : 24;
	1217 : 24;
	1218 : 24;
	1219 : 24;
	121A : 24;
	121B : 24;
	121C : 24;
	121D : 24;
	121E : 25;
	121F : 25;
	1220 : 25;
	1221 : 25;
	1222 : 24;
	1223 : 24;
	1224 : 24;
	1225 : 24;
	1226 : 25;
	1227 : 25;
	1228 : 25;
	1229 : 25;
	122A : 25;
	122B : 25;
	122C : 25;
	122D : 25;
	122E : 25;
	122F : 25;
	1230 : 25;
	1231 : 25;
	1232 : 25;
	1233 : 25;
	1234 : 24;
	1235 : 24;
	1236 : 24;
	1237 : 25;
	1238 : 25;
	1239 : 24;
	123A : 24;
	123B : 24;
	123C : 24;
	123D : 24;
	123E : 00;
	123F : 00;
	1240 : 24;
	1241 : 25;
	1242 : 24;
	1243 : 24;
	1244 : 24;
	1245 : 24;
	1246 : 24;
	1247 : 24;
	1248 : 24;
	1249 : 24;
	124A : 24;
	124B : 24;
	124C : 24;
	124D : 24;
	124E : 24;
	124F : 24;
	1250 : 24;
	1251 : 24;
	1252 : 24;
	1253 : 24;
	1254 : 24;
	1255 : 24;
	1256 : 24;
	1257 : 24;
	1258 : 24;
	1259 : 24;
	125A : 24;
	125B : 24;
	125C : 25;
	125D : 25;
	125E : 25;
	125F : 25;
	1260 : 25;
	1261 : 25;
	1262 : 25;
	1263 : 25;
	1264 : 25;
	1265 : 2D;
	1266 : 25;
	1267 : 25;
	1268 : 25;
	1269 : 25;
	126A : 25;
	126B : 25;
	126C : 25;
	126D : 25;
	126E : 25;
	126F : 25;
	1270 : 25;
	1271 : 25;
	1272 : 25;
	1273 : 25;
	1274 : 25;
	1275 : 25;
	1276 : 25;
	1277 : 24;
	1278 : 25;
	1279 : 25;
	127A : 24;
	127B : 24;
	127C : 24;
	127D : 24;
	127E : 00;
	127F : 00;
	1280 : 24;
	1281 : 25;
	1282 : 24;
	1283 : 24;
	1284 : 24;
	1285 : 24;
	1286 : 24;
	1287 : 24;
	1288 : 24;
	1289 : 24;
	128A : 24;
	128B : 24;
	128C : 24;
	128D : 24;
	128E : 24;
	128F : 24;
	1290 : 24;
	1291 : 24;
	1292 : 24;
	1293 : 24;
	1294 : 24;
	1295 : 24;
	1296 : 24;
	1297 : 24;
	1298 : 24;
	1299 : 25;
	129A : 25;
	129B : 25;
	129C : 25;
	129D : 25;
	129E : 25;
	129F : 25;
	12A0 : 25;
	12A1 : 25;
	12A2 : 2D;
	12A3 : 2D;
	12A4 : 2D;
	12A5 : 2D;
	12A6 : 2D;
	12A7 : 25;
	12A8 : 2D;
	12A9 : 25;
	12AA : 25;
	12AB : 25;
	12AC : 25;
	12AD : 25;
	12AE : 25;
	12AF : 25;
	12B0 : 25;
	12B1 : 25;
	12B2 : 25;
	12B3 : 25;
	12B4 : 25;
	12B5 : 25;
	12B6 : 25;
	12B7 : 25;
	12B8 : 24;
	12B9 : 24;
	12BA : 24;
	12BB : 24;
	12BC : 24;
	12BD : 24;
	12BE : 00;
	12BF : 00;
	12C0 : 25;
	12C1 : 25;
	12C2 : 24;
	12C3 : 24;
	12C4 : 24;
	12C5 : 24;
	12C6 : 24;
	12C7 : 24;
	12C8 : 24;
	12C9 : 24;
	12CA : 24;
	12CB : 24;
	12CC : 24;
	12CD : 24;
	12CE : 24;
	12CF : 24;
	12D0 : 24;
	12D1 : 24;
	12D2 : 24;
	12D3 : 24;
	12D4 : 24;
	12D5 : 24;
	12D6 : 24;
	12D7 : 24;
	12D8 : 25;
	12D9 : 25;
	12DA : 25;
	12DB : 25;
	12DC : 25;
	12DD : 25;
	12DE : 25;
	12DF : 25;
	12E0 : 25;
	12E1 : 25;
	12E2 : 25;
	12E3 : 25;
	12E4 : 25;
	12E5 : 25;
	12E6 : 25;
	12E7 : 2D;
	12E8 : 2D;
	12E9 : 2D;
	12EA : 25;
	12EB : 2D;
	12EC : 25;
	12ED : 2D;
	12EE : 25;
	12EF : 25;
	12F0 : 25;
	12F1 : 25;
	12F2 : 25;
	12F3 : 25;
	12F4 : 25;
	12F5 : 25;
	12F6 : 25;
	12F7 : 25;
	12F8 : 24;
	12F9 : 25;
	12FA : 24;
	12FB : 24;
	12FC : 24;
	12FD : 24;
	12FE : 00;
	12FF : 00;
	1300 : 25;
	1301 : 25;
	1302 : 24;
	1303 : 24;
	1304 : 24;
	1305 : 24;
	1306 : 24;
	1307 : 24;
	1308 : 24;
	1309 : 24;
	130A : 24;
	130B : 24;
	130C : 24;
	130D : 24;
	130E : 24;
	130F : 24;
	1310 : 24;
	1311 : 24;
	1312 : 24;
	1313 : 24;
	1314 : 24;
	1315 : 24;
	1316 : 25;
	1317 : 25;
	1318 : 25;
	1319 : 25;
	131A : 25;
	131B : 25;
	131C : 25;
	131D : 25;
	131E : 25;
	131F : 25;
	1320 : 25;
	1321 : 2D;
	1322 : 25;
	1323 : 2D;
	1324 : 2D;
	1325 : 2D;
	1326 : 2D;
	1327 : 2D;
	1328 : 2D;
	1329 : 2D;
	132A : 2D;
	132B : 2D;
	132C : 2D;
	132D : 25;
	132E : 2D;
	132F : 2D;
	1330 : 25;
	1331 : 25;
	1332 : 25;
	1333 : 25;
	1334 : 25;
	1335 : 25;
	1336 : 25;
	1337 : 25;
	1338 : 25;
	1339 : 25;
	133A : 25;
	133B : 25;
	133C : 25;
	133D : 24;
	133E : 00;
	133F : 00;
	1340 : 24;
	1341 : 24;
	1342 : 24;
	1343 : 24;
	1344 : 24;
	1345 : 24;
	1346 : 24;
	1347 : 24;
	1348 : 24;
	1349 : 24;
	134A : 24;
	134B : 24;
	134C : 24;
	134D : 24;
	134E : 24;
	134F : 24;
	1350 : 24;
	1351 : 24;
	1352 : 24;
	1353 : 24;
	1354 : 24;
	1355 : 24;
	1356 : 25;
	1357 : 25;
	1358 : 25;
	1359 : 25;
	135A : 25;
	135B : 25;
	135C : 25;
	135D : 25;
	135E : 25;
	135F : 25;
	1360 : 2D;
	1361 : 2D;
	1362 : 2D;
	1363 : 2D;
	1364 : 2D;
	1365 : 2D;
	1366 : 2D;
	1367 : 2D;
	1368 : 2D;
	1369 : 2D;
	136A : 2D;
	136B : 2D;
	136C : 2D;
	136D : 2D;
	136E : 2D;
	136F : 2D;
	1370 : 2D;
	1371 : 2D;
	1372 : 25;
	1373 : 25;
	1374 : 25;
	1375 : 25;
	1376 : 25;
	1377 : 25;
	1378 : 25;
	1379 : 25;
	137A : 25;
	137B : 25;
	137C : 25;
	137D : 25;
	137E : 00;
	137F : 00;
	1380 : 25;
	1381 : 24;
	1382 : 24;
	1383 : 24;
	1384 : 24;
	1385 : 24;
	1386 : 24;
	1387 : 24;
	1388 : 24;
	1389 : 24;
	138A : 24;
	138B : 24;
	138C : 24;
	138D : 24;
	138E : 24;
	138F : 24;
	1390 : 24;
	1391 : 24;
	1392 : 24;
	1393 : 24;
	1394 : 24;
	1395 : 24;
	1396 : 25;
	1397 : 25;
	1398 : 25;
	1399 : 25;
	139A : 25;
	139B : 25;
	139C : 25;
	139D : 2D;
	139E : 2D;
	139F : 2D;
	13A0 : 2D;
	13A1 : 2D;
	13A2 : 2D;
	13A3 : 2D;
	13A4 : 2D;
	13A5 : 2D;
	13A6 : 2D;
	13A7 : 2D;
	13A8 : 25;
	13A9 : 25;
	13AA : 2D;
	13AB : 2D;
	13AC : 6D;
	13AD : 2D;
	13AE : 2D;
	13AF : 2D;
	13B0 : 2D;
	13B1 : 2D;
	13B2 : 2D;
	13B3 : 2D;
	13B4 : 25;
	13B5 : 25;
	13B6 : 25;
	13B7 : 25;
	13B8 : 25;
	13B9 : 25;
	13BA : 25;
	13BB : 25;
	13BC : 25;
	13BD : 25;
	13BE : 00;
	13BF : 00;
	13C0 : 24;
	13C1 : 25;
	13C2 : 24;
	13C3 : 24;
	13C4 : 24;
	13C5 : 24;
	13C6 : 24;
	13C7 : 24;
	13C8 : 24;
	13C9 : 24;
	13CA : 24;
	13CB : 24;
	13CC : 24;
	13CD : 24;
	13CE : 24;
	13CF : 24;
	13D0 : 24;
	13D1 : 24;
	13D2 : 24;
	13D3 : 25;
	13D4 : 24;
	13D5 : 24;
	13D6 : 25;
	13D7 : 25;
	13D8 : 25;
	13D9 : 25;
	13DA : 25;
	13DB : 25;
	13DC : 25;
	13DD : 2D;
	13DE : 25;
	13DF : 2D;
	13E0 : 25;
	13E1 : 25;
	13E2 : 25;
	13E3 : 25;
	13E4 : 25;
	13E5 : 25;
	13E6 : 25;
	13E7 : 25;
	13E8 : 25;
	13E9 : 25;
	13EA : 6D;
	13EB : 6D;
	13EC : 2D;
	13ED : 2D;
	13EE : 2D;
	13EF : 2D;
	13F0 : 2D;
	13F1 : 2D;
	13F2 : 2D;
	13F3 : 2D;
	13F4 : 2D;
	13F5 : 25;
	13F6 : 2D;
	13F7 : 25;
	13F8 : 25;
	13F9 : 25;
	13FA : 25;
	13FB : 25;
	13FC : 25;
	13FD : 25;
	13FE : 00;
	13FF : 00;
	1400 : 24;
	1401 : 25;
	1402 : 24;
	1403 : 24;
	1404 : 24;
	1405 : 24;
	1406 : 24;
	1407 : 24;
	1408 : 24;
	1409 : 24;
	140A : 24;
	140B : 24;
	140C : 24;
	140D : 24;
	140E : 24;
	140F : 24;
	1410 : 24;
	1411 : 24;
	1412 : 25;
	1413 : 25;
	1414 : 25;
	1415 : 25;
	1416 : 25;
	1417 : 25;
	1418 : 25;
	1419 : 25;
	141A : 25;
	141B : 25;
	141C : 6D;
	141D : 25;
	141E : 21;
	141F : 25;
	1420 : 6D;
	1421 : 92;
	1422 : B2;
	1423 : D7;
	1424 : B7;
	1425 : D7;
	1426 : D7;
	1427 : D7;
	1428 : 8E;
	1429 : 21;
	142A : 25;
	142B : 21;
	142C : 25;
	142D : 25;
	142E : 25;
	142F : 2D;
	1430 : 6D;
	1431 : 2D;
	1432 : 2D;
	1433 : 2D;
	1434 : 2D;
	1435 : 2D;
	1436 : 25;
	1437 : 25;
	1438 : 25;
	1439 : 25;
	143A : 25;
	143B : 25;
	143C : 24;
	143D : 24;
	143E : 00;
	143F : 00;
	1440 : 24;
	1441 : 24;
	1442 : 25;
	1443 : 25;
	1444 : 24;
	1445 : 24;
	1446 : 24;
	1447 : 24;
	1448 : 24;
	1449 : 24;
	144A : 24;
	144B : 24;
	144C : 24;
	144D : 24;
	144E : 24;
	144F : 24;
	1450 : 24;
	1451 : 24;
	1452 : 25;
	1453 : 25;
	1454 : 25;
	1455 : 25;
	1456 : 25;
	1457 : 2D;
	1458 : 25;
	1459 : 25;
	145A : 2D;
	145B : 25;
	145C : 25;
	145D : 65;
	145E : 6D;
	145F : B2;
	1460 : D7;
	1461 : D7;
	1462 : D7;
	1463 : D7;
	1464 : B7;
	1465 : D7;
	1466 : D7;
	1467 : D7;
	1468 : D7;
	1469 : DB;
	146A : DB;
	146B : D7;
	146C : 92;
	146D : 6D;
	146E : 25;
	146F : 25;
	1470 : 6D;
	1471 : 6D;
	1472 : 2D;
	1473 : 2D;
	1474 : 2D;
	1475 : 2D;
	1476 : 2D;
	1477 : 2D;
	1478 : 25;
	1479 : 25;
	147A : 25;
	147B : 25;
	147C : 24;
	147D : 24;
	147E : 00;
	147F : 00;
	1480 : 25;
	1481 : 25;
	1482 : 24;
	1483 : 24;
	1484 : 24;
	1485 : 24;
	1486 : 24;
	1487 : 24;
	1488 : 24;
	1489 : 24;
	148A : 24;
	148B : 24;
	148C : 24;
	148D : 24;
	148E : 24;
	148F : 24;
	1490 : 24;
	1491 : 25;
	1492 : 25;
	1493 : 25;
	1494 : 25;
	1495 : 25;
	1496 : 25;
	1497 : 25;
	1498 : 25;
	1499 : 25;
	149A : 25;
	149B : 21;
	149C : 92;
	149D : D7;
	149E : D7;
	149F : DB;
	14A0 : D7;
	14A1 : D7;
	14A2 : D7;
	14A3 : DB;
	14A4 : DB;
	14A5 : D7;
	14A6 : DB;
	14A7 : DB;
	14A8 : DB;
	14A9 : DB;
	14AA : DB;
	14AB : DB;
	14AC : DB;
	14AD : DB;
	14AE : DB;
	14AF : 92;
	14B0 : 25;
	14B1 : 25;
	14B2 : 2D;
	14B3 : 6D;
	14B4 : 2D;
	14B5 : 2D;
	14B6 : 2D;
	14B7 : 2D;
	14B8 : 2D;
	14B9 : 2D;
	14BA : 25;
	14BB : 25;
	14BC : 25;
	14BD : 25;
	14BE : 24;
	14BF : 20;
	14C0 : 24;
	14C1 : 25;
	14C2 : 24;
	14C3 : 24;
	14C4 : 24;
	14C5 : 24;
	14C6 : 24;
	14C7 : 24;
	14C8 : 24;
	14C9 : 24;
	14CA : 24;
	14CB : 24;
	14CC : 24;
	14CD : 24;
	14CE : 24;
	14CF : 24;
	14D0 : 24;
	14D1 : 25;
	14D2 : 25;
	14D3 : 25;
	14D4 : 25;
	14D5 : 25;
	14D6 : 25;
	14D7 : 25;
	14D8 : 25;
	14D9 : 25;
	14DA : 25;
	14DB : 6D;
	14DC : B6;
	14DD : DB;
	14DE : DB;
	14DF : D7;
	14E0 : D7;
	14E1 : 01;
	14E2 : 8E;
	14E3 : D7;
	14E4 : D7;
	14E5 : D7;
	14E6 : DB;
	14E7 : DB;
	14E8 : DB;
	14E9 : DB;
	14EA : DB;
	14EB : DF;
	14EC : FF;
	14ED : FF;
	14EE : FF;
	14EF : FF;
	14F0 : DB;
	14F1 : D7;
	14F2 : 25;
	14F3 : 05;
	14F4 : 6D;
	14F5 : 6D;
	14F6 : 2D;
	14F7 : 2D;
	14F8 : 2D;
	14F9 : 2D;
	14FA : 25;
	14FB : 25;
	14FC : 25;
	14FD : 25;
	14FE : 24;
	14FF : 24;
	1500 : 24;
	1501 : 24;
	1502 : 24;
	1503 : 24;
	1504 : 24;
	1505 : 24;
	1506 : 24;
	1507 : 24;
	1508 : 24;
	1509 : 24;
	150A : 24;
	150B : 24;
	150C : 24;
	150D : 24;
	150E : 24;
	150F : 24;
	1510 : 24;
	1511 : 25;
	1512 : 25;
	1513 : 25;
	1514 : 25;
	1515 : 25;
	1516 : 25;
	1517 : 25;
	1518 : 25;
	1519 : 25;
	151A : 65;
	151B : 6E;
	151C : 6D;
	151D : B6;
	151E : 8E;
	151F : 92;
	1520 : 21;
	1521 : 21;
	1522 : B2;
	1523 : D7;
	1524 : D7;
	1525 : D7;
	1526 : D7;
	1527 : DB;
	1528 : DB;
	1529 : DB;
	152A : DB;
	152B : FF;
	152C : FF;
	152D : FF;
	152E : FF;
	152F : FF;
	1530 : FF;
	1531 : FF;
	1532 : B6;
	1533 : 25;
	1534 : 25;
	1535 : 6D;
	1536 : 6D;
	1537 : 2D;
	1538 : 2D;
	1539 : 2D;
	153A : 2D;
	153B : 25;
	153C : 25;
	153D : 25;
	153E : 24;
	153F : 24;
	1540 : 24;
	1541 : 24;
	1542 : 24;
	1543 : 24;
	1544 : 24;
	1545 : 24;
	1546 : 24;
	1547 : 24;
	1548 : 24;
	1549 : 24;
	154A : 24;
	154B : 24;
	154C : 24;
	154D : 24;
	154E : 24;
	154F : 24;
	1550 : 25;
	1551 : 25;
	1552 : 25;
	1553 : 25;
	1554 : 25;
	1555 : 25;
	1556 : 25;
	1557 : 2D;
	1558 : 25;
	1559 : 65;
	155A : 21;
	155B : 00;
	155C : 6D;
	155D : 6D;
	155E : 65;
	155F : 21;
	1560 : 8E;
	1561 : D7;
	1562 : D7;
	1563 : D7;
	1564 : D7;
	1565 : D7;
	1566 : DB;
	1567 : DB;
	1568 : DB;
	1569 : DB;
	156A : DF;
	156B : FF;
	156C : FF;
	156D : FF;
	156E : FF;
	156F : FF;
	1570 : FF;
	1571 : FF;
	1572 : FB;
	1573 : DB;
	1574 : 01;
	1575 : 25;
	1576 : 6D;
	1577 : 6D;
	1578 : 2D;
	1579 : 2D;
	157A : 2D;
	157B : 25;
	157C : 25;
	157D : 25;
	157E : 24;
	157F : 24;
	1580 : 25;
	1581 : 25;
	1582 : 24;
	1583 : 24;
	1584 : 24;
	1585 : 24;
	1586 : 24;
	1587 : 24;
	1588 : 24;
	1589 : 24;
	158A : 24;
	158B : 24;
	158C : 24;
	158D : 24;
	158E : 25;
	158F : 25;
	1590 : 25;
	1591 : 25;
	1592 : 25;
	1593 : 25;
	1594 : 25;
	1595 : 25;
	1596 : 2D;
	1597 : 2D;
	1598 : 2D;
	1599 : 2D;
	159A : 25;
	159B : 25;
	159C : 21;
	159D : 6D;
	159E : 21;
	159F : 21;
	15A0 : D7;
	15A1 : D7;
	15A2 : D7;
	15A3 : D7;
	15A4 : D7;
	15A5 : DB;
	15A6 : DB;
	15A7 : DB;
	15A8 : DB;
	15A9 : DB;
	15AA : DF;
	15AB : FF;
	15AC : FF;
	15AD : FF;
	15AE : FF;
	15AF : FF;
	15B0 : FF;
	15B1 : FF;
	15B2 : DF;
	15B3 : DB;
	15B4 : 6E;
	15B5 : 25;
	15B6 : 6D;
	15B7 : 6D;
	15B8 : 6D;
	15B9 : 6D;
	15BA : 2D;
	15BB : 2D;
	15BC : 25;
	15BD : 25;
	15BE : 24;
	15BF : 24;
	15C0 : 24;
	15C1 : 25;
	15C2 : 24;
	15C3 : 24;
	15C4 : 24;
	15C5 : 24;
	15C6 : 24;
	15C7 : 24;
	15C8 : 24;
	15C9 : 24;
	15CA : 24;
	15CB : 24;
	15CC : 24;
	15CD : 24;
	15CE : 25;
	15CF : 25;
	15D0 : 25;
	15D1 : 25;
	15D2 : 25;
	15D3 : 25;
	15D4 : 25;
	15D5 : 25;
	15D6 : 2D;
	15D7 : 2D;
	15D8 : 2D;
	15D9 : 2D;
	15DA : 6D;
	15DB : 6D;
	15DC : 6E;
	15DD : 21;
	15DE : 01;
	15DF : 21;
	15E0 : D7;
	15E1 : D7;
	15E2 : D7;
	15E3 : D7;
	15E4 : D7;
	15E5 : DB;
	15E6 : DB;
	15E7 : DB;
	15E8 : DB;
	15E9 : DB;
	15EA : DF;
	15EB : FF;
	15EC : FF;
	15ED : FF;
	15EE : FF;
	15EF : FF;
	15F0 : FF;
	15F1 : FF;
	15F2 : DF;
	15F3 : DB;
	15F4 : DB;
	15F5 : 21;
	15F6 : 6E;
	15F7 : 6D;
	15F8 : 6D;
	15F9 : 6D;
	15FA : 2D;
	15FB : 2D;
	15FC : 25;
	15FD : 25;
	15FE : 24;
	15FF : 24;
	1600 : 24;
	1601 : 25;
	1602 : 24;
	1603 : 24;
	1604 : 24;
	1605 : 24;
	1606 : 24;
	1607 : 24;
	1608 : 00;
	1609 : 00;
	160A : 24;
	160B : 24;
	160C : 24;
	160D : 24;
	160E : 25;
	160F : 25;
	1610 : 25;
	1611 : 25;
	1612 : 25;
	1613 : 25;
	1614 : 25;
	1615 : 25;
	1616 : 2D;
	1617 : 2D;
	1618 : 2D;
	1619 : 2D;
	161A : 6D;
	161B : 6D;
	161C : 6E;
	161D : 21;
	161E : 21;
	161F : B2;
	1620 : D7;
	1621 : D7;
	1622 : D7;
	1623 : D7;
	1624 : D7;
	1625 : DB;
	1626 : DB;
	1627 : DB;
	1628 : DB;
	1629 : DB;
	162A : DB;
	162B : DF;
	162C : FF;
	162D : FF;
	162E : FF;
	162F : FF;
	1630 : FF;
	1631 : FF;
	1632 : FF;
	1633 : DB;
	1634 : DB;
	1635 : FB;
	1636 : 25;
	1637 : 6D;
	1638 : 6D;
	1639 : 6D;
	163A : 6D;
	163B : 2D;
	163C : 25;
	163D : 25;
	163E : 24;
	163F : 24;
	1640 : 25;
	1641 : 24;
	1642 : 24;
	1643 : 24;
	1644 : 24;
	1645 : 24;
	1646 : 24;
	1647 : 24;
	1648 : 00;
	1649 : 00;
	164A : 24;
	164B : 24;
	164C : 24;
	164D : 24;
	164E : 25;
	164F : 24;
	1650 : 25;
	1651 : 25;
	1652 : 25;
	1653 : 25;
	1654 : 25;
	1655 : 25;
	1656 : 2D;
	1657 : 2D;
	1658 : 2D;
	1659 : 6D;
	165A : 6D;
	165B : 6D;
	165C : 6E;
	165D : 00;
	165E : 6D;
	165F : B2;
	1660 : DB;
	1661 : DB;
	1662 : DB;
	1663 : DB;
	1664 : D7;
	1665 : DB;
	1666 : DB;
	1667 : DB;
	1668 : DB;
	1669 : DB;
	166A : DB;
	166B : DB;
	166C : DF;
	166D : FF;
	166E : FF;
	166F : FF;
	1670 : FF;
	1671 : DF;
	1672 : DB;
	1673 : DB;
	1674 : DB;
	1675 : D7;
	1676 : 00;
	1677 : 6D;
	1678 : 6D;
	1679 : 6D;
	167A : 6D;
	167B : 2D;
	167C : 25;
	167D : 25;
	167E : 24;
	167F : 24;
	1680 : 24;
	1681 : 25;
	1682 : 24;
	1683 : 24;
	1684 : 24;
	1685 : 24;
	1686 : 04;
	1687 : 04;
	1688 : 20;
	1689 : 24;
	168A : 24;
	168B : 24;
	168C : 24;
	168D : 25;
	168E : 25;
	168F : 25;
	1690 : 25;
	1691 : 25;
	1692 : 25;
	1693 : 2D;
	1694 : 2D;
	1695 : 25;
	1696 : 25;
	1697 : 25;
	1698 : 6D;
	1699 : 6D;
	169A : 6D;
	169B : 6D;
	169C : 21;
	169D : 65;
	169E : 8E;
	169F : DB;
	16A0 : DB;
	16A1 : DB;
	16A2 : D7;
	16A3 : DB;
	16A4 : DB;
	16A5 : DB;
	16A6 : DB;
	16A7 : DB;
	16A8 : DB;
	16A9 : DB;
	16AA : DB;
	16AB : DB;
	16AC : DB;
	16AD : DB;
	16AE : DF;
	16AF : DF;
	16B0 : DB;
	16B1 : DB;
	16B2 : DB;
	16B3 : DB;
	16B4 : DB;
	16B5 : DB;
	16B6 : 21;
	16B7 : 25;
	16B8 : 6D;
	16B9 : 6D;
	16BA : 6D;
	16BB : 6D;
	16BC : 25;
	16BD : 25;
	16BE : 24;
	16BF : 24;
	16C0 : 24;
	16C1 : 24;
	16C2 : 24;
	16C3 : 24;
	16C4 : 24;
	16C5 : 24;
	16C6 : 24;
	16C7 : 24;
	16C8 : 24;
	16C9 : 24;
	16CA : 24;
	16CB : 24;
	16CC : 24;
	16CD : 24;
	16CE : 24;
	16CF : 24;
	16D0 : 24;
	16D1 : 25;
	16D2 : 25;
	16D3 : 25;
	16D4 : 25;
	16D5 : 6D;
	16D6 : 25;
	16D7 : 25;
	16D8 : 6D;
	16D9 : 6D;
	16DA : 6D;
	16DB : 6D;
	16DC : 21;
	16DD : 65;
	16DE : 92;
	16DF : DB;
	16E0 : DB;
	16E1 : DB;
	16E2 : DB;
	16E3 : DB;
	16E4 : DB;
	16E5 : DB;
	16E6 : DB;
	16E7 : DB;
	16E8 : DB;
	16E9 : DB;
	16EA : DB;
	16EB : DB;
	16EC : DB;
	16ED : DB;
	16EE : DB;
	16EF : DB;
	16F0 : DB;
	16F1 : DB;
	16F2 : DB;
	16F3 : DB;
	16F4 : DB;
	16F5 : DB;
	16F6 : B6;
	16F7 : 21;
	16F8 : 6D;
	16F9 : 6D;
	16FA : 6D;
	16FB : 6D;
	16FC : 25;
	16FD : 25;
	16FE : 24;
	16FF : 24;
	1700 : 00;
	1701 : 00;
	1702 : 00;
	1703 : 00;
	1704 : 00;
	1705 : 00;
	1706 : 00;
	1707 : 00;
	1708 : 00;
	1709 : 00;
	170A : 24;
	170B : 00;
	170C : 24;
	170D : 24;
	170E : 24;
	170F : 24;
	1710 : 24;
	1711 : 24;
	1712 : 24;
	1713 : 24;
	1714 : 24;
	1715 : 25;
	1716 : 25;
	1717 : 25;
	1718 : 25;
	1719 : 25;
	171A : 2D;
	171B : 25;
	171C : 21;
	171D : 65;
	171E : B2;
	171F : DB;
	1720 : DB;
	1721 : DB;
	1722 : DB;
	1723 : DB;
	1724 : DB;
	1725 : DB;
	1726 : DB;
	1727 : DB;
	1728 : DB;
	1729 : DB;
	172A : DB;
	172B : DB;
	172C : DB;
	172D : DB;
	172E : DB;
	172F : DB;
	1730 : DB;
	1731 : DB;
	1732 : DB;
	1733 : DB;
	1734 : DB;
	1735 : DB;
	1736 : DB;
	1737 : 21;
	1738 : 25;
	1739 : 25;
	173A : 25;
	173B : 25;
	173C : 25;
	173D : 25;
	173E : 24;
	173F : 24;
	1740 : 00;
	1741 : 00;
	1742 : 00;
	1743 : 00;
	1744 : 24;
	1745 : 24;
	1746 : 24;
	1747 : 24;
	1748 : 24;
	1749 : 24;
	174A : 24;
	174B : 24;
	174C : 25;
	174D : 25;
	174E : 25;
	174F : 25;
	1750 : 25;
	1751 : 6D;
	1752 : 6D;
	1753 : 6D;
	1754 : 6D;
	1755 : 6D;
	1756 : 6D;
	1757 : 6D;
	1758 : 6D;
	1759 : 6D;
	175A : 6D;
	175B : 21;
	175C : 21;
	175D : 65;
	175E : D7;
	175F : DB;
	1760 : DB;
	1761 : DB;
	1762 : DB;
	1763 : DB;
	1764 : DB;
	1765 : DB;
	1766 : DB;
	1767 : DB;
	1768 : DB;
	1769 : DB;
	176A : DB;
	176B : DB;
	176C : DB;
	176D : DB;
	176E : DB;
	176F : DB;
	1770 : DB;
	1771 : DB;
	1772 : DB;
	1773 : DB;
	1774 : DB;
	1775 : DB;
	1776 : DB;
	1777 : B2;
	1778 : 25;
	1779 : 6D;
	177A : 6D;
	177B : 6D;
	177C : 25;
	177D : 25;
	177E : 24;
	177F : 24;
	1780 : 00;
	1781 : 00;
	1782 : 00;
	1783 : 00;
	1784 : 6D;
	1785 : 65;
	1786 : 65;
	1787 : 6D;
	1788 : 65;
	1789 : 65;
	178A : 6D;
	178B : 6D;
	178C : 6D;
	178D : 6D;
	178E : 6D;
	178F : 6D;
	1790 : 6D;
	1791 : 6D;
	1792 : 6D;
	1793 : 6D;
	1794 : 6D;
	1795 : 6D;
	1796 : 6D;
	1797 : 6D;
	1798 : 71;
	1799 : 91;
	179A : 92;
	179B : 01;
	179C : 25;
	179D : D7;
	179E : DB;
	179F : DB;
	17A0 : DB;
	17A1 : DB;
	17A2 : DB;
	17A3 : DB;
	17A4 : DB;
	17A5 : DB;
	17A6 : DB;
	17A7 : DB;
	17A8 : DB;
	17A9 : DB;
	17AA : DB;
	17AB : DB;
	17AC : DB;
	17AD : DB;
	17AE : DB;
	17AF : DB;
	17B0 : DB;
	17B1 : DB;
	17B2 : DB;
	17B3 : DB;
	17B4 : DB;
	17B5 : DB;
	17B6 : DB;
	17B7 : D7;
	17B8 : 25;
	17B9 : 92;
	17BA : 6D;
	17BB : 6D;
	17BC : 25;
	17BD : 25;
	17BE : 25;
	17BF : 24;
	17C0 : 00;
	17C1 : 00;
	17C2 : 25;
	17C3 : 25;
	17C4 : 24;
	17C5 : 24;
	17C6 : 24;
	17C7 : 24;
	17C8 : 24;
	17C9 : 24;
	17CA : 24;
	17CB : 25;
	17CC : 6D;
	17CD : 6D;
	17CE : 6D;
	17CF : 6D;
	17D0 : 2D;
	17D1 : 2D;
	17D2 : 6D;
	17D3 : 6D;
	17D4 : 6D;
	17D5 : 6D;
	17D6 : 6D;
	17D7 : 01;
	17D8 : 71;
	17D9 : 71;
	17DA : 92;
	17DB : 21;
	17DC : 8D;
	17DD : DB;
	17DE : DB;
	17DF : DB;
	17E0 : DB;
	17E1 : DB;
	17E2 : DB;
	17E3 : DB;
	17E4 : DB;
	17E5 : DB;
	17E6 : DB;
	17E7 : DB;
	17E8 : DB;
	17E9 : DB;
	17EA : DB;
	17EB : DB;
	17EC : DB;
	17ED : DB;
	17EE : DB;
	17EF : DB;
	17F0 : DB;
	17F1 : DB;
	17F2 : DB;
	17F3 : DB;
	17F4 : DB;
	17F5 : DB;
	17F6 : DB;
	17F7 : D7;
	17F8 : 25;
	17F9 : 6D;
	17FA : 6D;
	17FB : 6D;
	17FC : 25;
	17FD : 25;
	17FE : 25;
	17FF : 24;
	1800 : 00;
	1801 : 00;
	1802 : 25;
	1803 : 25;
	1804 : 24;
	1805 : 24;
	1806 : 24;
	1807 : 24;
	1808 : 25;
	1809 : 25;
	180A : 25;
	180B : 25;
	180C : 6D;
	180D : 6D;
	180E : 6D;
	180F : 6D;
	1810 : 2D;
	1811 : 6D;
	1812 : 6D;
	1813 : 6D;
	1814 : 6D;
	1815 : 6D;
	1816 : 25;
	1817 : 25;
	1818 : 25;
	1819 : 92;
	181A : 8E;
	181B : 01;
	181C : 8E;
	181D : D7;
	181E : DB;
	181F : DB;
	1820 : DB;
	1821 : DB;
	1822 : D7;
	1823 : DB;
	1824 : DB;
	1825 : DB;
	1826 : DB;
	1827 : DB;
	1828 : DB;
	1829 : DB;
	182A : DB;
	182B : DB;
	182C : DB;
	182D : DB;
	182E : DB;
	182F : DB;
	1830 : DB;
	1831 : DB;
	1832 : DB;
	1833 : DB;
	1834 : FF;
	1835 : DB;
	1836 : FB;
	1837 : D7;
	1838 : 25;
	1839 : 8E;
	183A : 6D;
	183B : 6D;
	183C : 25;
	183D : 25;
	183E : 24;
	183F : 24;
	1840 : 24;
	1841 : 25;
	1842 : 24;
	1843 : 24;
	1844 : 24;
	1845 : 24;
	1846 : 25;
	1847 : 24;
	1848 : 25;
	1849 : 25;
	184A : 25;
	184B : 25;
	184C : 25;
	184D : 2D;
	184E : 2D;
	184F : 2D;
	1850 : 2D;
	1851 : 6D;
	1852 : 6D;
	1853 : 6D;
	1854 : 6D;
	1855 : 6D;
	1856 : 25;
	1857 : 8E;
	1858 : 6D;
	1859 : 21;
	185A : 25;
	185B : 25;
	185C : 92;
	185D : B2;
	185E : D7;
	185F : D7;
	1860 : DB;
	1861 : DB;
	1862 : DB;
	1863 : DB;
	1864 : D7;
	1865 : DB;
	1866 : DB;
	1867 : DB;
	1868 : DB;
	1869 : DB;
	186A : DB;
	186B : DB;
	186C : DB;
	186D : DB;
	186E : DB;
	186F : DB;
	1870 : DB;
	1871 : DF;
	1872 : FF;
	1873 : FF;
	1874 : 6D;
	1875 : 8E;
	1876 : FF;
	1877 : DB;
	1878 : 25;
	1879 : 6E;
	187A : 6D;
	187B : 6D;
	187C : 6D;
	187D : 2D;
	187E : 00;
	187F : 00;
	1880 : 24;
	1881 : 24;
	1882 : 24;
	1883 : 24;
	1884 : 24;
	1885 : 24;
	1886 : 24;
	1887 : 25;
	1888 : 25;
	1889 : 25;
	188A : 25;
	188B : 25;
	188C : 25;
	188D : 2D;
	188E : 2D;
	188F : 2D;
	1890 : 2D;
	1891 : 6D;
	1892 : 6D;
	1893 : 6D;
	1894 : 6D;
	1895 : 6D;
	1896 : 25;
	1897 : 8E;
	1898 : 8E;
	1899 : 25;
	189A : 25;
	189B : 8E;
	189C : 8E;
	189D : 92;
	189E : D7;
	189F : D7;
	18A0 : DB;
	18A1 : DB;
	18A2 : D7;
	18A3 : D7;
	18A4 : DB;
	18A5 : 65;
	18A6 : 92;
	18A7 : FF;
	18A8 : FF;
	18A9 : FF;
	18AA : DF;
	18AB : DB;
	18AC : DB;
	18AD : DB;
	18AE : DB;
	18AF : DB;
	18B0 : FF;
	18B1 : FF;
	18B2 : FF;
	18B3 : B6;
	18B4 : 92;
	18B5 : 6E;
	18B6 : FF;
	18B7 : FB;
	18B8 : 25;
	18B9 : 2D;
	18BA : 25;
	18BB : 00;
	18BC : 00;
	18BD : 00;
	18BE : 24;
	18BF : 24;
	18C0 : 24;
	18C1 : 24;
	18C2 : 24;
	18C3 : 24;
	18C4 : 24;
	18C5 : 24;
	18C6 : 24;
	18C7 : 24;
	18C8 : 25;
	18C9 : 25;
	18CA : 25;
	18CB : 25;
	18CC : 25;
	18CD : 2D;
	18CE : 2D;
	18CF : 6D;
	18D0 : 6D;
	18D1 : 6D;
	18D2 : 6D;
	18D3 : 6D;
	18D4 : 6D;
	18D5 : 6D;
	18D6 : 25;
	18D7 : 8E;
	18D8 : 8E;
	18D9 : 8E;
	18DA : 8E;
	18DB : 8D;
	18DC : 8D;
	18DD : 92;
	18DE : B6;
	18DF : D7;
	18E0 : D7;
	18E1 : DB;
	18E2 : DB;
	18E3 : DB;
	18E4 : FF;
	18E5 : 6D;
	18E6 : 6D;
	18E7 : 8D;
	18E8 : 92;
	18E9 : FF;
	18EA : FF;
	18EB : FF;
	18EC : DB;
	18ED : FF;
	18EE : DB;
	18EF : DF;
	18F0 : D6;
	18F1 : FF;
	18F2 : DB;
	18F3 : DB;
	18F4 : B2;
	18F5 : 6E;
	18F6 : FF;
	18F7 : B6;
	18F8 : 65;
	18F9 : 8D;
	18FA : 8D;
	18FB : 8D;
	18FC : 8D;
	18FD : 8D;
	18FE : 24;
	18FF : 65;
	1900 : 24;
	1901 : 24;
	1902 : 24;
	1903 : 24;
	1904 : 24;
	1905 : 24;
	1906 : 25;
	1907 : 25;
	1908 : 25;
	1909 : 25;
	190A : 25;
	190B : 25;
	190C : 25;
	190D : 6D;
	190E : 6D;
	190F : 6D;
	1910 : 6D;
	1911 : 6D;
	1912 : 6D;
	1913 : 6D;
	1914 : 6D;
	1915 : 6D;
	1916 : 25;
	1917 : 65;
	1918 : 8E;
	1919 : B2;
	191A : 8E;
	191B : 6D;
	191C : 8D;
	191D : 92;
	191E : B6;
	191F : D7;
	1920 : D7;
	1921 : DB;
	1922 : DB;
	1923 : DB;
	1924 : FF;
	1925 : 8D;
	1926 : 8D;
	1927 : 92;
	1928 : B2;
	1929 : B6;
	192A : B6;
	192B : FF;
	192C : B2;
	192D : FF;
	192E : DF;
	192F : FF;
	1930 : B2;
	1931 : B7;
	1932 : FF;
	1933 : FF;
	1934 : 92;
	1935 : B6;
	1936 : FB;
	1937 : 65;
	1938 : 65;
	1939 : 8D;
	193A : 8D;
	193B : 6D;
	193C : 65;
	193D : 8D;
	193E : 65;
	193F : 65;
	1940 : 24;
	1941 : 24;
	1942 : 24;
	1943 : 24;
	1944 : 24;
	1945 : 25;
	1946 : 25;
	1947 : 25;
	1948 : 25;
	1949 : 25;
	194A : 25;
	194B : 25;
	194C : 24;
	194D : 24;
	194E : 25;
	194F : 25;
	1950 : 25;
	1951 : 25;
	1952 : 6D;
	1953 : 6D;
	1954 : 6D;
	1955 : 6D;
	1956 : 25;
	1957 : 65;
	1958 : 8E;
	1959 : B2;
	195A : 92;
	195B : 6D;
	195C : 92;
	195D : B2;
	195E : B2;
	195F : B2;
	1960 : D7;
	1961 : D7;
	1962 : DB;
	1963 : DB;
	1964 : DB;
	1965 : 65;
	1966 : 92;
	1967 : B2;
	1968 : BA;
	1969 : FF;
	196A : FF;
	196B : B2;
	196C : B2;
	196D : FF;
	196E : DF;
	196F : DF;
	1970 : FF;
	1971 : 92;
	1972 : B6;
	1973 : 92;
	1974 : FF;
	1975 : FF;
	1976 : D7;
	1977 : 21;
	1978 : 25;
	1979 : 00;
	197A : 00;
	197B : 20;
	197C : 6D;
	197D : 64;
	197E : 64;
	197F : 8D;
	1980 : 25;
	1981 : 24;
	1982 : 24;
	1983 : 25;
	1984 : 24;
	1985 : 25;
	1986 : 24;
	1987 : 25;
	1988 : 25;
	1989 : 25;
	198A : 25;
	198B : 25;
	198C : 24;
	198D : 24;
	198E : 25;
	198F : 25;
	1990 : 25;
	1991 : 25;
	1992 : 6D;
	1993 : 6D;
	1994 : 6D;
	1995 : 6D;
	1996 : 6D;
	1997 : 25;
	1998 : 65;
	1999 : 8E;
	199A : 92;
	199B : 8E;
	199C : B2;
	199D : B2;
	199E : B2;
	199F : B2;
	19A0 : B6;
	19A1 : D7;
	19A2 : DB;
	19A3 : DB;
	19A4 : DB;
	19A5 : DF;
	19A6 : 2D;
	19A7 : B6;
	19A8 : B6;
	19A9 : FF;
	19AA : FF;
	19AB : DB;
	19AC : DF;
	19AD : DF;
	19AE : DB;
	19AF : DB;
	19B0 : DB;
	19B1 : DB;
	19B2 : FF;
	19B3 : FF;
	19B4 : FF;
	19B5 : FF;
	19B6 : 25;
	19B7 : 92;
	19B8 : 00;
	19B9 : 00;
	19BA : 00;
	19BB : 24;
	19BC : 65;
	19BD : 64;
	19BE : 65;
	19BF : 65;
	19C0 : 24;
	19C1 : 24;
	19C2 : 24;
	19C3 : 25;
	19C4 : 24;
	19C5 : 25;
	19C6 : 25;
	19C7 : 25;
	19C8 : 25;
	19C9 : 25;
	19CA : 25;
	19CB : 25;
	19CC : 24;
	19CD : 24;
	19CE : 25;
	19CF : 25;
	19D0 : 6D;
	19D1 : 6D;
	19D2 : 6D;
	19D3 : 6D;
	19D4 : 6D;
	19D5 : 6D;
	19D6 : 6D;
	19D7 : 25;
	19D8 : 25;
	19D9 : 65;
	19DA : 8D;
	19DB : B2;
	19DC : B2;
	19DD : B2;
	19DE : B2;
	19DF : B2;
	19E0 : B2;
	19E1 : B2;
	19E2 : DB;
	19E3 : DB;
	19E4 : DB;
	19E5 : DB;
	19E6 : FF;
	19E7 : B7;
	19E8 : 92;
	19E9 : 92;
	19EA : 92;
	19EB : FF;
	19EC : DF;
	19ED : DB;
	19EE : DB;
	19EF : DB;
	19F0 : DB;
	19F1 : DB;
	19F2 : DB;
	19F3 : FF;
	19F4 : FB;
	19F5 : D7;
	19F6 : 21;
	19F7 : 65;
	19F8 : 8D;
	19F9 : 8D;
	19FA : 8D;
	19FB : 8D;
	19FC : 65;
	19FD : 8D;
	19FE : 8D;
	19FF : 6D;
	1A00 : 24;
	1A01 : 24;
	1A02 : 24;
	1A03 : 24;
	1A04 : 24;
	1A05 : 25;
	1A06 : 25;
	1A07 : 25;
	1A08 : 25;
	1A09 : 25;
	1A0A : 25;
	1A0B : 25;
	1A0C : 24;
	1A0D : 25;
	1A0E : 25;
	1A0F : 25;
	1A10 : 6D;
	1A11 : 6D;
	1A12 : 6D;
	1A13 : 6D;
	1A14 : 6D;
	1A15 : 6D;
	1A16 : 6D;
	1A17 : 6D;
	1A18 : 25;
	1A19 : 25;
	1A1A : 8E;
	1A1B : D6;
	1A1C : 92;
	1A1D : B2;
	1A1E : B2;
	1A1F : B2;
	1A20 : B2;
	1A21 : B2;
	1A22 : B2;
	1A23 : DB;
	1A24 : DB;
	1A25 : DB;
	1A26 : DB;
	1A27 : DB;
	1A28 : DB;
	1A29 : DF;
	1A2A : DF;
	1A2B : DF;
	1A2C : DB;
	1A2D : DB;
	1A2E : DB;
	1A2F : DB;
	1A30 : DB;
	1A31 : DB;
	1A32 : DB;
	1A33 : DB;
	1A34 : 86;
	1A35 : 65;
	1A36 : 00;
	1A37 : 00;
	1A38 : 24;
	1A39 : 65;
	1A3A : 65;
	1A3B : 65;
	1A3C : 64;
	1A3D : 8D;
	1A3E : 8D;
	1A3F : 65;
	1A40 : 25;
	1A41 : 24;
	1A42 : 24;
	1A43 : 24;
	1A44 : 25;
	1A45 : 25;
	1A46 : 25;
	1A47 : 25;
	1A48 : 25;
	1A49 : 25;
	1A4A : 25;
	1A4B : 25;
	1A4C : 6D;
	1A4D : 6D;
	1A4E : 6D;
	1A4F : 6D;
	1A50 : 6D;
	1A51 : 6D;
	1A52 : 6D;
	1A53 : 6D;
	1A54 : 6D;
	1A55 : 6D;
	1A56 : 6D;
	1A57 : 6D;
	1A58 : 6D;
	1A59 : 65;
	1A5A : 65;
	1A5B : 65;
	1A5C : 92;
	1A5D : 8E;
	1A5E : B2;
	1A5F : B2;
	1A60 : B2;
	1A61 : B2;
	1A62 : B2;
	1A63 : B2;
	1A64 : B6;
	1A65 : DB;
	1A66 : DB;
	1A67 : DB;
	1A68 : DB;
	1A69 : DB;
	1A6A : DB;
	1A6B : DB;
	1A6C : DB;
	1A6D : DB;
	1A6E : DB;
	1A6F : DB;
	1A70 : DB;
	1A71 : D7;
	1A72 : D6;
	1A73 : B2;
	1A74 : 21;
	1A75 : 21;
	1A76 : 8D;
	1A77 : 8D;
	1A78 : 8D;
	1A79 : 8D;
	1A7A : 8D;
	1A7B : AD;
	1A7C : 64;
	1A7D : 64;
	1A7E : 64;
	1A7F : 64;
	1A80 : 24;
	1A81 : 25;
	1A82 : 24;
	1A83 : 24;
	1A84 : 25;
	1A85 : 25;
	1A86 : 25;
	1A87 : 25;
	1A88 : 25;
	1A89 : 25;
	1A8A : 25;
	1A8B : 2D;
	1A8C : 6D;
	1A8D : 6D;
	1A8E : 6D;
	1A8F : 6D;
	1A90 : 6D;
	1A91 : 6D;
	1A92 : 6D;
	1A93 : 6D;
	1A94 : 6D;
	1A95 : 6D;
	1A96 : 6D;
	1A97 : 6D;
	1A98 : 6D;
	1A99 : 6D;
	1A9A : 25;
	1A9B : 25;
	1A9C : 8E;
	1A9D : 8E;
	1A9E : D6;
	1A9F : 92;
	1AA0 : B2;
	1AA1 : B2;
	1AA2 : B2;
	1AA3 : B2;
	1AA4 : B2;
	1AA5 : B2;
	1AA6 : B2;
	1AA7 : D7;
	1AA8 : DB;
	1AA9 : DB;
	1AAA : DB;
	1AAB : DB;
	1AAC : DB;
	1AAD : DB;
	1AAE : DB;
	1AAF : B2;
	1AB0 : B2;
	1AB1 : B2;
	1AB2 : 8E;
	1AB3 : 65;
	1AB4 : 00;
	1AB5 : 8D;
	1AB6 : 8D;
	1AB7 : 8D;
	1AB8 : 8D;
	1AB9 : 8D;
	1ABA : 8D;
	1ABB : 8D;
	1ABC : AD;
	1ABD : 8D;
	1ABE : 8D;
	1ABF : 65;
	1AC0 : 24;
	1AC1 : 24;
	1AC2 : 24;
	1AC3 : 24;
	1AC4 : 25;
	1AC5 : 25;
	1AC6 : 25;
	1AC7 : 25;
	1AC8 : 25;
	1AC9 : 25;
	1ACA : 25;
	1ACB : 2D;
	1ACC : 6D;
	1ACD : 6D;
	1ACE : 6D;
	1ACF : 6D;
	1AD0 : 6D;
	1AD1 : 6D;
	1AD2 : 6D;
	1AD3 : 6D;
	1AD4 : 6D;
	1AD5 : 6D;
	1AD6 : 6D;
	1AD7 : 6D;
	1AD8 : 6D;
	1AD9 : 71;
	1ADA : 6D;
	1ADB : 6D;
	1ADC : 25;
	1ADD : 8D;
	1ADE : B6;
	1ADF : 8E;
	1AE0 : 8E;
	1AE1 : B6;
	1AE2 : B2;
	1AE3 : B6;
	1AE4 : B2;
	1AE5 : B2;
	1AE6 : B2;
	1AE7 : B2;
	1AE8 : B2;
	1AE9 : B2;
	1AEA : B2;
	1AEB : B2;
	1AEC : B2;
	1AED : B2;
	1AEE : B2;
	1AEF : B2;
	1AF0 : 92;
	1AF1 : 21;
	1AF2 : 25;
	1AF3 : 25;
	1AF4 : 6D;
	1AF5 : 6D;
	1AF6 : 00;
	1AF7 : 00;
	1AF8 : 00;
	1AF9 : 00;
	1AFA : 00;
	1AFB : 65;
	1AFC : 65;
	1AFD : 85;
	1AFE : 8D;
	1AFF : 8D;
	1B00 : 25;
	1B01 : 24;
	1B02 : 24;
	1B03 : 24;
	1B04 : 25;
	1B05 : 25;
	1B06 : 25;
	1B07 : 25;
	1B08 : 25;
	1B09 : 25;
	1B0A : 25;
	1B0B : 2D;
	1B0C : 2D;
	1B0D : 6D;
	1B0E : 6D;
	1B0F : 6D;
	1B10 : 6D;
	1B11 : 6D;
	1B12 : 6D;
	1B13 : 6D;
	1B14 : 6D;
	1B15 : 6D;
	1B16 : 6D;
	1B17 : 6D;
	1B18 : 6D;
	1B19 : 71;
	1B1A : 71;
	1B1B : 71;
	1B1C : 72;
	1B1D : 25;
	1B1E : 65;
	1B1F : 6D;
	1B20 : B2;
	1B21 : 92;
	1B22 : B2;
	1B23 : B2;
	1B24 : B2;
	1B25 : B2;
	1B26 : B2;
	1B27 : B2;
	1B28 : B2;
	1B29 : B2;
	1B2A : B2;
	1B2B : B2;
	1B2C : B2;
	1B2D : B2;
	1B2E : B2;
	1B2F : 8D;
	1B30 : 65;
	1B31 : 25;
	1B32 : 6D;
	1B33 : 25;
	1B34 : 25;
	1B35 : 24;
	1B36 : 00;
	1B37 : 00;
	1B38 : 00;
	1B39 : 00;
	1B3A : B2;
	1B3B : AD;
	1B3C : 8D;
	1B3D : 8D;
	1B3E : 85;
	1B3F : 8D;
	1B40 : 25;
	1B41 : 24;
	1B42 : 24;
	1B43 : 25;
	1B44 : 25;
	1B45 : 25;
	1B46 : 25;
	1B47 : 25;
	1B48 : 25;
	1B49 : 25;
	1B4A : 25;
	1B4B : 6D;
	1B4C : 6D;
	1B4D : 6D;
	1B4E : 6D;
	1B4F : 6D;
	1B50 : 6D;
	1B51 : 6D;
	1B52 : 6D;
	1B53 : 6D;
	1B54 : 6D;
	1B55 : 6D;
	1B56 : 6D;
	1B57 : 6D;
	1B58 : 6D;
	1B59 : 71;
	1B5A : 71;
	1B5B : 71;
	1B5C : 71;
	1B5D : 6D;
	1B5E : 25;
	1B5F : 25;
	1B60 : 65;
	1B61 : B2;
	1B62 : D6;
	1B63 : B6;
	1B64 : B2;
	1B65 : B2;
	1B66 : B2;
	1B67 : B6;
	1B68 : B2;
	1B69 : B2;
	1B6A : B6;
	1B6B : B6;
	1B6C : 92;
	1B6D : 6D;
	1B6E : 65;
	1B6F : 25;
	1B70 : 01;
	1B71 : 6D;
	1B72 : 00;
	1B73 : 00;
	1B74 : 8D;
	1B75 : 8D;
	1B76 : 24;
	1B77 : 8D;
	1B78 : 8D;
	1B79 : 8D;
	1B7A : 65;
	1B7B : 65;
	1B7C : 64;
	1B7D : 64;
	1B7E : 8D;
	1B7F : 84;
	1B80 : 24;
	1B81 : 24;
	1B82 : 24;
	1B83 : 25;
	1B84 : 25;
	1B85 : 25;
	1B86 : 25;
	1B87 : 25;
	1B88 : 25;
	1B89 : 25;
	1B8A : 25;
	1B8B : 6D;
	1B8C : 6D;
	1B8D : 2D;
	1B8E : 6D;
	1B8F : 6D;
	1B90 : 6D;
	1B91 : 6D;
	1B92 : 6D;
	1B93 : 6D;
	1B94 : 6D;
	1B95 : 6D;
	1B96 : 6D;
	1B97 : 6D;
	1B98 : 6D;
	1B99 : 71;
	1B9A : 71;
	1B9B : 71;
	1B9C : 71;
	1B9D : 71;
	1B9E : 2D;
	1B9F : 6D;
	1BA0 : 92;
	1BA1 : 25;
	1BA2 : 25;
	1BA3 : 6D;
	1BA4 : 6D;
	1BA5 : 6D;
	1BA6 : 8D;
	1BA7 : 8E;
	1BA8 : 8E;
	1BA9 : 6D;
	1BAA : 65;
	1BAB : 65;
	1BAC : 25;
	1BAD : 6D;
	1BAE : 71;
	1BAF : 71;
	1BB0 : 71;
	1BB1 : 00;
	1BB2 : 8D;
	1BB3 : 8D;
	1BB4 : 8D;
	1BB5 : 8D;
	1BB6 : 8D;
	1BB7 : AD;
	1BB8 : 8D;
	1BB9 : 8D;
	1BBA : 65;
	1BBB : 8D;
	1BBC : 8D;
	1BBD : 8D;
	1BBE : 8D;
	1BBF : 8C;
	1BC0 : 25;
	1BC1 : 24;
	1BC2 : 24;
	1BC3 : 25;
	1BC4 : 25;
	1BC5 : 25;
	1BC6 : 25;
	1BC7 : 25;
	1BC8 : 25;
	1BC9 : 25;
	1BCA : 25;
	1BCB : 6D;
	1BCC : 6D;
	1BCD : 2D;
	1BCE : 6D;
	1BCF : 6D;
	1BD0 : 6D;
	1BD1 : 6D;
	1BD2 : 6D;
	1BD3 : 6D;
	1BD4 : 6D;
	1BD5 : 6D;
	1BD6 : 6D;
	1BD7 : 6D;
	1BD8 : 6D;
	1BD9 : 71;
	1BDA : 71;
	1BDB : 71;
	1BDC : 71;
	1BDD : 6D;
	1BDE : 6D;
	1BDF : 6D;
	1BE0 : 72;
	1BE1 : 71;
	1BE2 : 6D;
	1BE3 : 6D;
	1BE4 : 6D;
	1BE5 : 6D;
	1BE6 : 71;
	1BE7 : 6D;
	1BE8 : 6D;
	1BE9 : 6E;
	1BEA : 6D;
	1BEB : 6D;
	1BEC : 6D;
	1BED : 6D;
	1BEE : 6D;
	1BEF : 6D;
	1BF0 : 6D;
	1BF1 : 00;
	1BF2 : 00;
	1BF3 : 00;
	1BF4 : 00;
	1BF5 : 00;
	1BF6 : 25;
	1BF7 : 6D;
	1BF8 : 6D;
	1BF9 : 6D;
	1BFA : 8D;
	1BFB : 8D;
	1BFC : 8D;
	1BFD : 8D;
	1BFE : 84;
	1BFF : 64;
	1C00 : 25;
	1C01 : 24;
	1C02 : 24;
	1C03 : 25;
	1C04 : 25;
	1C05 : 25;
	1C06 : 25;
	1C07 : 25;
	1C08 : 25;
	1C09 : 25;
	1C0A : 25;
	1C0B : 6D;
	1C0C : 2D;
	1C0D : 2D;
	1C0E : 6D;
	1C0F : 6D;
	1C10 : 6D;
	1C11 : 6D;
	1C12 : 6D;
	1C13 : 6D;
	1C14 : 6D;
	1C15 : 6D;
	1C16 : 6D;
	1C17 : 6D;
	1C18 : 6D;
	1C19 : 6D;
	1C1A : 6D;
	1C1B : 00;
	1C1C : 00;
	1C1D : 00;
	1C1E : 00;
	1C1F : 00;
	1C20 : 71;
	1C21 : 6D;
	1C22 : 6D;
	1C23 : 91;
	1C24 : 92;
	1C25 : 92;
	1C26 : 71;
	1C27 : 71;
	1C28 : 71;
	1C29 : 71;
	1C2A : 71;
	1C2B : 71;
	1C2C : 6D;
	1C2D : 6D;
	1C2E : 6D;
	1C2F : 6D;
	1C30 : 6D;
	1C31 : 6D;
	1C32 : 2D;
	1C33 : 00;
	1C34 : 00;
	1C35 : 00;
	1C36 : 00;
	1C37 : 00;
	1C38 : D6;
	1C39 : 00;
	1C3A : 6D;
	1C3B : 8D;
	1C3C : 00;
	1C3D : 00;
	1C3E : 24;
	1C3F : 64;
	1C40 : 25;
	1C41 : 24;
	1C42 : 24;
	1C43 : 24;
	1C44 : 25;
	1C45 : 25;
	1C46 : 25;
	1C47 : 25;
	1C48 : 25;
	1C49 : 25;
	1C4A : 25;
	1C4B : 2D;
	1C4C : 2D;
	1C4D : 6D;
	1C4E : 6D;
	1C4F : 6D;
	1C50 : 6D;
	1C51 : 6D;
	1C52 : 6D;
	1C53 : 6D;
	1C54 : 6D;
	1C55 : 6D;
	1C56 : 6D;
	1C57 : 6D;
	1C58 : 6D;
	1C59 : 00;
	1C5A : 00;
	1C5B : 6D;
	1C5C : 6D;
	1C5D : 6D;
	1C5E : 91;
	1C5F : 00;
	1C60 : 00;
	1C61 : 00;
	1C62 : 6D;
	1C63 : 91;
	1C64 : 91;
	1C65 : 71;
	1C66 : 71;
	1C67 : 71;
	1C68 : 71;
	1C69 : 71;
	1C6A : 71;
	1C6B : 71;
	1C6C : 6D;
	1C6D : 6D;
	1C6E : 6D;
	1C6F : 6D;
	1C70 : 6D;
	1C71 : 6D;
	1C72 : 6D;
	1C73 : F6;
	1C74 : 91;
	1C75 : 00;
	1C76 : 00;
	1C77 : F6;
	1C78 : D6;
	1C79 : D6;
	1C7A : 00;
	1C7B : 00;
	1C7C : 00;
	1C7D : 00;
	1C7E : 20;
	1C7F : 84;
	1C80 : 24;
	1C81 : 24;
	1C82 : 25;
	1C83 : 25;
	1C84 : 25;
	1C85 : 25;
	1C86 : 25;
	1C87 : 25;
	1C88 : 25;
	1C89 : 25;
	1C8A : 25;
	1C8B : 2D;
	1C8C : 2D;
	1C8D : 6D;
	1C8E : 6D;
	1C8F : 6D;
	1C90 : 6D;
	1C91 : 6D;
	1C92 : 6D;
	1C93 : 6D;
	1C94 : 6D;
	1C95 : 6D;
	1C96 : 6D;
	1C97 : 6D;
	1C98 : 00;
	1C99 : 00;
	1C9A : 6D;
	1C9B : 6D;
	1C9C : 6D;
	1C9D : 6D;
	1C9E : 8D;
	1C9F : 6D;
	1CA0 : 00;
	1CA1 : 00;
	1CA2 : 71;
	1CA3 : 71;
	1CA4 : 71;
	1CA5 : 71;
	1CA6 : 71;
	1CA7 : 71;
	1CA8 : 71;
	1CA9 : 71;
	1CAA : 71;
	1CAB : 6D;
	1CAC : 71;
	1CAD : 6D;
	1CAE : 6D;
	1CAF : 6D;
	1CB0 : 6D;
	1CB1 : 65;
	1CB2 : F6;
	1CB3 : F6;
	1CB4 : 8D;
	1CB5 : 00;
	1CB6 : D6;
	1CB7 : F6;
	1CB8 : F6;
	1CB9 : F6;
	1CBA : 00;
	1CBB : 00;
	1CBC : 64;
	1CBD : 8D;
	1CBE : 8C;
	1CBF : 64;
	1CC0 : 24;
	1CC1 : 24;
	1CC2 : 24;
	1CC3 : 25;
	1CC4 : 24;
	1CC5 : 24;
	1CC6 : 24;
	1CC7 : 25;
	1CC8 : 25;
	1CC9 : 25;
	1CCA : 25;
	1CCB : 25;
	1CCC : 2D;
	1CCD : 2D;
	1CCE : 6D;
	1CCF : 6D;
	1CD0 : 6D;
	1CD1 : 6D;
	1CD2 : 6D;
	1CD3 : 6D;
	1CD4 : 6D;
	1CD5 : 6D;
	1CD6 : 6D;
	1CD7 : 00;
	1CD8 : 00;
	1CD9 : 25;
	1CDA : 6D;
	1CDB : 6D;
	1CDC : 6D;
	1CDD : 6D;
	1CDE : 6D;
	1CDF : 6D;
	1CE0 : 6D;
	1CE1 : B6;
	1CE2 : 00;
	1CE3 : 91;
	1CE4 : 6D;
	1CE5 : 71;
	1CE6 : 71;
	1CE7 : 71;
	1CE8 : 71;
	1CE9 : 71;
	1CEA : 71;
	1CEB : 6D;
	1CEC : 6D;
	1CED : 6D;
	1CEE : 6D;
	1CEF : 6D;
	1CF0 : 91;
	1CF1 : D6;
	1CF2 : F6;
	1CF3 : B1;
	1CF4 : B2;
	1CF5 : B2;
	1CF6 : B1;
	1CF7 : F6;
	1CF8 : F6;
	1CF9 : F6;
	1CFA : 00;
	1CFB : 65;
	1CFC : 6D;
	1CFD : 6D;
	1CFE : 64;
	1CFF : 64;
	1D00 : 24;
	1D01 : 24;
	1D02 : 24;
	1D03 : 25;
	1D04 : 24;
	1D05 : 25;
	1D06 : 25;
	1D07 : 25;
	1D08 : 25;
	1D09 : 25;
	1D0A : 25;
	1D0B : 2D;
	1D0C : 2D;
	1D0D : 2D;
	1D0E : 6D;
	1D0F : 6D;
	1D10 : 6D;
	1D11 : 6D;
	1D12 : 6D;
	1D13 : 6D;
	1D14 : 2D;
	1D15 : 6D;
	1D16 : 6D;
	1D17 : 00;
	1D18 : 00;
	1D19 : 6D;
	1D1A : 6D;
	1D1B : 6D;
	1D1C : 6D;
	1D1D : 6D;
	1D1E : 6D;
	1D1F : 6D;
	1D20 : 6D;
	1D21 : 91;
	1D22 : 00;
	1D23 : 00;
	1D24 : 92;
	1D25 : 71;
	1D26 : 6D;
	1D27 : 71;
	1D28 : 6D;
	1D29 : 71;
	1D2A : 6D;
	1D2B : 6D;
	1D2C : 6D;
	1D2D : 6D;
	1D2E : 6D;
	1D2F : 91;
	1D30 : D6;
	1D31 : F6;
	1D32 : B2;
	1D33 : B2;
	1D34 : B2;
	1D35 : B1;
	1D36 : FA;
	1D37 : FA;
	1D38 : F6;
	1D39 : F6;
	1D3A : 00;
	1D3B : 00;
	1D3C : 00;
	1D3D : 00;
	1D3E : 24;
	1D3F : 20;
	1D40 : 25;
	1D41 : 24;
	1D42 : 24;
	1D43 : 24;
	1D44 : 24;
	1D45 : 25;
	1D46 : 25;
	1D47 : 25;
	1D48 : 25;
	1D49 : 25;
	1D4A : 25;
	1D4B : 2D;
	1D4C : 2D;
	1D4D : 6D;
	1D4E : 6D;
	1D4F : 6D;
	1D50 : 6D;
	1D51 : 6D;
	1D52 : 6D;
	1D53 : 6D;
	1D54 : 25;
	1D55 : 6D;
	1D56 : 91;
	1D57 : 00;
	1D58 : 00;
	1D59 : 91;
	1D5A : 6D;
	1D5B : 6D;
	1D5C : 6D;
	1D5D : 6D;
	1D5E : 6D;
	1D5F : 6D;
	1D60 : 6D;
	1D61 : 8D;
	1D62 : B6;
	1D63 : DA;
	1D64 : 00;
	1D65 : 00;
	1D66 : 71;
	1D67 : 6D;
	1D68 : 6D;
	1D69 : 6D;
	1D6A : 6D;
	1D6B : 6D;
	1D6C : 6D;
	1D6D : 6D;
	1D6E : 92;
	1D6F : B2;
	1D70 : B2;
	1D71 : B2;
	1D72 : B2;
	1D73 : B1;
	1D74 : B1;
	1D75 : FA;
	1D76 : FA;
	1D77 : F6;
	1D78 : F6;
	1D79 : F6;
	1D7A : F6;
	1D7B : 00;
	1D7C : 8D;
	1D7D : AD;
	1D7E : AD;
	1D7F : D1;
	1D80 : 24;
	1D81 : 25;
	1D82 : 24;
	1D83 : 24;
	1D84 : 25;
	1D85 : 25;
	1D86 : 25;
	1D87 : 25;
	1D88 : 25;
	1D89 : 25;
	1D8A : 25;
	1D8B : 2D;
	1D8C : 2D;
	1D8D : 6D;
	1D8E : 6D;
	1D8F : 2D;
	1D90 : 6D;
	1D91 : 6D;
	1D92 : 6D;
	1D93 : 6D;
	1D94 : 6D;
	1D95 : 6D;
	1D96 : 6D;
	1D97 : 00;
	1D98 : 00;
	1D99 : 6D;
	1D9A : 6D;
	1D9B : 6D;
	1D9C : 6D;
	1D9D : 6D;
	1D9E : 6D;
	1D9F : 6D;
	1DA0 : 6D;
	1DA1 : 6D;
	1DA2 : BA;
	1DA3 : DA;
	1DA4 : 6D;
	1DA5 : 24;
	1DA6 : 00;
	1DA7 : 24;
	1DA8 : 6D;
	1DA9 : 6D;
	1DAA : 6D;
	1DAB : 6D;
	1DAC : 6D;
	1DAD : 6D;
	1DAE : 6D;
	1DAF : 6D;
	1DB0 : B2;
	1DB1 : B2;
	1DB2 : B1;
	1DB3 : B1;
	1DB4 : F6;
	1DB5 : F6;
	1DB6 : F6;
	1DB7 : FA;
	1DB8 : F6;
	1DB9 : D1;
	1DBA : D6;
	1DBB : 00;
	1DBC : FA;
	1DBD : B1;
	1DBE : B1;
	1DBF : AD;
	1DC0 : 24;
	1DC1 : 25;
	1DC2 : 24;
	1DC3 : 24;
	1DC4 : 25;
	1DC5 : 25;
	1DC6 : 25;
	1DC7 : 25;
	1DC8 : 25;
	1DC9 : 25;
	1DCA : 25;
	1DCB : 25;
	1DCC : 2D;
	1DCD : 2D;
	1DCE : 6D;
	1DCF : 6D;
	1DD0 : 6D;
	1DD1 : 6D;
	1DD2 : 6D;
	1DD3 : 6D;
	1DD4 : 6D;
	1DD5 : 6D;
	1DD6 : 6D;
	1DD7 : 6D;
	1DD8 : 00;
	1DD9 : 00;
	1DDA : 00;
	1DDB : 6D;
	1DDC : 6D;
	1DDD : 6D;
	1DDE : 6D;
	1DDF : 6D;
	1DE0 : B6;
	1DE1 : B6;
	1DE2 : DA;
	1DE3 : DA;
	1DE4 : DA;
	1DE5 : DA;
	1DE6 : DB;
	1DE7 : 00;
	1DE8 : 6D;
	1DE9 : 6D;
	1DEA : 6D;
	1DEB : 6D;
	1DEC : 6D;
	1DED : 6D;
	1DEE : 6D;
	1DEF : 6D;
	1DF0 : 6D;
	1DF1 : B2;
	1DF2 : D1;
	1DF3 : FA;
	1DF4 : FA;
	1DF5 : F6;
	1DF6 : F6;
	1DF7 : FA;
	1DF8 : 00;
	1DF9 : 20;
	1DFA : 20;
	1DFB : 00;
	1DFC : FA;
	1DFD : D6;
	1DFE : D1;
	1DFF : CD;
	1E00 : 24;
	1E01 : 24;
	1E02 : 24;
	1E03 : 24;
	1E04 : 24;
	1E05 : 24;
	1E06 : 24;
	1E07 : 25;
	1E08 : 25;
	1E09 : 25;
	1E0A : 25;
	1E0B : 25;
	1E0C : 25;
	1E0D : 2D;
	1E0E : 6D;
	1E0F : 6D;
	1E10 : 6D;
	1E11 : 6D;
	1E12 : 6D;
	1E13 : 6D;
	1E14 : 6D;
	1E15 : 6D;
	1E16 : 6D;
	1E17 : 25;
	1E18 : 25;
	1E19 : 00;
	1E1A : 00;
	1E1B : 6D;
	1E1C : 6D;
	1E1D : 6D;
	1E1E : 6D;
	1E1F : 6D;
	1E20 : B6;
	1E21 : B6;
	1E22 : B6;
	1E23 : BA;
	1E24 : BA;
	1E25 : BA;
	1E26 : DA;
	1E27 : DA;
	1E28 : 00;
	1E29 : 00;
	1E2A : 91;
	1E2B : 6D;
	1E2C : 6D;
	1E2D : 6D;
	1E2E : 6D;
	1E2F : 6D;
	1E30 : 6D;
	1E31 : 65;
	1E32 : D1;
	1E33 : FA;
	1E34 : FA;
	1E35 : F6;
	1E36 : F6;
	1E37 : F6;
	1E38 : F6;
	1E39 : F6;
	1E3A : B1;
	1E3B : 00;
	1E3C : D1;
	1E3D : F1;
	1E3E : D1;
	1E3F : D1;
	1E40 : 25;
	1E41 : 24;
	1E42 : 25;
	1E43 : 25;
	1E44 : 24;
	1E45 : 25;
	1E46 : 24;
	1E47 : 25;
	1E48 : 25;
	1E49 : 25;
	1E4A : 25;
	1E4B : 25;
	1E4C : 25;
	1E4D : 2D;
	1E4E : 6D;
	1E4F : 6D;
	1E50 : 6D;
	1E51 : 6D;
	1E52 : 6D;
	1E53 : 6D;
	1E54 : 6D;
	1E55 : 6D;
	1E56 : 6D;
	1E57 : 6D;
	1E58 : 25;
	1E59 : 25;
	1E5A : 00;
	1E5B : 00;
	1E5C : 00;
	1E5D : 00;
	1E5E : B6;
	1E5F : 91;
	1E60 : B6;
	1E61 : B6;
	1E62 : B6;
	1E63 : B6;
	1E64 : B6;
	1E65 : BA;
	1E66 : B6;
	1E67 : 92;
	1E68 : DA;
	1E69 : DB;
	1E6A : 00;
	1E6B : 00;
	1E6C : 00;
	1E6D : 2D;
	1E6E : 6D;
	1E6F : 6D;
	1E70 : B2;
	1E71 : B1;
	1E72 : AD;
	1E73 : AD;
	1E74 : F6;
	1E75 : F6;
	1E76 : F6;
	1E77 : F5;
	1E78 : F5;
	1E79 : F5;
	1E7A : D6;
	1E7B : 00;
	1E7C : F5;
	1E7D : D1;
	1E7E : D1;
	1E7F : D1;
	1E80 : 24;
	1E81 : 24;
	1E82 : 24;
	1E83 : 24;
	1E84 : 24;
	1E85 : 24;
	1E86 : 24;
	1E87 : 25;
	1E88 : 25;
	1E89 : 25;
	1E8A : 25;
	1E8B : 25;
	1E8C : 25;
	1E8D : 25;
	1E8E : 6D;
	1E8F : 2D;
	1E90 : 6D;
	1E91 : 6D;
	1E92 : 6D;
	1E93 : 6D;
	1E94 : 6D;
	1E95 : 6D;
	1E96 : 6D;
	1E97 : 6D;
	1E98 : 6D;
	1E99 : 25;
	1E9A : 25;
	1E9B : 00;
	1E9C : 00;
	1E9D : 00;
	1E9E : B6;
	1E9F : 91;
	1EA0 : B6;
	1EA1 : B6;
	1EA2 : B6;
	1EA3 : B6;
	1EA4 : B6;
	1EA5 : 92;
	1EA6 : 91;
	1EA7 : B6;
	1EA8 : B6;
	1EA9 : BA;
	1EAA : DA;
	1EAB : DA;
	1EAC : 00;
	1EAD : 00;
	1EAE : 25;
	1EAF : 25;
	1EB0 : 6D;
	1EB1 : B1;
	1EB2 : B1;
	1EB3 : B1;
	1EB4 : F6;
	1EB5 : F6;
	1EB6 : F6;
	1EB7 : F5;
	1EB8 : F5;
	1EB9 : F5;
	1EBA : F5;
	1EBB : D1;
	1EBC : D1;
	1EBD : D1;
	1EBE : D1;
	1EBF : D1;
	1EC0 : 24;
	1EC1 : 25;
	1EC2 : 24;
	1EC3 : 24;
	1EC4 : 24;
	1EC5 : 24;
	1EC6 : 24;
	1EC7 : 24;
	1EC8 : 25;
	1EC9 : 25;
	1ECA : 24;
	1ECB : 24;
	1ECC : 25;
	1ECD : 25;
	1ECE : 2D;
	1ECF : 2D;
	1ED0 : 2D;
	1ED1 : 2D;
	1ED2 : 6D;
	1ED3 : 6D;
	1ED4 : 6D;
	1ED5 : 6D;
	1ED6 : 6D;
	1ED7 : 6D;
	1ED8 : 6D;
	1ED9 : 2D;
	1EDA : 25;
	1EDB : 25;
	1EDC : 65;
	1EDD : 00;
	1EDE : B6;
	1EDF : 91;
	1EE0 : B6;
	1EE1 : B6;
	1EE2 : B6;
	1EE3 : B6;
	1EE4 : B6;
	1EE5 : B6;
	1EE6 : B6;
	1EE7 : B6;
	1EE8 : B6;
	1EE9 : B6;
	1EEA : B6;
	1EEB : B6;
	1EEC : B6;
	1EED : B6;
	1EEE : 00;
	1EEF : 00;
	1EF0 : 00;
	1EF1 : 24;
	1EF2 : F6;
	1EF3 : F6;
	1EF4 : F6;
	1EF5 : F6;
	1EF6 : F5;
	1EF7 : F5;
	1EF8 : F6;
	1EF9 : F6;
	1EFA : F1;
	1EFB : F1;
	1EFC : F1;
	1EFD : D1;
	1EFE : D1;
	1EFF : D1;
	1F00 : 24;
	1F01 : 24;
	1F02 : 24;
	1F03 : 24;
	1F04 : 24;
	1F05 : 24;
	1F06 : 24;
	1F07 : 24;
	1F08 : 24;
	1F09 : 24;
	1F0A : 24;
	1F0B : 24;
	1F0C : 25;
	1F0D : 25;
	1F0E : 25;
	1F0F : 2D;
	1F10 : 25;
	1F11 : 2D;
	1F12 : 2D;
	1F13 : 6D;
	1F14 : 6D;
	1F15 : 6D;
	1F16 : 6D;
	1F17 : 6D;
	1F18 : 6D;
	1F19 : 6D;
	1F1A : 6D;
	1F1B : 25;
	1F1C : 25;
	1F1D : 25;
	1F1E : 24;
	1F1F : 00;
	1F20 : B6;
	1F21 : B2;
	1F22 : 92;
	1F23 : B2;
	1F24 : B6;
	1F25 : B6;
	1F26 : B6;
	1F27 : B6;
	1F28 : B6;
	1F29 : B6;
	1F2A : B6;
	1F2B : B6;
	1F2C : B2;
	1F2D : 91;
	1F2E : 91;
	1F2F : 91;
	1F30 : B1;
	1F31 : B1;
	1F32 : B1;
	1F33 : B1;
	1F34 : F6;
	1F35 : F5;
	1F36 : F5;
	1F37 : F5;
	1F38 : 20;
	1F39 : 00;
	1F3A : B1;
	1F3B : F5;
	1F3C : F1;
	1F3D : D1;
	1F3E : D1;
	1F3F : D1;
	1F40 : 24;
	1F41 : 24;
	1F42 : 24;
	1F43 : 24;
	1F44 : 24;
	1F45 : 24;
	1F46 : 25;
	1F47 : 25;
	1F48 : 24;
	1F49 : 25;
	1F4A : 25;
	1F4B : 6D;
	1F4C : 25;
	1F4D : 2D;
	1F4E : 25;
	1F4F : 25;
	1F50 : 25;
	1F51 : 25;
	1F52 : 25;
	1F53 : 2D;
	1F54 : 6D;
	1F55 : 2D;
	1F56 : 6D;
	1F57 : 6D;
	1F58 : 6D;
	1F59 : 6D;
	1F5A : 6D;
	1F5B : 6D;
	1F5C : 6D;
	1F5D : 25;
	1F5E : 24;
	1F5F : 24;
	1F60 : 00;
	1F61 : 00;
	1F62 : 6D;
	1F63 : 91;
	1F64 : B6;
	1F65 : B6;
	1F66 : B6;
	1F67 : B6;
	1F68 : B6;
	1F69 : B6;
	1F6A : 91;
	1F6B : 91;
	1F6C : 91;
	1F6D : 91;
	1F6E : 91;
	1F6F : 6D;
	1F70 : 6D;
	1F71 : B1;
	1F72 : AD;
	1F73 : AD;
	1F74 : AD;
	1F75 : F1;
	1F76 : F1;
	1F77 : F1;
	1F78 : D1;
	1F79 : D6;
	1F7A : 00;
	1F7B : 00;
	1F7C : D1;
	1F7D : D1;
	1F7E : D1;
	1F7F : D1;
	1F80 : 24;
	1F81 : 24;
	1F82 : 24;
	1F83 : 24;
	1F84 : 24;
	1F85 : 24;
	1F86 : 24;
	1F87 : 24;
	1F88 : 24;
	1F89 : 24;
	1F8A : 6D;
	1F8B : 25;
	1F8C : 25;
	1F8D : 25;
	1F8E : 25;
	1F8F : 25;
	1F90 : 25;
	1F91 : 25;
	1F92 : 25;
	1F93 : 2D;
	1F94 : 2D;
	1F95 : 2D;
	1F96 : 6D;
	1F97 : 6D;
	1F98 : 2D;
	1F99 : 2D;
	1F9A : 6D;
	1F9B : 6D;
	1F9C : 6D;
	1F9D : 2D;
	1F9E : 24;
	1F9F : 24;
	1FA0 : 25;
	1FA1 : 65;
	1FA2 : 00;
	1FA3 : 00;
	1FA4 : 91;
	1FA5 : 91;
	1FA6 : B6;
	1FA7 : B6;
	1FA8 : 91;
	1FA9 : 91;
	1FAA : 91;
	1FAB : 91;
	1FAC : 91;
	1FAD : 91;
	1FAE : 91;
	1FAF : 6D;
	1FB0 : 6D;
	1FB1 : 6D;
	1FB2 : 8D;
	1FB3 : AD;
	1FB4 : D1;
	1FB5 : B1;
	1FB6 : D1;
	1FB7 : F1;
	1FB8 : F1;
	1FB9 : F1;
	1FBA : D1;
	1FBB : 00;
	1FBC : 00;
	1FBD : D1;
	1FBE : D1;
	1FBF : D1;
	1FC0 : 00;
	1FC1 : 00;
	1FC2 : 00;
	1FC3 : 00;
	1FC4 : 24;
	1FC5 : 24;
	1FC6 : 24;
	1FC7 : 24;
	1FC8 : 24;
	1FC9 : 25;
	1FCA : 24;
	1FCB : 24;
	1FCC : 24;
	1FCD : 25;
	1FCE : 25;
	1FCF : 25;
	1FD0 : 25;
	1FD1 : 25;
	1FD2 : 24;
	1FD3 : 24;
	1FD4 : 25;
	1FD5 : 25;
	1FD6 : 24;
	1FD7 : 24;
	1FD8 : 24;
	1FD9 : 24;
	1FDA : 6D;
	1FDB : 6D;
	1FDC : 24;
	1FDD : 24;
	1FDE : 24;
	1FDF : 24;
	1FE0 : 24;
	1FE1 : 24;
	1FE2 : 24;
	1FE3 : 00;
	1FE4 : 91;
	1FE5 : 91;
	1FE6 : 91;
	1FE7 : 91;
	1FE8 : 91;
	1FE9 : 91;
	1FEA : 91;
	1FEB : 91;
	1FEC : 8D;
	1FED : 6D;
	1FEE : 64;
	1FEF : 6D;
	1FF0 : 24;
	1FF1 : 00;
	1FF2 : 00;
	1FF3 : B1;
	1FF4 : D1;
	1FF5 : B1;
	1FF6 : B1;
	1FF7 : AD;
	1FF8 : D1;
	1FF9 : F1;
	1FFA : D1;
	1FFB : D1;
	1FFC : D1;
	1FFD : D1;
	1FFE : D1;
	1FFF : D1;
	2000 : 00;
	2001 : 00;
	2002 : 00;
	2003 : 00;
	2004 : 00;
	2005 : 24;
	2006 : 24;
	2007 : 24;
	2008 : 24;
	2009 : 24;
	200A : 24;
	200B : 24;
	200C : 24;
	200D : 24;
	200E : 24;
	200F : 24;
	2010 : 24;
	2011 : 24;
	2012 : 24;
	2013 : 24;
	2014 : 24;
	2015 : 25;
	2016 : 24;
	2017 : 24;
	2018 : 24;
	2019 : 25;
	201A : 25;
	201B : 24;
	201C : 24;
	201D : 24;
	201E : 24;
	201F : 24;
	2020 : 24;
	2021 : 24;
	2022 : 24;
	2023 : 24;
	2024 : 24;
	2025 : 24;
	2026 : 25;
	2027 : 24;
	2028 : 24;
	2029 : 24;
	202A : 24;
	202B : 24;
	202C : 24;
	202D : 24;
	202E : 25;
	202F : 25;
	2030 : 25;
	2031 : 24;
	2032 : 24;
	2033 : 24;
	2034 : 25;
	2035 : 25;
	2036 : 24;
	2037 : 25;
	2038 : 24;
	2039 : 24;
	203A : 24;
	203B : 24;
	203C : 24;
	203D : 24;
	203E : 00;
	203F : 00;
	2040 : 00;
	2041 : 00;
	2042 : 24;
	2043 : 24;
	2044 : 24;
	2045 : 24;
	2046 : 24;
	2047 : 24;
	2048 : 24;
	2049 : 24;
	204A : 24;
	204B : 24;
	204C : 24;
	204D : 25;
	204E : 24;
	204F : 24;
	2050 : 24;
	2051 : 24;
	2052 : 24;
	2053 : 25;
	2054 : 24;
	2055 : 24;
	2056 : 24;
	2057 : 24;
	2058 : 24;
	2059 : 24;
	205A : 24;
	205B : 24;
	205C : 24;
	205D : 24;
	205E : 24;
	205F : 24;
	2060 : 24;
	2061 : 24;
	2062 : 24;
	2063 : 24;
	2064 : 24;
	2065 : 24;
	2066 : 24;
	2067 : 24;
	2068 : 25;
	2069 : 24;
	206A : 24;
	206B : 25;
	206C : 24;
	206D : 24;
	206E : 24;
	206F : 24;
	2070 : 24;
	2071 : 24;
	2072 : 24;
	2073 : 25;
	2074 : 25;
	2075 : 25;
	2076 : 25;
	2077 : 24;
	2078 : 24;
	2079 : 24;
	207A : 24;
	207B : 24;
	207C : 24;
	207D : 00;
	207E : 00;
	207F : 00;
	2080 : 00;
	2081 : 00;
	2082 : 24;
	2083 : 24;
	2084 : 24;
	2085 : 24;
	2086 : 24;
	2087 : 24;
	2088 : 24;
	2089 : 24;
	208A : 24;
	208B : 24;
	208C : 24;
	208D : 25;
	208E : 24;
	208F : 24;
	2090 : 24;
	2091 : 25;
	2092 : 24;
	2093 : 24;
	2094 : 24;
	2095 : 24;
	2096 : 24;
	2097 : 24;
	2098 : 24;
	2099 : 24;
	209A : 24;
	209B : 24;
	209C : 24;
	209D : 24;
	209E : 24;
	209F : 24;
	20A0 : 24;
	20A1 : 24;
	20A2 : 24;
	20A3 : 24;
	20A4 : 24;
	20A5 : 24;
	20A6 : 24;
	20A7 : 25;
	20A8 : 24;
	20A9 : 25;
	20AA : 24;
	20AB : 24;
	20AC : 25;
	20AD : 24;
	20AE : 24;
	20AF : 24;
	20B0 : 24;
	20B1 : 24;
	20B2 : 24;
	20B3 : 25;
	20B4 : 25;
	20B5 : 24;
	20B6 : 24;
	20B7 : 25;
	20B8 : 24;
	20B9 : 24;
	20BA : 24;
	20BB : 24;
	20BC : 24;
	20BD : 00;
	20BE : 00;
	20BF : 00;
	20C0 : 24;
	20C1 : 24;
	20C2 : 24;
	20C3 : 24;
	20C4 : 24;
	20C5 : 24;
	20C6 : 24;
	20C7 : 24;
	20C8 : 24;
	20C9 : 24;
	20CA : 24;
	20CB : 24;
	20CC : 24;
	20CD : 24;
	20CE : 24;
	20CF : 24;
	20D0 : 24;
	20D1 : 24;
	20D2 : 24;
	20D3 : 24;
	20D4 : 24;
	20D5 : 24;
	20D6 : 24;
	20D7 : 24;
	20D8 : 24;
	20D9 : 24;
	20DA : 24;
	20DB : 24;
	20DC : 24;
	20DD : 24;
	20DE : 24;
	20DF : 24;
	20E0 : 24;
	20E1 : 24;
	20E2 : 24;
	20E3 : 24;
	20E4 : 24;
	20E5 : 24;
	20E6 : 24;
	20E7 : 04;
	20E8 : 24;
	20E9 : 24;
	20EA : 24;
	20EB : 24;
	20EC : 24;
	20ED : 24;
	20EE : 24;
	20EF : 24;
	20F0 : 24;
	20F1 : 24;
	20F2 : 24;
	20F3 : 25;
	20F4 : 24;
	20F5 : 24;
	20F6 : 24;
	20F7 : 24;
	20F8 : 24;
	20F9 : 24;
	20FA : 24;
	20FB : 24;
	20FC : 24;
	20FD : 24;
	20FE : 24;
	20FF : 00;
	2100 : 24;
	2101 : 24;
	2102 : 24;
	2103 : 24;
	2104 : 24;
	2105 : 24;
	2106 : 24;
	2107 : 24;
	2108 : 24;
	2109 : 24;
	210A : 24;
	210B : 24;
	210C : 24;
	210D : 24;
	210E : 24;
	210F : 24;
	2110 : 24;
	2111 : 24;
	2112 : 24;
	2113 : 24;
	2114 : 24;
	2115 : 24;
	2116 : 24;
	2117 : 24;
	2118 : 24;
	2119 : 24;
	211A : 24;
	211B : 24;
	211C : 24;
	211D : 24;
	211E : 24;
	211F : 24;
	2120 : 24;
	2121 : 24;
	2122 : 24;
	2123 : 24;
	2124 : 24;
	2125 : 24;
	2126 : 24;
	2127 : 24;
	2128 : 24;
	2129 : 24;
	212A : 24;
	212B : 24;
	212C : 24;
	212D : 24;
	212E : 24;
	212F : 24;
	2130 : 24;
	2131 : 24;
	2132 : 24;
	2133 : 25;
	2134 : 24;
	2135 : 24;
	2136 : 24;
	2137 : 24;
	2138 : 24;
	2139 : 24;
	213A : 24;
	213B : 24;
	213C : 24;
	213D : 24;
	213E : 24;
	213F : 00;
	2140 : 24;
	2141 : 25;
	2142 : 24;
	2143 : 24;
	2144 : 24;
	2145 : 24;
	2146 : 24;
	2147 : 24;
	2148 : 24;
	2149 : 24;
	214A : 24;
	214B : 24;
	214C : 24;
	214D : 24;
	214E : 24;
	214F : 24;
	2150 : 24;
	2151 : 24;
	2152 : 24;
	2153 : 24;
	2154 : 24;
	2155 : 24;
	2156 : 24;
	2157 : 24;
	2158 : 24;
	2159 : 24;
	215A : 24;
	215B : 24;
	215C : 24;
	215D : 24;
	215E : 24;
	215F : 24;
	2160 : 24;
	2161 : 00;
	2162 : 00;
	2163 : 20;
	2164 : 00;
	2165 : 24;
	2166 : 24;
	2167 : 24;
	2168 : 24;
	2169 : 24;
	216A : 24;
	216B : 24;
	216C : 24;
	216D : 24;
	216E : 24;
	216F : 24;
	2170 : 24;
	2171 : 24;
	2172 : 24;
	2173 : 24;
	2174 : 24;
	2175 : 24;
	2176 : 24;
	2177 : 24;
	2178 : 24;
	2179 : 24;
	217A : 24;
	217B : 24;
	217C : 24;
	217D : 24;
	217E : 24;
	217F : 00;
	2180 : 24;
	2181 : 25;
	2182 : 24;
	2183 : 24;
	2184 : 24;
	2185 : 24;
	2186 : 24;
	2187 : 24;
	2188 : 24;
	2189 : 24;
	218A : 24;
	218B : 24;
	218C : 24;
	218D : 24;
	218E : 24;
	218F : 24;
	2190 : 24;
	2191 : 24;
	2192 : 24;
	2193 : 24;
	2194 : 24;
	2195 : 24;
	2196 : 24;
	2197 : 24;
	2198 : 24;
	2199 : 24;
	219A : 24;
	219B : 24;
	219C : 24;
	219D : 24;
	219E : 24;
	219F : 24;
	21A0 : 24;
	21A1 : 00;
	21A2 : 00;
	21A3 : 00;
	21A4 : 00;
	21A5 : 24;
	21A6 : 24;
	21A7 : 24;
	21A8 : 24;
	21A9 : 24;
	21AA : 24;
	21AB : 24;
	21AC : 24;
	21AD : 24;
	21AE : 24;
	21AF : 24;
	21B0 : 24;
	21B1 : 24;
	21B2 : 24;
	21B3 : 24;
	21B4 : 24;
	21B5 : 24;
	21B6 : 24;
	21B7 : 24;
	21B8 : 24;
	21B9 : 24;
	21BA : 24;
	21BB : 24;
	21BC : 24;
	21BD : 24;
	21BE : 24;
	21BF : 00;
	21C0 : 24;
	21C1 : 25;
	21C2 : 24;
	21C3 : 24;
	21C4 : 24;
	21C5 : 24;
	21C6 : 24;
	21C7 : 24;
	21C8 : 24;
	21C9 : 24;
	21CA : 24;
	21CB : 24;
	21CC : 24;
	21CD : 24;
	21CE : 24;
	21CF : 24;
	21D0 : 24;
	21D1 : 24;
	21D2 : 24;
	21D3 : 24;
	21D4 : 24;
	21D5 : 24;
	21D6 : 24;
	21D7 : 24;
	21D8 : 24;
	21D9 : 24;
	21DA : 24;
	21DB : 24;
	21DC : 24;
	21DD : 24;
	21DE : 24;
	21DF : 24;
	21E0 : 24;
	21E1 : 24;
	21E2 : 24;
	21E3 : 24;
	21E4 : 20;
	21E5 : 20;
	21E6 : 00;
	21E7 : 24;
	21E8 : 24;
	21E9 : 24;
	21EA : 24;
	21EB : 24;
	21EC : 24;
	21ED : 24;
	21EE : 24;
	21EF : 24;
	21F0 : 24;
	21F1 : 24;
	21F2 : 24;
	21F3 : 24;
	21F4 : 24;
	21F5 : 24;
	21F6 : 24;
	21F7 : 24;
	21F8 : 24;
	21F9 : 24;
	21FA : 24;
	21FB : 24;
	21FC : 24;
	21FD : 24;
	21FE : 24;
	21FF : 00;
	2200 : 24;
	2201 : 25;
	2202 : 24;
	2203 : 24;
	2204 : 24;
	2205 : 24;
	2206 : 24;
	2207 : 24;
	2208 : 24;
	2209 : 24;
	220A : 24;
	220B : 24;
	220C : 24;
	220D : 24;
	220E : 24;
	220F : 24;
	2210 : 24;
	2211 : 24;
	2212 : 24;
	2213 : 24;
	2214 : 24;
	2215 : 24;
	2216 : 24;
	2217 : 24;
	2218 : 24;
	2219 : 24;
	221A : 24;
	221B : 24;
	221C : 24;
	221D : 24;
	221E : 24;
	221F : 24;
	2220 : 24;
	2221 : 24;
	2222 : 04;
	2223 : 00;
	2224 : 20;
	2225 : 20;
	2226 : 00;
	2227 : 24;
	2228 : 24;
	2229 : 24;
	222A : 24;
	222B : 24;
	222C : 24;
	222D : 24;
	222E : 24;
	222F : 24;
	2230 : 24;
	2231 : 24;
	2232 : 24;
	2233 : 24;
	2234 : 24;
	2235 : 24;
	2236 : 24;
	2237 : 24;
	2238 : 24;
	2239 : 24;
	223A : 24;
	223B : 24;
	223C : 24;
	223D : 04;
	223E : 24;
	223F : 00;
	2240 : 24;
	2241 : 2D;
	2242 : 24;
	2243 : 24;
	2244 : 24;
	2245 : 24;
	2246 : 24;
	2247 : 24;
	2248 : 24;
	2249 : 24;
	224A : 24;
	224B : 24;
	224C : 24;
	224D : 24;
	224E : 24;
	224F : 24;
	2250 : 24;
	2251 : 24;
	2252 : 24;
	2253 : 24;
	2254 : 24;
	2255 : 24;
	2256 : 24;
	2257 : 24;
	2258 : 24;
	2259 : 24;
	225A : 24;
	225B : 24;
	225C : 24;
	225D : 24;
	225E : 24;
	225F : 24;
	2260 : 24;
	2261 : 24;
	2262 : 24;
	2263 : 24;
	2264 : 24;
	2265 : 24;
	2266 : 24;
	2267 : 24;
	2268 : 24;
	2269 : 24;
	226A : 24;
	226B : 24;
	226C : 24;
	226D : 24;
	226E : 24;
	226F : 24;
	2270 : 24;
	2271 : 24;
	2272 : 24;
	2273 : 24;
	2274 : 24;
	2275 : 24;
	2276 : 24;
	2277 : 24;
	2278 : 24;
	2279 : 24;
	227A : 24;
	227B : 24;
	227C : 24;
	227D : 24;
	227E : 24;
	227F : 04;
	2280 : 24;
	2281 : 25;
	2282 : 24;
	2283 : 24;
	2284 : 24;
	2285 : 24;
	2286 : 24;
	2287 : 24;
	2288 : 24;
	2289 : 24;
	228A : 24;
	228B : 24;
	228C : 24;
	228D : 24;
	228E : 24;
	228F : 24;
	2290 : 24;
	2291 : 24;
	2292 : 24;
	2293 : 24;
	2294 : 24;
	2295 : 24;
	2296 : 24;
	2297 : 24;
	2298 : 24;
	2299 : 24;
	229A : 24;
	229B : 24;
	229C : 24;
	229D : 24;
	229E : 24;
	229F : 24;
	22A0 : 24;
	22A1 : 24;
	22A2 : 24;
	22A3 : 24;
	22A4 : 24;
	22A5 : 24;
	22A6 : 24;
	22A7 : 24;
	22A8 : 24;
	22A9 : 24;
	22AA : 24;
	22AB : 24;
	22AC : 24;
	22AD : 24;
	22AE : 24;
	22AF : 24;
	22B0 : 24;
	22B1 : 24;
	22B2 : 24;
	22B3 : 24;
	22B4 : 24;
	22B5 : 24;
	22B6 : 24;
	22B7 : 24;
	22B8 : 24;
	22B9 : 24;
	22BA : 24;
	22BB : 24;
	22BC : 24;
	22BD : 24;
	22BE : 24;
	22BF : 04;
	22C0 : 24;
	22C1 : 25;
	22C2 : 24;
	22C3 : 24;
	22C4 : 24;
	22C5 : 24;
	22C6 : 24;
	22C7 : 24;
	22C8 : 24;
	22C9 : 24;
	22CA : 24;
	22CB : 24;
	22CC : 24;
	22CD : 24;
	22CE : 24;
	22CF : 24;
	22D0 : 24;
	22D1 : 24;
	22D2 : 24;
	22D3 : 24;
	22D4 : 24;
	22D5 : 24;
	22D6 : 24;
	22D7 : 24;
	22D8 : 24;
	22D9 : 24;
	22DA : 24;
	22DB : 24;
	22DC : 24;
	22DD : 24;
	22DE : 24;
	22DF : 24;
	22E0 : 24;
	22E1 : 24;
	22E2 : 24;
	22E3 : 24;
	22E4 : 24;
	22E5 : 24;
	22E6 : 24;
	22E7 : 24;
	22E8 : 24;
	22E9 : 24;
	22EA : 24;
	22EB : 24;
	22EC : 24;
	22ED : 24;
	22EE : 24;
	22EF : 24;
	22F0 : 24;
	22F1 : 24;
	22F2 : 24;
	22F3 : 24;
	22F4 : 24;
	22F5 : 24;
	22F6 : 24;
	22F7 : 24;
	22F8 : 24;
	22F9 : 24;
	22FA : 24;
	22FB : 24;
	22FC : 24;
	22FD : 24;
	22FE : 24;
	22FF : 00;
	2300 : 24;
	2301 : 25;
	2302 : 24;
	2303 : 24;
	2304 : 24;
	2305 : 24;
	2306 : 24;
	2307 : 24;
	2308 : 24;
	2309 : 24;
	230A : 24;
	230B : 24;
	230C : 24;
	230D : 24;
	230E : 24;
	230F : 24;
	2310 : 24;
	2311 : 24;
	2312 : 24;
	2313 : 24;
	2314 : 24;
	2315 : 24;
	2316 : 24;
	2317 : 24;
	2318 : 24;
	2319 : 24;
	231A : 24;
	231B : 24;
	231C : 24;
	231D : 24;
	231E : 24;
	231F : 24;
	2320 : 24;
	2321 : 24;
	2322 : 24;
	2323 : 24;
	2324 : 24;
	2325 : 24;
	2326 : 24;
	2327 : 24;
	2328 : 24;
	2329 : 24;
	232A : 24;
	232B : 24;
	232C : 24;
	232D : 24;
	232E : 24;
	232F : 24;
	2330 : 24;
	2331 : 24;
	2332 : 24;
	2333 : 24;
	2334 : 24;
	2335 : 24;
	2336 : 24;
	2337 : 24;
	2338 : 24;
	2339 : 24;
	233A : 24;
	233B : 24;
	233C : 24;
	233D : 24;
	233E : 24;
	233F : 00;
	2340 : 24;
	2341 : 2D;
	2342 : 24;
	2343 : 24;
	2344 : 24;
	2345 : 24;
	2346 : 24;
	2347 : 24;
	2348 : 24;
	2349 : 24;
	234A : 24;
	234B : 24;
	234C : 24;
	234D : 24;
	234E : 24;
	234F : 24;
	2350 : 24;
	2351 : 24;
	2352 : 24;
	2353 : 24;
	2354 : 24;
	2355 : 24;
	2356 : 24;
	2357 : 24;
	2358 : 24;
	2359 : 24;
	235A : 24;
	235B : 24;
	235C : 24;
	235D : 24;
	235E : 24;
	235F : 24;
	2360 : 24;
	2361 : 24;
	2362 : 24;
	2363 : 24;
	2364 : 24;
	2365 : 24;
	2366 : 24;
	2367 : 24;
	2368 : 24;
	2369 : 24;
	236A : 24;
	236B : 24;
	236C : 24;
	236D : 24;
	236E : 24;
	236F : 24;
	2370 : 24;
	2371 : 24;
	2372 : 24;
	2373 : 24;
	2374 : 24;
	2375 : 24;
	2376 : 24;
	2377 : 24;
	2378 : 24;
	2379 : 24;
	237A : 24;
	237B : 24;
	237C : 24;
	237D : 24;
	237E : 24;
	237F : 00;
	2380 : 24;
	2381 : 25;
	2382 : 24;
	2383 : 24;
	2384 : 24;
	2385 : 24;
	2386 : 24;
	2387 : 24;
	2388 : 24;
	2389 : 24;
	238A : 24;
	238B : 24;
	238C : 04;
	238D : 24;
	238E : 24;
	238F : 24;
	2390 : 24;
	2391 : 04;
	2392 : 00;
	2393 : 24;
	2394 : 24;
	2395 : 24;
	2396 : 24;
	2397 : 24;
	2398 : 24;
	2399 : 24;
	239A : 24;
	239B : 24;
	239C : 24;
	239D : 24;
	239E : 24;
	239F : 24;
	23A0 : 24;
	23A1 : 24;
	23A2 : 24;
	23A3 : 24;
	23A4 : 24;
	23A5 : 24;
	23A6 : 24;
	23A7 : 24;
	23A8 : 24;
	23A9 : 24;
	23AA : 24;
	23AB : 24;
	23AC : 24;
	23AD : 24;
	23AE : 24;
	23AF : 24;
	23B0 : 24;
	23B1 : 24;
	23B2 : 24;
	23B3 : 24;
	23B4 : 24;
	23B5 : 24;
	23B6 : 24;
	23B7 : 24;
	23B8 : 24;
	23B9 : 24;
	23BA : 24;
	23BB : 24;
	23BC : 24;
	23BD : 24;
	23BE : 24;
	23BF : 20;
	23C0 : 24;
	23C1 : 65;
	23C2 : 25;
	23C3 : 25;
	23C4 : 25;
	23C5 : 24;
	23C6 : 24;
	23C7 : 24;
	23C8 : 24;
	23C9 : 24;
	23CA : 24;
	23CB : 24;
	23CC : 24;
	23CD : 24;
	23CE : 24;
	23CF : 24;
	23D0 : 24;
	23D1 : 00;
	23D2 : 00;
	23D3 : 24;
	23D4 : 24;
	23D5 : 04;
	23D6 : 24;
	23D7 : 24;
	23D8 : 24;
	23D9 : 24;
	23DA : 24;
	23DB : 24;
	23DC : 24;
	23DD : 24;
	23DE : 24;
	23DF : 24;
	23E0 : 24;
	23E1 : 24;
	23E2 : 24;
	23E3 : 24;
	23E4 : 24;
	23E5 : 24;
	23E6 : 24;
	23E7 : 24;
	23E8 : 24;
	23E9 : 24;
	23EA : 24;
	23EB : 24;
	23EC : 24;
	23ED : 24;
	23EE : 24;
	23EF : 24;
	23F0 : 24;
	23F1 : 24;
	23F2 : 24;
	23F3 : 24;
	23F4 : 24;
	23F5 : 24;
	23F6 : 24;
	23F7 : 24;
	23F8 : 24;
	23F9 : 24;
	23FA : 24;
	23FB : 24;
	23FC : 24;
	23FD : 04;
	23FE : 24;
	23FF : 00;
	2400 : 24;
	2401 : 2D;
	2402 : 2D;
	2403 : 25;
	2404 : 25;
	2405 : 24;
	2406 : 24;
	2407 : 24;
	2408 : 24;
	2409 : 24;
	240A : 24;
	240B : 24;
	240C : 24;
	240D : 24;
	240E : 24;
	240F : 24;
	2410 : 24;
	2411 : 24;
	2412 : 24;
	2413 : 24;
	2414 : 24;
	2415 : 24;
	2416 : 24;
	2417 : 24;
	2418 : 24;
	2419 : 24;
	241A : 24;
	241B : 24;
	241C : 24;
	241D : 24;
	241E : 24;
	241F : 24;
	2420 : 24;
	2421 : 24;
	2422 : 24;
	2423 : 24;
	2424 : 24;
	2425 : 24;
	2426 : 24;
	2427 : 24;
	2428 : 24;
	2429 : 24;
	242A : 24;
	242B : 24;
	242C : 24;
	242D : 24;
	242E : 24;
	242F : 24;
	2430 : 24;
	2431 : 24;
	2432 : 24;
	2433 : 24;
	2434 : 24;
	2435 : 24;
	2436 : 24;
	2437 : 24;
	2438 : 24;
	2439 : 24;
	243A : 24;
	243B : 24;
	243C : 04;
	243D : 00;
	243E : 00;
	243F : 00;
	2440 : 24;
	2441 : 6D;
	2442 : 2D;
	2443 : 25;
	2444 : 25;
	2445 : 25;
	2446 : 25;
	2447 : 24;
	2448 : 24;
	2449 : 24;
	244A : 24;
	244B : 24;
	244C : 24;
	244D : 24;
	244E : 24;
	244F : 24;
	2450 : 24;
	2451 : 24;
	2452 : 24;
	2453 : 24;
	2454 : 24;
	2455 : 24;
	2456 : 24;
	2457 : 24;
	2458 : 24;
	2459 : 24;
	245A : 24;
	245B : 24;
	245C : 24;
	245D : 24;
	245E : 24;
	245F : 24;
	2460 : 24;
	2461 : 24;
	2462 : 24;
	2463 : 24;
	2464 : 24;
	2465 : 24;
	2466 : 24;
	2467 : 24;
	2468 : 24;
	2469 : 24;
	246A : 24;
	246B : 24;
	246C : 24;
	246D : 24;
	246E : 24;
	246F : 24;
	2470 : 24;
	2471 : 24;
	2472 : 24;
	2473 : 24;
	2474 : 24;
	2475 : 24;
	2476 : 24;
	2477 : 24;
	2478 : 24;
	2479 : 24;
	247A : 24;
	247B : 24;
	247C : 04;
	247D : 00;
	247E : 00;
	247F : 00;
	2480 : 24;
	2481 : 6D;
	2482 : 25;
	2483 : 24;
	2484 : 24;
	2485 : 24;
	2486 : 24;
	2487 : 24;
	2488 : 24;
	2489 : 24;
	248A : 24;
	248B : 24;
	248C : 24;
	248D : 24;
	248E : 24;
	248F : 24;
	2490 : 24;
	2491 : 24;
	2492 : 24;
	2493 : 24;
	2494 : 24;
	2495 : 24;
	2496 : 24;
	2497 : 24;
	2498 : 24;
	2499 : 24;
	249A : 24;
	249B : 24;
	249C : 24;
	249D : 24;
	249E : 24;
	249F : 24;
	24A0 : 24;
	24A1 : 24;
	24A2 : 24;
	24A3 : 24;
	24A4 : 24;
	24A5 : 24;
	24A6 : 24;
	24A7 : 24;
	24A8 : 24;
	24A9 : 24;
	24AA : 24;
	24AB : 24;
	24AC : 24;
	24AD : 24;
	24AE : 24;
	24AF : 24;
	24B0 : 24;
	24B1 : 24;
	24B2 : 24;
	24B3 : 24;
	24B4 : 24;
	24B5 : 24;
	24B6 : 24;
	24B7 : 24;
	24B8 : 24;
	24B9 : 24;
	24BA : 24;
	24BB : 24;
	24BC : 24;
	24BD : 24;
	24BE : 24;
	24BF : 00;
	24C0 : 24;
	24C1 : 6D;
	24C2 : 25;
	24C3 : 24;
	24C4 : 24;
	24C5 : 24;
	24C6 : 24;
	24C7 : 24;
	24C8 : 24;
	24C9 : 24;
	24CA : 24;
	24CB : 24;
	24CC : 24;
	24CD : 24;
	24CE : 24;
	24CF : 24;
	24D0 : 24;
	24D1 : 24;
	24D2 : 24;
	24D3 : 04;
	24D4 : 24;
	24D5 : 24;
	24D6 : 24;
	24D7 : 24;
	24D8 : 24;
	24D9 : 24;
	24DA : 24;
	24DB : 24;
	24DC : 24;
	24DD : 24;
	24DE : 24;
	24DF : 24;
	24E0 : 24;
	24E1 : 24;
	24E2 : 24;
	24E3 : 24;
	24E4 : 24;
	24E5 : 24;
	24E6 : 24;
	24E7 : 24;
	24E8 : 24;
	24E9 : 24;
	24EA : 24;
	24EB : 24;
	24EC : 24;
	24ED : 24;
	24EE : 24;
	24EF : 24;
	24F0 : 24;
	24F1 : 24;
	24F2 : 24;
	24F3 : 24;
	24F4 : 24;
	24F5 : 24;
	24F6 : 24;
	24F7 : 24;
	24F8 : 24;
	24F9 : 24;
	24FA : 24;
	24FB : 24;
	24FC : 24;
	24FD : 04;
	24FE : 04;
	24FF : 00;
	2500 : 24;
	2501 : 6D;
	2502 : 25;
	2503 : 25;
	2504 : 24;
	2505 : 24;
	2506 : 24;
	2507 : 24;
	2508 : 24;
	2509 : 24;
	250A : 24;
	250B : 24;
	250C : 24;
	250D : 24;
	250E : 24;
	250F : 24;
	2510 : 24;
	2511 : 24;
	2512 : 24;
	2513 : 24;
	2514 : 24;
	2515 : 24;
	2516 : 24;
	2517 : 24;
	2518 : 24;
	2519 : 24;
	251A : 24;
	251B : 24;
	251C : 24;
	251D : 24;
	251E : 24;
	251F : 24;
	2520 : 24;
	2521 : 24;
	2522 : 24;
	2523 : 24;
	2524 : 24;
	2525 : 24;
	2526 : 24;
	2527 : 24;
	2528 : 24;
	2529 : 24;
	252A : 24;
	252B : 24;
	252C : 24;
	252D : 24;
	252E : 24;
	252F : 24;
	2530 : 24;
	2531 : 24;
	2532 : 24;
	2533 : 24;
	2534 : 24;
	2535 : 24;
	2536 : 24;
	2537 : 24;
	2538 : 24;
	2539 : 24;
	253A : 24;
	253B : 24;
	253C : 24;
	253D : 24;
	253E : 04;
	253F : 00;
	2540 : 25;
	2541 : 6D;
	2542 : 25;
	2543 : 25;
	2544 : 25;
	2545 : 25;
	2546 : 24;
	2547 : 24;
	2548 : 24;
	2549 : 24;
	254A : 24;
	254B : 24;
	254C : 24;
	254D : 24;
	254E : 24;
	254F : 24;
	2550 : 24;
	2551 : 24;
	2552 : 24;
	2553 : 24;
	2554 : 24;
	2555 : 24;
	2556 : 24;
	2557 : 24;
	2558 : 24;
	2559 : 24;
	255A : 24;
	255B : 24;
	255C : 24;
	255D : 24;
	255E : 24;
	255F : 24;
	2560 : 24;
	2561 : 24;
	2562 : 24;
	2563 : 24;
	2564 : 24;
	2565 : 24;
	2566 : 24;
	2567 : 24;
	2568 : 24;
	2569 : 24;
	256A : 24;
	256B : 24;
	256C : 24;
	256D : 24;
	256E : 24;
	256F : 24;
	2570 : 24;
	2571 : 24;
	2572 : 24;
	2573 : 24;
	2574 : 24;
	2575 : 24;
	2576 : 24;
	2577 : 24;
	2578 : 24;
	2579 : 24;
	257A : 24;
	257B : 24;
	257C : 24;
	257D : 04;
	257E : 04;
	257F : 00;
	2580 : 25;
	2581 : 6D;
	2582 : 25;
	2583 : 25;
	2584 : 25;
	2585 : 24;
	2586 : 24;
	2587 : 24;
	2588 : 24;
	2589 : 24;
	258A : 24;
	258B : 24;
	258C : 24;
	258D : 24;
	258E : 24;
	258F : 24;
	2590 : 24;
	2591 : 24;
	2592 : 24;
	2593 : 24;
	2594 : 24;
	2595 : 24;
	2596 : 24;
	2597 : 24;
	2598 : 24;
	2599 : 24;
	259A : 24;
	259B : 24;
	259C : 24;
	259D : 24;
	259E : 24;
	259F : 24;
	25A0 : 24;
	25A1 : 24;
	25A2 : 24;
	25A3 : 24;
	25A4 : 24;
	25A5 : 24;
	25A6 : 24;
	25A7 : 24;
	25A8 : 24;
	25A9 : 24;
	25AA : 24;
	25AB : 24;
	25AC : 24;
	25AD : 24;
	25AE : 24;
	25AF : 24;
	25B0 : 24;
	25B1 : 24;
	25B2 : 24;
	25B3 : 24;
	25B4 : 24;
	25B5 : 24;
	25B6 : 24;
	25B7 : 24;
	25B8 : 24;
	25B9 : 24;
	25BA : 24;
	25BB : 24;
	25BC : 24;
	25BD : 00;
	25BE : 00;
	25BF : 00;
	25C0 : 25;
	25C1 : 6D;
	25C2 : 25;
	25C3 : 25;
	25C4 : 25;
	25C5 : 24;
	25C6 : 24;
	25C7 : 24;
	25C8 : 24;
	25C9 : 24;
	25CA : 24;
	25CB : 24;
	25CC : 24;
	25CD : 24;
	25CE : 24;
	25CF : 24;
	25D0 : 24;
	25D1 : 24;
	25D2 : 24;
	25D3 : 24;
	25D4 : 24;
	25D5 : 24;
	25D6 : 24;
	25D7 : 24;
	25D8 : 24;
	25D9 : 24;
	25DA : 24;
	25DB : 24;
	25DC : 24;
	25DD : 24;
	25DE : 24;
	25DF : 24;
	25E0 : 24;
	25E1 : 24;
	25E2 : 24;
	25E3 : 24;
	25E4 : 24;
	25E5 : 24;
	25E6 : 24;
	25E7 : 24;
	25E8 : 24;
	25E9 : 24;
	25EA : 24;
	25EB : 24;
	25EC : 24;
	25ED : 24;
	25EE : 24;
	25EF : 24;
	25F0 : 24;
	25F1 : 24;
	25F2 : 24;
	25F3 : 24;
	25F4 : 24;
	25F5 : 24;
	25F6 : 24;
	25F7 : 24;
	25F8 : 24;
	25F9 : 24;
	25FA : 24;
	25FB : 24;
	25FC : 24;
	25FD : 00;
	25FE : 24;
	25FF : 00;
	2600 : 65;
	2601 : 6D;
	2602 : 6D;
	2603 : 6D;
	2604 : 2D;
	2605 : 25;
	2606 : 24;
	2607 : 24;
	2608 : 24;
	2609 : 20;
	260A : 00;
	260B : 24;
	260C : 24;
	260D : 24;
	260E : 24;
	260F : 24;
	2610 : 24;
	2611 : 24;
	2612 : 24;
	2613 : 24;
	2614 : 24;
	2615 : 24;
	2616 : 24;
	2617 : 24;
	2618 : 24;
	2619 : 24;
	261A : 24;
	261B : 24;
	261C : 24;
	261D : 24;
	261E : 24;
	261F : 24;
	2620 : 24;
	2621 : 24;
	2622 : 24;
	2623 : 24;
	2624 : 24;
	2625 : 24;
	2626 : 24;
	2627 : 24;
	2628 : 24;
	2629 : 24;
	262A : 24;
	262B : 24;
	262C : 24;
	262D : 24;
	262E : 24;
	262F : 24;
	2630 : 24;
	2631 : 24;
	2632 : 24;
	2633 : 24;
	2634 : 24;
	2635 : 24;
	2636 : 24;
	2637 : 24;
	2638 : 24;
	2639 : 24;
	263A : 24;
	263B : 24;
	263C : 24;
	263D : 00;
	263E : 24;
	263F : 00;
	2640 : 6D;
	2641 : 6D;
	2642 : 6D;
	2643 : 2D;
	2644 : 6D;
	2645 : 25;
	2646 : 24;
	2647 : 24;
	2648 : 24;
	2649 : 24;
	264A : 00;
	264B : 24;
	264C : 24;
	264D : 24;
	264E : 24;
	264F : 24;
	2650 : 24;
	2651 : 24;
	2652 : 24;
	2653 : 24;
	2654 : 24;
	2655 : 24;
	2656 : 24;
	2657 : 24;
	2658 : 24;
	2659 : 24;
	265A : 04;
	265B : 24;
	265C : 24;
	265D : 24;
	265E : 24;
	265F : 24;
	2660 : 24;
	2661 : 24;
	2662 : 24;
	2663 : 24;
	2664 : 24;
	2665 : 24;
	2666 : 24;
	2667 : 24;
	2668 : 24;
	2669 : 24;
	266A : 24;
	266B : 24;
	266C : 24;
	266D : 24;
	266E : 24;
	266F : 24;
	2670 : 24;
	2671 : 24;
	2672 : 24;
	2673 : 24;
	2674 : 24;
	2675 : 24;
	2676 : 24;
	2677 : 24;
	2678 : 24;
	2679 : 24;
	267A : 24;
	267B : 24;
	267C : 24;
	267D : 00;
	267E : 24;
	267F : 20;
	2680 : 6D;
	2681 : 6D;
	2682 : 2D;
	2683 : 25;
	2684 : 25;
	2685 : 25;
	2686 : 24;
	2687 : 24;
	2688 : 24;
	2689 : 24;
	268A : 20;
	268B : 24;
	268C : 24;
	268D : 24;
	268E : 24;
	268F : 24;
	2690 : 24;
	2691 : 24;
	2692 : 24;
	2693 : 24;
	2694 : 24;
	2695 : 24;
	2696 : 04;
	2697 : 24;
	2698 : 00;
	2699 : 00;
	269A : 24;
	269B : 24;
	269C : 24;
	269D : 24;
	269E : 24;
	269F : 24;
	26A0 : 24;
	26A1 : 24;
	26A2 : 24;
	26A3 : 24;
	26A4 : 24;
	26A5 : 24;
	26A6 : 24;
	26A7 : 24;
	26A8 : 24;
	26A9 : 24;
	26AA : 24;
	26AB : 24;
	26AC : 24;
	26AD : 24;
	26AE : 24;
	26AF : 24;
	26B0 : 24;
	26B1 : 24;
	26B2 : 24;
	26B3 : 24;
	26B4 : 24;
	26B5 : 24;
	26B6 : 24;
	26B7 : 24;
	26B8 : 24;
	26B9 : 24;
	26BA : 24;
	26BB : 24;
	26BC : 24;
	26BD : 00;
	26BE : 00;
	26BF : 00;
	26C0 : 25;
	26C1 : 6D;
	26C2 : 25;
	26C3 : 25;
	26C4 : 25;
	26C5 : 24;
	26C6 : 24;
	26C7 : 24;
	26C8 : 24;
	26C9 : 24;
	26CA : 24;
	26CB : 24;
	26CC : 24;
	26CD : 24;
	26CE : 24;
	26CF : 24;
	26D0 : 24;
	26D1 : 24;
	26D2 : 24;
	26D3 : 24;
	26D4 : 24;
	26D5 : 24;
	26D6 : 24;
	26D7 : 24;
	26D8 : 00;
	26D9 : 00;
	26DA : 24;
	26DB : 24;
	26DC : 24;
	26DD : 24;
	26DE : 24;
	26DF : 24;
	26E0 : 24;
	26E1 : 24;
	26E2 : 24;
	26E3 : 24;
	26E4 : 24;
	26E5 : 24;
	26E6 : 24;
	26E7 : 24;
	26E8 : 24;
	26E9 : 24;
	26EA : 24;
	26EB : 24;
	26EC : 24;
	26ED : 24;
	26EE : 24;
	26EF : 24;
	26F0 : 24;
	26F1 : 24;
	26F2 : 24;
	26F3 : 24;
	26F4 : 24;
	26F5 : 24;
	26F6 : 24;
	26F7 : 24;
	26F8 : 24;
	26F9 : 24;
	26FA : 24;
	26FB : 24;
	26FC : 24;
	26FD : 00;
	26FE : 00;
	26FF : 00;
	2700 : 24;
	2701 : 24;
	2702 : 24;
	2703 : 24;
	2704 : 24;
	2705 : 24;
	2706 : 24;
	2707 : 24;
	2708 : 24;
	2709 : 24;
	270A : 24;
	270B : 24;
	270C : 24;
	270D : 24;
	270E : 20;
	270F : 20;
	2710 : 20;
	2711 : 00;
	2712 : 00;
	2713 : 00;
	2714 : 00;
	2715 : 00;
	2716 : 00;
	2717 : 00;
	2718 : 00;
	2719 : 00;
	271A : 00;
	271B : 00;
	271C : 00;
	271D : 00;
	271E : 00;
	271F : 00;
	2720 : 00;
	2721 : 00;
	2722 : 00;
	2723 : 00;
	2724 : 00;
	2725 : 00;
	2726 : 00;
	2727 : 00;
	2728 : 00;
	2729 : 00;
	272A : 00;
	272B : 00;
	272C : 00;
	272D : 00;
	272E : 00;
	272F : 00;
	2730 : 00;
	2731 : 00;
	2732 : 00;
	2733 : 00;
	2734 : 00;
	2735 : 00;
	2736 : 00;
	2737 : 00;
	2738 : 00;
	2739 : 00;
	273A : 00;
	273B : 00;
	273C : 00;
	273D : 00;
	273E : 00;
	273F : 20;
	2740 : 24;
	2741 : 24;
	2742 : 24;
	2743 : 24;
	2744 : 25;
	2745 : 2D;
	2746 : 25;
	2747 : 25;
	2748 : 25;
	2749 : 25;
	274A : 24;
	274B : 24;
	274C : 24;
	274D : 24;
	274E : 24;
	274F : 24;
	2750 : 24;
	2751 : 24;
	2752 : 24;
	2753 : 24;
	2754 : 24;
	2755 : 24;
	2756 : 24;
	2757 : 24;
	2758 : 24;
	2759 : 24;
	275A : 24;
	275B : 24;
	275C : 24;
	275D : 24;
	275E : 24;
	275F : 24;
	2760 : 24;
	2761 : 24;
	2762 : 24;
	2763 : 24;
	2764 : 24;
	2765 : 24;
	2766 : 24;
	2767 : 24;
	2768 : 24;
	2769 : 24;
	276A : 24;
	276B : 24;
	276C : 24;
	276D : 24;
	276E : 24;
	276F : 24;
	2770 : 24;
	2771 : 24;
	2772 : 24;
	2773 : 24;
	2774 : 24;
	2775 : 24;
	2776 : 24;
	2777 : 24;
	2778 : 24;
	2779 : 24;
	277A : 24;
	277B : 24;
	277C : 24;
	277D : 00;
	277E : 00;
	277F : 20;
	2780 : 24;
	2781 : 24;
	2782 : 24;
	2783 : 24;
	2784 : 00;
	2785 : 00;
	2786 : 6D;
	2787 : 6D;
	2788 : 6D;
	2789 : 2D;
	278A : 2D;
	278B : 25;
	278C : 25;
	278D : 25;
	278E : 24;
	278F : 24;
	2790 : 24;
	2791 : 24;
	2792 : 24;
	2793 : 24;
	2794 : 24;
	2795 : 24;
	2796 : 24;
	2797 : 24;
	2798 : 24;
	2799 : 24;
	279A : 24;
	279B : 24;
	279C : 24;
	279D : 24;
	279E : 24;
	279F : 24;
	27A0 : 24;
	27A1 : 24;
	27A2 : 24;
	27A3 : 24;
	27A4 : 24;
	27A5 : 24;
	27A6 : 24;
	27A7 : 24;
	27A8 : 24;
	27A9 : 24;
	27AA : 24;
	27AB : 24;
	27AC : 24;
	27AD : 24;
	27AE : 24;
	27AF : 24;
	27B0 : 24;
	27B1 : 24;
	27B2 : 24;
	27B3 : 24;
	27B4 : 24;
	27B5 : 24;
	27B6 : 24;
	27B7 : 24;
	27B8 : 24;
	27B9 : 24;
	27BA : 24;
	27BB : 24;
	27BC : 24;
	27BD : 24;
	27BE : 00;
	27BF : 00;
	27C0 : 24;
	27C1 : 24;
	27C2 : 6D;
	27C3 : 00;
	27C4 : 24;
	27C5 : 00;
	27C6 : 00;
	27C7 : 6D;
	27C8 : 25;
	27C9 : 25;
	27CA : 25;
	27CB : 25;
	27CC : 24;
	27CD : 25;
	27CE : 24;
	27CF : 25;
	27D0 : 24;
	27D1 : 24;
	27D2 : 24;
	27D3 : 24;
	27D4 : 24;
	27D5 : 24;
	27D6 : 24;
	27D7 : 24;
	27D8 : 24;
	27D9 : 04;
	27DA : 04;
	27DB : 04;
	27DC : 04;
	27DD : 24;
	27DE : 24;
	27DF : 04;
	27E0 : 04;
	27E1 : 04;
	27E2 : 04;
	27E3 : 24;
	27E4 : 04;
	27E5 : 24;
	27E6 : 24;
	27E7 : 24;
	27E8 : 24;
	27E9 : 24;
	27EA : 24;
	27EB : 24;
	27EC : 24;
	27ED : 24;
	27EE : 24;
	27EF : 04;
	27F0 : 24;
	27F1 : 24;
	27F2 : 24;
	27F3 : 24;
	27F4 : 24;
	27F5 : 24;
	27F6 : 24;
	27F7 : 24;
	27F8 : 24;
	27F9 : 24;
	27FA : 24;
	27FB : 24;
	27FC : 24;
	27FD : 00;
	27FE : 00;
	27FF : 00;
	2800 : 24;
	2801 : 24;
	2802 : 6D;
	2803 : 24;
	2804 : 6D;
	2805 : 85;
	2806 : 20;
	2807 : 24;
	2808 : 25;
	2809 : 25;
	280A : 25;
	280B : 25;
	280C : 24;
	280D : 25;
	280E : 25;
	280F : 25;
	2810 : 24;
	2811 : 24;
	2812 : 24;
	2813 : 24;
	2814 : 24;
	2815 : 24;
	2816 : 24;
	2817 : 24;
	2818 : 24;
	2819 : 24;
	281A : 24;
	281B : 24;
	281C : 24;
	281D : 24;
	281E : 24;
	281F : 24;
	2820 : 24;
	2821 : 24;
	2822 : 24;
	2823 : 24;
	2824 : 24;
	2825 : 24;
	2826 : 24;
	2827 : 24;
	2828 : 24;
	2829 : 24;
	282A : 24;
	282B : 24;
	282C : 24;
	282D : 24;
	282E : 24;
	282F : 24;
	2830 : 24;
	2831 : 24;
	2832 : 24;
	2833 : 24;
	2834 : 24;
	2835 : 24;
	2836 : 24;
	2837 : 24;
	2838 : 24;
	2839 : 24;
	283A : 24;
	283B : 24;
	283C : 24;
	283D : 00;
	283E : 00;
	283F : 00;
	2840 : 00;
	2841 : 00;
	2842 : 6D;
	2843 : 00;
	2844 : 00;
	2845 : 20;
	2846 : 84;
	2847 : 24;
	2848 : 00;
	2849 : 65;
	284A : 25;
	284B : 25;
	284C : 25;
	284D : 24;
	284E : 24;
	284F : 24;
	2850 : 00;
	2851 : 00;
	2852 : 00;
	2853 : 24;
	2854 : 24;
	2855 : 24;
	2856 : 24;
	2857 : 24;
	2858 : 24;
	2859 : 24;
	285A : 24;
	285B : 24;
	285C : 24;
	285D : 24;
	285E : 24;
	285F : 24;
	2860 : 24;
	2861 : 24;
	2862 : 24;
	2863 : 24;
	2864 : 24;
	2865 : 24;
	2866 : 24;
	2867 : 24;
	2868 : 24;
	2869 : 24;
	286A : 24;
	286B : 24;
	286C : 24;
	286D : 24;
	286E : 24;
	286F : 24;
	2870 : 24;
	2871 : 24;
	2872 : 24;
	2873 : 24;
	2874 : 24;
	2875 : 24;
	2876 : 24;
	2877 : 24;
	2878 : 24;
	2879 : 24;
	287A : 24;
	287B : 24;
	287C : 04;
	287D : 00;
	287E : 00;
	287F : 00;
	2880 : 64;
	2881 : 24;
	2882 : 00;
	2883 : 00;
	2884 : 00;
	2885 : 00;
	2886 : 64;
	2887 : 64;
	2888 : 24;
	2889 : 00;
	288A : 00;
	288B : 00;
	288C : 00;
	288D : 00;
	288E : 24;
	288F : 00;
	2890 : 00;
	2891 : 20;
	2892 : 20;
	2893 : 00;
	2894 : 24;
	2895 : 04;
	2896 : 24;
	2897 : 24;
	2898 : 24;
	2899 : 24;
	289A : 24;
	289B : 24;
	289C : 24;
	289D : 24;
	289E : 24;
	289F : 24;
	28A0 : 24;
	28A1 : 24;
	28A2 : 24;
	28A3 : 24;
	28A4 : 24;
	28A5 : 24;
	28A6 : 24;
	28A7 : 24;
	28A8 : 24;
	28A9 : 24;
	28AA : 24;
	28AB : 24;
	28AC : 24;
	28AD : 24;
	28AE : 24;
	28AF : 24;
	28B0 : 24;
	28B1 : 24;
	28B2 : 24;
	28B3 : 24;
	28B4 : 24;
	28B5 : 24;
	28B6 : 24;
	28B7 : 24;
	28B8 : 24;
	28B9 : 24;
	28BA : 24;
	28BB : 24;
	28BC : 24;
	28BD : 00;
	28BE : 00;
	28BF : 00;
	28C0 : 64;
	28C1 : 64;
	28C2 : 64;
	28C3 : 64;
	28C4 : 64;
	28C5 : 64;
	28C6 : 64;
	28C7 : 64;
	28C8 : 64;
	28C9 : 64;
	28CA : 64;
	28CB : 64;
	28CC : 24;
	28CD : 00;
	28CE : 00;
	28CF : 00;
	28D0 : 00;
	28D1 : 20;
	28D2 : 64;
	28D3 : 64;
	28D4 : 00;
	28D5 : 24;
	28D6 : 24;
	28D7 : 24;
	28D8 : 24;
	28D9 : 24;
	28DA : 24;
	28DB : 24;
	28DC : 24;
	28DD : 24;
	28DE : 24;
	28DF : 24;
	28E0 : 24;
	28E1 : 00;
	28E2 : 20;
	28E3 : 00;
	28E4 : 00;
	28E5 : 24;
	28E6 : 24;
	28E7 : 24;
	28E8 : 24;
	28E9 : 24;
	28EA : 24;
	28EB : 24;
	28EC : 24;
	28ED : 24;
	28EE : 24;
	28EF : 24;
	28F0 : 24;
	28F1 : 24;
	28F2 : 24;
	28F3 : 24;
	28F4 : 24;
	28F5 : 24;
	28F6 : 24;
	28F7 : 24;
	28F8 : 24;
	28F9 : 00;
	28FA : 00;
	28FB : 00;
	28FC : 00;
	28FD : 00;
	28FE : 00;
	28FF : 00;
	2900 : 64;
	2901 : 64;
	2902 : 64;
	2903 : 64;
	2904 : 64;
	2905 : 64;
	2906 : 64;
	2907 : 64;
	2908 : 84;
	2909 : 64;
	290A : 64;
	290B : 64;
	290C : 64;
	290D : 24;
	290E : 24;
	290F : 24;
	2910 : 00;
	2911 : 20;
	2912 : 64;
	2913 : 64;
	2914 : 24;
	2915 : 00;
	2916 : 20;
	2917 : 24;
	2918 : 24;
	2919 : 24;
	291A : 24;
	291B : 24;
	291C : 24;
	291D : 24;
	291E : 24;
	291F : 24;
	2920 : 24;
	2921 : 00;
	2922 : 00;
	2923 : 20;
	2924 : 00;
	2925 : 24;
	2926 : 24;
	2927 : 24;
	2928 : 24;
	2929 : 24;
	292A : 24;
	292B : 24;
	292C : 24;
	292D : 24;
	292E : 24;
	292F : 24;
	2930 : 24;
	2931 : 24;
	2932 : 24;
	2933 : 24;
	2934 : 24;
	2935 : 24;
	2936 : 24;
	2937 : 24;
	2938 : 24;
	2939 : 00;
	293A : 00;
	293B : 00;
	293C : 00;
	293D : 00;
	293E : 00;
	293F : 00;
	2940 : 64;
	2941 : 64;
	2942 : 64;
	2943 : 64;
	2944 : 64;
	2945 : 64;
	2946 : 64;
	2947 : 64;
	2948 : 64;
	2949 : 64;
	294A : 64;
	294B : 64;
	294C : 64;
	294D : 64;
	294E : 64;
	294F : 64;
	2950 : 20;
	2951 : 24;
	2952 : 24;
	2953 : 24;
	2954 : 64;
	2955 : 64;
	2956 : 24;
	2957 : 00;
	2958 : 24;
	2959 : 24;
	295A : 24;
	295B : 24;
	295C : 24;
	295D : 24;
	295E : 24;
	295F : 24;
	2960 : 24;
	2961 : 24;
	2962 : 24;
	2963 : 00;
	2964 : 00;
	2965 : 20;
	2966 : 24;
	2967 : 24;
	2968 : 24;
	2969 : 24;
	296A : 24;
	296B : 24;
	296C : 24;
	296D : 24;
	296E : 24;
	296F : 24;
	2970 : 24;
	2971 : 24;
	2972 : 24;
	2973 : 24;
	2974 : 24;
	2975 : 24;
	2976 : 24;
	2977 : 24;
	2978 : 24;
	2979 : 24;
	297A : 24;
	297B : 00;
	297C : 00;
	297D : 00;
	297E : 00;
	297F : 00;
	2980 : 64;
	2981 : 64;
	2982 : 64;
	2983 : 64;
	2984 : 64;
	2985 : 64;
	2986 : 84;
	2987 : 84;
	2988 : 64;
	2989 : 64;
	298A : 64;
	298B : 64;
	298C : 64;
	298D : 84;
	298E : 64;
	298F : 64;
	2990 : 20;
	2991 : 24;
	2992 : 24;
	2993 : 24;
	2994 : 64;
	2995 : 64;
	2996 : 64;
	2997 : 00;
	2998 : 20;
	2999 : 24;
	299A : 24;
	299B : 24;
	299C : 24;
	299D : 24;
	299E : 24;
	299F : 24;
	29A0 : 24;
	29A1 : 24;
	29A2 : 24;
	29A3 : 04;
	29A4 : 20;
	29A5 : 00;
	29A6 : 04;
	29A7 : 24;
	29A8 : 24;
	29A9 : 24;
	29AA : 24;
	29AB : 24;
	29AC : 24;
	29AD : 24;
	29AE : 24;
	29AF : 24;
	29B0 : 24;
	29B1 : 24;
	29B2 : 24;
	29B3 : 24;
	29B4 : 24;
	29B5 : 24;
	29B6 : 24;
	29B7 : 24;
	29B8 : 24;
	29B9 : 24;
	29BA : 24;
	29BB : 00;
	29BC : 00;
	29BD : 00;
	29BE : 00;
	29BF : 20;
	29C0 : 65;
	29C1 : 65;
	29C2 : 64;
	29C3 : 64;
	29C4 : 64;
	29C5 : 84;
	29C6 : 8C;
	29C7 : 84;
	29C8 : 64;
	29C9 : 64;
	29CA : 64;
	29CB : 64;
	29CC : 64;
	29CD : 64;
	29CE : 64;
	29CF : 64;
	29D0 : 24;
	29D1 : 24;
	29D2 : 64;
	29D3 : 24;
	29D4 : 64;
	29D5 : 64;
	29D6 : 64;
	29D7 : 24;
	29D8 : 00;
	29D9 : 24;
	29DA : 24;
	29DB : 00;
	29DC : 24;
	29DD : 24;
	29DE : 24;
	29DF : 24;
	29E0 : 24;
	29E1 : 24;
	29E2 : 24;
	29E3 : 24;
	29E4 : 24;
	29E5 : 24;
	29E6 : 24;
	29E7 : 24;
	29E8 : 24;
	29E9 : 24;
	29EA : 24;
	29EB : 24;
	29EC : 24;
	29ED : 24;
	29EE : 24;
	29EF : 24;
	29F0 : 24;
	29F1 : 24;
	29F2 : 24;
	29F3 : 24;
	29F4 : 24;
	29F5 : 24;
	29F6 : 24;
	29F7 : 24;
	29F8 : 24;
	29F9 : 24;
	29FA : 24;
	29FB : 24;
	29FC : 24;
	29FD : 00;
	29FE : 24;
	29FF : 20;
	2A00 : 65;
	2A01 : 64;
	2A02 : 64;
	2A03 : 64;
	2A04 : 64;
	2A05 : 64;
	2A06 : 64;
	2A07 : 84;
	2A08 : 84;
	2A09 : 64;
	2A0A : 64;
	2A0B : 64;
	2A0C : 64;
	2A0D : 64;
	2A0E : 64;
	2A0F : 64;
	2A10 : 64;
	2A11 : 64;
	2A12 : 64;
	2A13 : 24;
	2A14 : 64;
	2A15 : 64;
	2A16 : 64;
	2A17 : 20;
	2A18 : 00;
	2A19 : 24;
	2A1A : 00;
	2A1B : 00;
	2A1C : 00;
	2A1D : 24;
	2A1E : 24;
	2A1F : 24;
	2A20 : 24;
	2A21 : 24;
	2A22 : 24;
	2A23 : 24;
	2A24 : 24;
	2A25 : 24;
	2A26 : 24;
	2A27 : 24;
	2A28 : 24;
	2A29 : 24;
	2A2A : 24;
	2A2B : 24;
	2A2C : 24;
	2A2D : 24;
	2A2E : 24;
	2A2F : 24;
	2A30 : 24;
	2A31 : 24;
	2A32 : 24;
	2A33 : 24;
	2A34 : 24;
	2A35 : 24;
	2A36 : 24;
	2A37 : 24;
	2A38 : 24;
	2A39 : 24;
	2A3A : 24;
	2A3B : 24;
	2A3C : 24;
	2A3D : 00;
	2A3E : 20;
	2A3F : 20;
	2A40 : 64;
	2A41 : 64;
	2A42 : 64;
	2A43 : 64;
	2A44 : 64;
	2A45 : 64;
	2A46 : 64;
	2A47 : 8C;
	2A48 : 84;
	2A49 : 84;
	2A4A : 64;
	2A4B : 64;
	2A4C : 64;
	2A4D : 64;
	2A4E : 64;
	2A4F : 64;
	2A50 : 64;
	2A51 : 64;
	2A52 : 64;
	2A53 : 24;
	2A54 : 64;
	2A55 : 64;
	2A56 : 64;
	2A57 : 64;
	2A58 : 00;
	2A59 : 00;
	2A5A : 00;
	2A5B : 20;
	2A5C : 00;
	2A5D : 24;
	2A5E : 24;
	2A5F : 24;
	2A60 : 24;
	2A61 : 24;
	2A62 : 24;
	2A63 : 24;
	2A64 : 24;
	2A65 : 24;
	2A66 : 24;
	2A67 : 24;
	2A68 : 24;
	2A69 : 24;
	2A6A : 24;
	2A6B : 24;
	2A6C : 24;
	2A6D : 24;
	2A6E : 24;
	2A6F : 24;
	2A70 : 24;
	2A71 : 24;
	2A72 : 24;
	2A73 : 24;
	2A74 : 24;
	2A75 : 24;
	2A76 : 24;
	2A77 : 24;
	2A78 : 24;
	2A79 : 24;
	2A7A : 24;
	2A7B : 24;
	2A7C : 24;
	2A7D : 00;
	2A7E : 20;
	2A7F : 20;
	2A80 : 8D;
	2A81 : 8D;
	2A82 : 64;
	2A83 : 64;
	2A84 : 64;
	2A85 : 64;
	2A86 : 64;
	2A87 : 64;
	2A88 : 64;
	2A89 : 84;
	2A8A : 84;
	2A8B : 84;
	2A8C : 64;
	2A8D : 64;
	2A8E : 64;
	2A8F : 64;
	2A90 : 64;
	2A91 : 64;
	2A92 : 64;
	2A93 : 64;
	2A94 : 64;
	2A95 : 64;
	2A96 : 64;
	2A97 : 24;
	2A98 : 00;
	2A99 : 00;
	2A9A : 00;
	2A9B : 20;
	2A9C : 00;
	2A9D : 24;
	2A9E : 24;
	2A9F : 24;
	2AA0 : 24;
	2AA1 : 24;
	2AA2 : 24;
	2AA3 : 24;
	2AA4 : 24;
	2AA5 : 24;
	2AA6 : 24;
	2AA7 : 24;
	2AA8 : 24;
	2AA9 : 24;
	2AAA : 24;
	2AAB : 24;
	2AAC : 24;
	2AAD : 24;
	2AAE : 24;
	2AAF : 24;
	2AB0 : 24;
	2AB1 : 24;
	2AB2 : 24;
	2AB3 : 24;
	2AB4 : 24;
	2AB5 : 24;
	2AB6 : 24;
	2AB7 : 24;
	2AB8 : 24;
	2AB9 : 24;
	2ABA : 24;
	2ABB : 24;
	2ABC : 24;
	2ABD : 24;
	2ABE : 24;
	2ABF : 00;
	2AC0 : 8D;
	2AC1 : 64;
	2AC2 : 6C;
	2AC3 : 64;
	2AC4 : 64;
	2AC5 : 64;
	2AC6 : 64;
	2AC7 : 64;
	2AC8 : 64;
	2AC9 : 64;
	2ACA : 84;
	2ACB : 84;
	2ACC : 64;
	2ACD : 64;
	2ACE : 64;
	2ACF : 64;
	2AD0 : 64;
	2AD1 : 64;
	2AD2 : 20;
	2AD3 : 20;
	2AD4 : 64;
	2AD5 : 64;
	2AD6 : 64;
	2AD7 : 20;
	2AD8 : 00;
	2AD9 : 00;
	2ADA : 64;
	2ADB : 24;
	2ADC : 00;
	2ADD : 24;
	2ADE : 24;
	2ADF : 24;
	2AE0 : 24;
	2AE1 : 24;
	2AE2 : 24;
	2AE3 : 24;
	2AE4 : 24;
	2AE5 : 24;
	2AE6 : 24;
	2AE7 : 24;
	2AE8 : 24;
	2AE9 : 24;
	2AEA : 24;
	2AEB : 24;
	2AEC : 24;
	2AED : 24;
	2AEE : 24;
	2AEF : 24;
	2AF0 : 24;
	2AF1 : 24;
	2AF2 : 24;
	2AF3 : 24;
	2AF4 : 24;
	2AF5 : 24;
	2AF6 : 24;
	2AF7 : 24;
	2AF8 : 24;
	2AF9 : 24;
	2AFA : 24;
	2AFB : 24;
	2AFC : 24;
	2AFD : 24;
	2AFE : 24;
	2AFF : 00;
	2B00 : 8D;
	2B01 : 8D;
	2B02 : 8C;
	2B03 : 8C;
	2B04 : 64;
	2B05 : 64;
	2B06 : 64;
	2B07 : 64;
	2B08 : 64;
	2B09 : 64;
	2B0A : 84;
	2B0B : 84;
	2B0C : 84;
	2B0D : 64;
	2B0E : 64;
	2B0F : 64;
	2B10 : 64;
	2B11 : 64;
	2B12 : 64;
	2B13 : 64;
	2B14 : 24;
	2B15 : 24;
	2B16 : 64;
	2B17 : 64;
	2B18 : 00;
	2B19 : 00;
	2B1A : 24;
	2B1B : 20;
	2B1C : 00;
	2B1D : 24;
	2B1E : 24;
	2B1F : 24;
	2B20 : 24;
	2B21 : 24;
	2B22 : 24;
	2B23 : 24;
	2B24 : 24;
	2B25 : 24;
	2B26 : 24;
	2B27 : 24;
	2B28 : 24;
	2B29 : 24;
	2B2A : 24;
	2B2B : 24;
	2B2C : 24;
	2B2D : 24;
	2B2E : 24;
	2B2F : 24;
	2B30 : 24;
	2B31 : 24;
	2B32 : 24;
	2B33 : 24;
	2B34 : 24;
	2B35 : 24;
	2B36 : 24;
	2B37 : 24;
	2B38 : 24;
	2B39 : 24;
	2B3A : 24;
	2B3B : 24;
	2B3C : 24;
	2B3D : 24;
	2B3E : 24;
	2B3F : 00;
	2B40 : 8C;
	2B41 : 8C;
	2B42 : 8C;
	2B43 : 84;
	2B44 : 64;
	2B45 : 84;
	2B46 : 64;
	2B47 : 64;
	2B48 : 64;
	2B49 : 64;
	2B4A : 64;
	2B4B : 64;
	2B4C : 84;
	2B4D : 84;
	2B4E : 64;
	2B4F : 64;
	2B50 : 64;
	2B51 : 64;
	2B52 : 64;
	2B53 : 64;
	2B54 : 24;
	2B55 : 24;
	2B56 : 24;
	2B57 : 64;
	2B58 : 20;
	2B59 : 20;
	2B5A : 24;
	2B5B : 24;
	2B5C : 00;
	2B5D : 00;
	2B5E : 00;
	2B5F : 00;
	2B60 : 24;
	2B61 : 24;
	2B62 : 24;
	2B63 : 24;
	2B64 : 24;
	2B65 : 24;
	2B66 : 24;
	2B67 : 24;
	2B68 : 24;
	2B69 : 24;
	2B6A : 24;
	2B6B : 24;
	2B6C : 24;
	2B6D : 24;
	2B6E : 24;
	2B6F : 24;
	2B70 : 24;
	2B71 : 24;
	2B72 : 24;
	2B73 : 24;
	2B74 : 24;
	2B75 : 24;
	2B76 : 24;
	2B77 : 24;
	2B78 : 24;
	2B79 : 24;
	2B7A : 24;
	2B7B : 24;
	2B7C : 24;
	2B7D : 24;
	2B7E : 24;
	2B7F : 00;
	2B80 : 8C;
	2B81 : 8C;
	2B82 : 84;
	2B83 : 84;
	2B84 : 84;
	2B85 : 64;
	2B86 : 84;
	2B87 : 64;
	2B88 : 64;
	2B89 : 64;
	2B8A : 64;
	2B8B : 64;
	2B8C : 64;
	2B8D : 64;
	2B8E : 64;
	2B8F : 64;
	2B90 : 64;
	2B91 : 64;
	2B92 : 64;
	2B93 : 64;
	2B94 : 64;
	2B95 : 64;
	2B96 : 20;
	2B97 : 64;
	2B98 : 20;
	2B99 : 24;
	2B9A : 20;
	2B9B : 20;
	2B9C : 20;
	2B9D : 20;
	2B9E : 20;
	2B9F : 00;
	2BA0 : 00;
	2BA1 : 24;
	2BA2 : 24;
	2BA3 : 24;
	2BA4 : 24;
	2BA5 : 24;
	2BA6 : 24;
	2BA7 : 24;
	2BA8 : 24;
	2BA9 : 24;
	2BAA : 24;
	2BAB : 24;
	2BAC : 24;
	2BAD : 24;
	2BAE : 24;
	2BAF : 24;
	2BB0 : 24;
	2BB1 : 24;
	2BB2 : 24;
	2BB3 : 24;
	2BB4 : 24;
	2BB5 : 24;
	2BB6 : 24;
	2BB7 : 24;
	2BB8 : 24;
	2BB9 : 24;
	2BBA : 24;
	2BBB : 24;
	2BBC : 24;
	2BBD : 24;
	2BBE : 04;
	2BBF : 00;
	2BC0 : 64;
	2BC1 : 64;
	2BC2 : 64;
	2BC3 : 64;
	2BC4 : 84;
	2BC5 : 8C;
	2BC6 : 8C;
	2BC7 : 84;
	2BC8 : 64;
	2BC9 : 64;
	2BCA : 64;
	2BCB : 64;
	2BCC : 64;
	2BCD : 64;
	2BCE : 64;
	2BCF : 64;
	2BD0 : 64;
	2BD1 : 64;
	2BD2 : 64;
	2BD3 : 64;
	2BD4 : 64;
	2BD5 : 64;
	2BD6 : 64;
	2BD7 : 64;
	2BD8 : 64;
	2BD9 : 64;
	2BDA : 64;
	2BDB : 64;
	2BDC : 64;
	2BDD : 64;
	2BDE : 20;
	2BDF : 24;
	2BE0 : 20;
	2BE1 : 00;
	2BE2 : 00;
	2BE3 : 24;
	2BE4 : 24;
	2BE5 : 24;
	2BE6 : 24;
	2BE7 : 24;
	2BE8 : 24;
	2BE9 : 24;
	2BEA : 24;
	2BEB : 24;
	2BEC : 24;
	2BED : 24;
	2BEE : 24;
	2BEF : 24;
	2BF0 : 24;
	2BF1 : 24;
	2BF2 : 24;
	2BF3 : 24;
	2BF4 : 24;
	2BF5 : 24;
	2BF6 : 24;
	2BF7 : 24;
	2BF8 : 24;
	2BF9 : 24;
	2BFA : 24;
	2BFB : 24;
	2BFC : 24;
	2BFD : 04;
	2BFE : 24;
	2BFF : 00;
	2C00 : 64;
	2C01 : 64;
	2C02 : 64;
	2C03 : 64;
	2C04 : 64;
	2C05 : 64;
	2C06 : 84;
	2C07 : 8C;
	2C08 : 8C;
	2C09 : 64;
	2C0A : 64;
	2C0B : 64;
	2C0C : 64;
	2C0D : 64;
	2C0E : 64;
	2C0F : 64;
	2C10 : 64;
	2C11 : 64;
	2C12 : 64;
	2C13 : 64;
	2C14 : 64;
	2C15 : 64;
	2C16 : 64;
	2C17 : 64;
	2C18 : 64;
	2C19 : 64;
	2C1A : 64;
	2C1B : 64;
	2C1C : 64;
	2C1D : 64;
	2C1E : 24;
	2C1F : 20;
	2C20 : 20;
	2C21 : 20;
	2C22 : 20;
	2C23 : 00;
	2C24 : 24;
	2C25 : 24;
	2C26 : 24;
	2C27 : 24;
	2C28 : 24;
	2C29 : 24;
	2C2A : 24;
	2C2B : 24;
	2C2C : 24;
	2C2D : 24;
	2C2E : 24;
	2C2F : 24;
	2C30 : 24;
	2C31 : 24;
	2C32 : 24;
	2C33 : 24;
	2C34 : 24;
	2C35 : 24;
	2C36 : 24;
	2C37 : 24;
	2C38 : 24;
	2C39 : 24;
	2C3A : 24;
	2C3B : 24;
	2C3C : 24;
	2C3D : 24;
	2C3E : 24;
	2C3F : 00;
	2C40 : 84;
	2C41 : 84;
	2C42 : 64;
	2C43 : 64;
	2C44 : 64;
	2C45 : 64;
	2C46 : 64;
	2C47 : 64;
	2C48 : 64;
	2C49 : 64;
	2C4A : 64;
	2C4B : 64;
	2C4C : 64;
	2C4D : 64;
	2C4E : 64;
	2C4F : 64;
	2C50 : 64;
	2C51 : 64;
	2C52 : 64;
	2C53 : 64;
	2C54 : 64;
	2C55 : 64;
	2C56 : 64;
	2C57 : 64;
	2C58 : 64;
	2C59 : 64;
	2C5A : 64;
	2C5B : 64;
	2C5C : 20;
	2C5D : 64;
	2C5E : 24;
	2C5F : 20;
	2C60 : 24;
	2C61 : 20;
	2C62 : 20;
	2C63 : 20;
	2C64 : 00;
	2C65 : 24;
	2C66 : 24;
	2C67 : 24;
	2C68 : 24;
	2C69 : 24;
	2C6A : 24;
	2C6B : 24;
	2C6C : 24;
	2C6D : 24;
	2C6E : 24;
	2C6F : 24;
	2C70 : 24;
	2C71 : 24;
	2C72 : 24;
	2C73 : 24;
	2C74 : 24;
	2C75 : 24;
	2C76 : 24;
	2C77 : 24;
	2C78 : 24;
	2C79 : 24;
	2C7A : 24;
	2C7B : 24;
	2C7C : 24;
	2C7D : 24;
	2C7E : 24;
	2C7F : 00;
	2C80 : 64;
	2C81 : 64;
	2C82 : 64;
	2C83 : 64;
	2C84 : 64;
	2C85 : 64;
	2C86 : 64;
	2C87 : 64;
	2C88 : 64;
	2C89 : 64;
	2C8A : 64;
	2C8B : 64;
	2C8C : 64;
	2C8D : 64;
	2C8E : 64;
	2C8F : 64;
	2C90 : 64;
	2C91 : 64;
	2C92 : 64;
	2C93 : 64;
	2C94 : 64;
	2C95 : 64;
	2C96 : 64;
	2C97 : 64;
	2C98 : 64;
	2C99 : 64;
	2C9A : 64;
	2C9B : 64;
	2C9C : 20;
	2C9D : 24;
	2C9E : 24;
	2C9F : 20;
	2CA0 : 20;
	2CA1 : 24;
	2CA2 : 20;
	2CA3 : 20;
	2CA4 : 00;
	2CA5 : 24;
	2CA6 : 24;
	2CA7 : 24;
	2CA8 : 24;
	2CA9 : 24;
	2CAA : 24;
	2CAB : 24;
	2CAC : 24;
	2CAD : 24;
	2CAE : 24;
	2CAF : 24;
	2CB0 : 24;
	2CB1 : 24;
	2CB2 : 24;
	2CB3 : 24;
	2CB4 : 24;
	2CB5 : 24;
	2CB6 : 24;
	2CB7 : 24;
	2CB8 : 24;
	2CB9 : 24;
	2CBA : 24;
	2CBB : 24;
	2CBC : 24;
	2CBD : 24;
	2CBE : 24;
	2CBF : 00;
	2CC0 : 64;
	2CC1 : 64;
	2CC2 : 64;
	2CC3 : 64;
	2CC4 : 64;
	2CC5 : 64;
	2CC6 : 64;
	2CC7 : 64;
	2CC8 : 64;
	2CC9 : 64;
	2CCA : 64;
	2CCB : 64;
	2CCC : 64;
	2CCD : 64;
	2CCE : 64;
	2CCF : 64;
	2CD0 : 20;
	2CD1 : 20;
	2CD2 : 24;
	2CD3 : 24;
	2CD4 : 64;
	2CD5 : 64;
	2CD6 : 64;
	2CD7 : 64;
	2CD8 : 64;
	2CD9 : 64;
	2CDA : 64;
	2CDB : 64;
	2CDC : 64;
	2CDD : 64;
	2CDE : 20;
	2CDF : 20;
	2CE0 : 20;
	2CE1 : 00;
	2CE2 : 00;
	2CE3 : 20;
	2CE4 : 00;
	2CE5 : 24;
	2CE6 : 24;
	2CE7 : 24;
	2CE8 : 24;
	2CE9 : 24;
	2CEA : 24;
	2CEB : 24;
	2CEC : 24;
	2CED : 24;
	2CEE : 24;
	2CEF : 24;
	2CF0 : 24;
	2CF1 : 24;
	2CF2 : 24;
	2CF3 : 24;
	2CF4 : 24;
	2CF5 : 24;
	2CF6 : 24;
	2CF7 : 24;
	2CF8 : 24;
	2CF9 : 24;
	2CFA : 24;
	2CFB : 24;
	2CFC : 24;
	2CFD : 24;
	2CFE : 24;
	2CFF : 00;
	2D00 : 00;
	2D01 : 00;
	2D02 : 00;
	2D03 : 00;
	2D04 : 00;
	2D05 : 00;
	2D06 : 00;
	2D07 : 00;
	2D08 : 64;
	2D09 : 64;
	2D0A : 64;
	2D0B : 64;
	2D0C : 64;
	2D0D : 24;
	2D0E : 20;
	2D0F : 20;
	2D10 : 20;
	2D11 : 64;
	2D12 : 24;
	2D13 : 24;
	2D14 : 64;
	2D15 : 64;
	2D16 : 64;
	2D17 : 64;
	2D18 : 64;
	2D19 : 64;
	2D1A : 64;
	2D1B : 64;
	2D1C : 64;
	2D1D : 20;
	2D1E : 64;
	2D1F : 64;
	2D20 : 20;
	2D21 : 20;
	2D22 : 00;
	2D23 : 00;
	2D24 : 24;
	2D25 : 24;
	2D26 : 24;
	2D27 : 24;
	2D28 : 24;
	2D29 : 24;
	2D2A : 24;
	2D2B : 24;
	2D2C : 24;
	2D2D : 24;
	2D2E : 24;
	2D2F : 00;
	2D30 : 00;
	2D31 : 00;
	2D32 : 6D;
	2D33 : 24;
	2D34 : 24;
	2D35 : 00;
	2D36 : 00;
	2D37 : 24;
	2D38 : 24;
	2D39 : 24;
	2D3A : 24;
	2D3B : 24;
	2D3C : 24;
	2D3D : 24;
	2D3E : 24;
	2D3F : 00;
	2D40 : B1;
	2D41 : 64;
	2D42 : 64;
	2D43 : 24;
	2D44 : 00;
	2D45 : 00;
	2D46 : 64;
	2D47 : 64;
	2D48 : 84;
	2D49 : 84;
	2D4A : 64;
	2D4B : 64;
	2D4C : 64;
	2D4D : 64;
	2D4E : 64;
	2D4F : 64;
	2D50 : 64;
	2D51 : 64;
	2D52 : 64;
	2D53 : 64;
	2D54 : 64;
	2D55 : 64;
	2D56 : 64;
	2D57 : 64;
	2D58 : 64;
	2D59 : 64;
	2D5A : 64;
	2D5B : 64;
	2D5C : 64;
	2D5D : 24;
	2D5E : 20;
	2D5F : 20;
	2D60 : 20;
	2D61 : 20;
	2D62 : 20;
	2D63 : 00;
	2D64 : 00;
	2D65 : 24;
	2D66 : 24;
	2D67 : 24;
	2D68 : 24;
	2D69 : 24;
	2D6A : 24;
	2D6B : 24;
	2D6C : 24;
	2D6D : 24;
	2D6E : 24;
	2D6F : 00;
	2D70 : 20;
	2D71 : 20;
	2D72 : 00;
	2D73 : 00;
	2D74 : 00;
	2D75 : 64;
	2D76 : 64;
	2D77 : 00;
	2D78 : 24;
	2D79 : 24;
	2D7A : 24;
	2D7B : 24;
	2D7C : 24;
	2D7D : 24;
	2D7E : 24;
	2D7F : 00;
	2D80 : AD;
	2D81 : 00;
	2D82 : 00;
	2D83 : 00;
	2D84 : 00;
	2D85 : 00;
	2D86 : 64;
	2D87 : 64;
	2D88 : 24;
	2D89 : 20;
	2D8A : 8C;
	2D8B : 84;
	2D8C : 64;
	2D8D : 64;
	2D8E : 64;
	2D8F : 64;
	2D90 : 64;
	2D91 : 64;
	2D92 : 64;
	2D93 : 24;
	2D94 : 24;
	2D95 : 64;
	2D96 : 64;
	2D97 : 64;
	2D98 : 64;
	2D99 : 64;
	2D9A : 64;
	2D9B : 64;
	2D9C : 64;
	2D9D : 20;
	2D9E : 20;
	2D9F : 20;
	2DA0 : 24;
	2DA1 : 20;
	2DA2 : 20;
	2DA3 : 00;
	2DA4 : 00;
	2DA5 : 24;
	2DA6 : 24;
	2DA7 : 24;
	2DA8 : 24;
	2DA9 : 24;
	2DAA : 24;
	2DAB : 24;
	2DAC : 24;
	2DAD : 00;
	2DAE : 00;
	2DAF : 00;
	2DB0 : 00;
	2DB1 : 64;
	2DB2 : 91;
	2DB3 : 70;
	2DB4 : 70;
	2DB5 : 24;
	2DB6 : 00;
	2DB7 : 6D;
	2DB8 : 00;
	2DB9 : 24;
	2DBA : 24;
	2DBB : 24;
	2DBC : 24;
	2DBD : 24;
	2DBE : 24;
	2DBF : 00;
	2DC0 : AD;
	2DC1 : 8D;
	2DC2 : 8D;
	2DC3 : 8D;
	2DC4 : 6D;
	2DC5 : 64;
	2DC6 : 64;
	2DC7 : 64;
	2DC8 : 24;
	2DC9 : 24;
	2DCA : 24;
	2DCB : 64;
	2DCC : 64;
	2DCD : 64;
	2DCE : 64;
	2DCF : 64;
	2DD0 : 64;
	2DD1 : 64;
	2DD2 : 24;
	2DD3 : 24;
	2DD4 : 64;
	2DD5 : 64;
	2DD6 : 64;
	2DD7 : 24;
	2DD8 : 64;
	2DD9 : 64;
	2DDA : 64;
	2DDB : 64;
	2DDC : 64;
	2DDD : 64;
	2DDE : 20;
	2DDF : 20;
	2DE0 : 20;
	2DE1 : 20;
	2DE2 : 00;
	2DE3 : 20;
	2DE4 : 00;
	2DE5 : 00;
	2DE6 : 24;
	2DE7 : 24;
	2DE8 : 24;
	2DE9 : 24;
	2DEA : 24;
	2DEB : 24;
	2DEC : 24;
	2DED : 00;
	2DEE : 00;
	2DEF : 00;
	2DF0 : 24;
	2DF1 : 64;
	2DF2 : 91;
	2DF3 : 70;
	2DF4 : 70;
	2DF5 : 71;
	2DF6 : 00;
	2DF7 : 6D;
	2DF8 : 00;
	2DF9 : 24;
	2DFA : 24;
	2DFB : 24;
	2DFC : 24;
	2DFD : 24;
	2DFE : 24;
	2DFF : 00;
	2E00 : D1;
	2E01 : AD;
	2E02 : 8D;
	2E03 : 8D;
	2E04 : 8D;
	2E05 : AD;
	2E06 : 64;
	2E07 : 64;
	2E08 : 64;
	2E09 : 24;
	2E0A : 24;
	2E0B : 64;
	2E0C : 64;
	2E0D : 64;
	2E0E : 64;
	2E0F : 64;
	2E10 : 64;
	2E11 : 64;
	2E12 : 64;
	2E13 : 64;
	2E14 : 64;
	2E15 : 24;
	2E16 : 24;
	2E17 : 24;
	2E18 : 24;
	2E19 : 20;
	2E1A : 24;
	2E1B : 64;
	2E1C : 24;
	2E1D : 24;
	2E1E : 24;
	2E1F : 24;
	2E20 : 20;
	2E21 : 20;
	2E22 : 00;
	2E23 : 00;
	2E24 : 00;
	2E25 : 24;
	2E26 : 24;
	2E27 : 24;
	2E28 : 24;
	2E29 : 24;
	2E2A : 24;
	2E2B : 24;
	2E2C : 24;
	2E2D : 00;
	2E2E : 00;
	2E2F : 24;
	2E30 : 00;
	2E31 : 00;
	2E32 : 00;
	2E33 : 24;
	2E34 : 70;
	2E35 : 6C;
	2E36 : 00;
	2E37 : 00;
	2E38 : 00;
	2E39 : 24;
	2E3A : 24;
	2E3B : 24;
	2E3C : 04;
	2E3D : 24;
	2E3E : 24;
	2E3F : 00;
	2E40 : D1;
	2E41 : D1;
	2E42 : AD;
	2E43 : AD;
	2E44 : 8D;
	2E45 : 8D;
	2E46 : 8D;
	2E47 : 64;
	2E48 : 64;
	2E49 : 64;
	2E4A : 64;
	2E4B : 24;
	2E4C : 24;
	2E4D : 64;
	2E4E : 64;
	2E4F : 64;
	2E50 : 64;
	2E51 : 64;
	2E52 : 64;
	2E53 : 64;
	2E54 : 64;
	2E55 : 64;
	2E56 : 24;
	2E57 : 24;
	2E58 : 24;
	2E59 : 24;
	2E5A : 24;
	2E5B : 64;
	2E5C : 24;
	2E5D : 24;
	2E5E : 24;
	2E5F : 24;
	2E60 : 24;
	2E61 : 20;
	2E62 : 00;
	2E63 : 00;
	2E64 : 00;
	2E65 : 24;
	2E66 : 24;
	2E67 : 24;
	2E68 : 24;
	2E69 : 24;
	2E6A : 24;
	2E6B : 24;
	2E6C : 24;
	2E6D : 20;
	2E6E : 00;
	2E6F : 6D;
	2E70 : 00;
	2E71 : 24;
	2E72 : 6D;
	2E73 : 24;
	2E74 : 24;
	2E75 : 00;
	2E76 : 24;
	2E77 : 00;
	2E78 : 00;
	2E79 : 24;
	2E7A : 24;
	2E7B : 24;
	2E7C : 24;
	2E7D : 24;
	2E7E : 24;
	2E7F : 00;
	2E80 : D1;
	2E81 : D1;
	2E82 : D1;
	2E83 : D1;
	2E84 : 8D;
	2E85 : 8D;
	2E86 : 8D;
	2E87 : 8D;
	2E88 : 64;
	2E89 : 64;
	2E8A : 64;
	2E8B : 24;
	2E8C : 24;
	2E8D : 64;
	2E8E : 64;
	2E8F : 64;
	2E90 : 64;
	2E91 : 64;
	2E92 : 64;
	2E93 : 64;
	2E94 : 24;
	2E95 : 24;
	2E96 : 24;
	2E97 : 24;
	2E98 : 24;
	2E99 : 64;
	2E9A : 24;
	2E9B : 24;
	2E9C : 24;
	2E9D : 24;
	2E9E : 24;
	2E9F : 24;
	2EA0 : 24;
	2EA1 : 24;
	2EA2 : 20;
	2EA3 : 00;
	2EA4 : 00;
	2EA5 : 24;
	2EA6 : 24;
	2EA7 : 24;
	2EA8 : 24;
	2EA9 : 24;
	2EAA : 24;
	2EAB : 24;
	2EAC : 24;
	2EAD : 00;
	2EAE : 65;
	2EAF : 00;
	2EB0 : 20;
	2EB1 : 24;
	2EB2 : 24;
	2EB3 : 65;
	2EB4 : 00;
	2EB5 : 6D;
	2EB6 : 00;
	2EB7 : 00;
	2EB8 : 24;
	2EB9 : 24;
	2EBA : 24;
	2EBB : 24;
	2EBC : 24;
	2EBD : 00;
	2EBE : 00;
	2EBF : 00;
	2EC0 : D1;
	2EC1 : D1;
	2EC2 : D1;
	2EC3 : D1;
	2EC4 : 00;
	2EC5 : 00;
	2EC6 : AD;
	2EC7 : 8D;
	2EC8 : 8D;
	2EC9 : 8D;
	2ECA : 64;
	2ECB : 64;
	2ECC : 64;
	2ECD : 64;
	2ECE : 64;
	2ECF : 64;
	2ED0 : 64;
	2ED1 : 64;
	2ED2 : 64;
	2ED3 : 64;
	2ED4 : 24;
	2ED5 : 24;
	2ED6 : 64;
	2ED7 : 64;
	2ED8 : 64;
	2ED9 : 64;
	2EDA : 24;
	2EDB : 24;
	2EDC : 24;
	2EDD : 24;
	2EDE : 24;
	2EDF : 00;
	2EE0 : 20;
	2EE1 : 24;
	2EE2 : 60;
	2EE3 : 00;
	2EE4 : 00;
	2EE5 : 24;
	2EE6 : 24;
	2EE7 : 24;
	2EE8 : 24;
	2EE9 : 24;
	2EEA : 24;
	2EEB : 24;
	2EEC : 24;
	2EED : 00;
	2EEE : 6D;
	2EEF : 00;
	2EF0 : 60;
	2EF1 : 60;
	2EF2 : 24;
	2EF3 : 00;
	2EF4 : 24;
	2EF5 : 00;
	2EF6 : 00;
	2EF7 : 24;
	2EF8 : 24;
	2EF9 : 24;
	2EFA : 24;
	2EFB : 24;
	2EFC : 24;
	2EFD : 00;
	2EFE : 00;
	2EFF : 00;
	2F00 : D1;
	2F01 : D1;
	2F02 : D1;
	2F03 : D1;
	2F04 : 00;
	2F05 : 00;
	2F06 : 8D;
	2F07 : 8D;
	2F08 : 8D;
	2F09 : 8D;
	2F0A : 8D;
	2F0B : 64;
	2F0C : 64;
	2F0D : 64;
	2F0E : 64;
	2F0F : 64;
	2F10 : 64;
	2F11 : 64;
	2F12 : 64;
	2F13 : 64;
	2F14 : 64;
	2F15 : 64;
	2F16 : 64;
	2F17 : 64;
	2F18 : 64;
	2F19 : 64;
	2F1A : 64;
	2F1B : 64;
	2F1C : 24;
	2F1D : 24;
	2F1E : 00;
	2F1F : 00;
	2F20 : 00;
	2F21 : 20;
	2F22 : 64;
	2F23 : 00;
	2F24 : 00;
	2F25 : 24;
	2F26 : 24;
	2F27 : 24;
	2F28 : 24;
	2F29 : 24;
	2F2A : 24;
	2F2B : 24;
	2F2C : 24;
	2F2D : 00;
	2F2E : 25;
	2F2F : 24;
	2F30 : 20;
	2F31 : 20;
	2F32 : 00;
	2F33 : 6C;
	2F34 : 24;
	2F35 : 00;
	2F36 : 24;
	2F37 : 24;
	2F38 : 24;
	2F39 : 24;
	2F3A : 24;
	2F3B : 24;
	2F3C : 24;
	2F3D : 24;
	2F3E : 04;
	2F3F : 00;
	2F40 : D1;
	2F41 : 20;
	2F42 : 00;
	2F43 : 00;
	2F44 : 00;
	2F45 : 00;
	2F46 : 00;
	2F47 : 00;
	2F48 : AD;
	2F49 : AD;
	2F4A : 8D;
	2F4B : 8D;
	2F4C : AD;
	2F4D : 64;
	2F4E : 64;
	2F4F : 64;
	2F50 : 64;
	2F51 : 64;
	2F52 : 64;
	2F53 : 64;
	2F54 : 64;
	2F55 : 64;
	2F56 : 64;
	2F57 : 64;
	2F58 : 64;
	2F59 : 64;
	2F5A : 64;
	2F5B : 64;
	2F5C : 64;
	2F5D : 24;
	2F5E : 00;
	2F5F : 00;
	2F60 : 00;
	2F61 : 00;
	2F62 : 00;
	2F63 : 24;
	2F64 : 00;
	2F65 : 24;
	2F66 : 24;
	2F67 : 00;
	2F68 : 00;
	2F69 : 24;
	2F6A : 24;
	2F6B : 24;
	2F6C : 24;
	2F6D : 20;
	2F6E : 20;
	2F6F : 64;
	2F70 : 24;
	2F71 : 24;
	2F72 : 20;
	2F73 : 00;
	2F74 : 00;
	2F75 : 24;
	2F76 : 24;
	2F77 : 24;
	2F78 : 24;
	2F79 : 24;
	2F7A : 24;
	2F7B : 24;
	2F7C : 24;
	2F7D : 24;
	2F7E : 24;
	2F7F : 00;
	2F80 : D1;
	2F81 : D1;
	2F82 : D1;
	2F83 : D1;
	2F84 : FA;
	2F85 : 00;
	2F86 : D1;
	2F87 : D1;
	2F88 : D1;
	2F89 : D1;
	2F8A : AD;
	2F8B : AD;
	2F8C : AD;
	2F8D : 64;
	2F8E : 64;
	2F8F : 64;
	2F90 : 64;
	2F91 : 64;
	2F92 : 64;
	2F93 : 64;
	2F94 : 64;
	2F95 : 64;
	2F96 : 24;
	2F97 : 64;
	2F98 : 64;
	2F99 : 20;
	2F9A : 24;
	2F9B : 64;
	2F9C : 64;
	2F9D : 64;
	2F9E : 00;
	2F9F : 24;
	2FA0 : 00;
	2FA1 : 24;
	2FA2 : 24;
	2FA3 : 00;
	2FA4 : 20;
	2FA5 : 24;
	2FA6 : 24;
	2FA7 : 00;
	2FA8 : 00;
	2FA9 : 24;
	2FAA : 24;
	2FAB : 24;
	2FAC : 20;
	2FAD : 24;
	2FAE : 6D;
	2FAF : 24;
	2FB0 : 20;
	2FB1 : 00;
	2FB2 : 00;
	2FB3 : 00;
	2FB4 : 20;
	2FB5 : 24;
	2FB6 : 24;
	2FB7 : 24;
	2FB8 : 24;
	2FB9 : 24;
	2FBA : 24;
	2FBB : 24;
	2FBC : 24;
	2FBD : 24;
	2FBE : 24;
	2FBF : 20;
	2FC0 : D1;
	2FC1 : D1;
	2FC2 : D1;
	2FC3 : D1;
	2FC4 : D1;
	2FC5 : 00;
	2FC6 : D1;
	2FC7 : D1;
	2FC8 : D1;
	2FC9 : D1;
	2FCA : D1;
	2FCB : AD;
	2FCC : 64;
	2FCD : 64;
	2FCE : 64;
	2FCF : 64;
	2FD0 : 64;
	2FD1 : 24;
	2FD2 : 64;
	2FD3 : 64;
	2FD4 : 64;
	2FD5 : 64;
	2FD6 : 24;
	2FD7 : 24;
	2FD8 : 64;
	2FD9 : 20;
	2FDA : 20;
	2FDB : 64;
	2FDC : 64;
	2FDD : 20;
	2FDE : 00;
	2FDF : 20;
	2FE0 : 00;
	2FE1 : 20;
	2FE2 : 24;
	2FE3 : 00;
	2FE4 : 00;
	2FE5 : 00;
	2FE6 : 04;
	2FE7 : 24;
	2FE8 : 00;
	2FE9 : 00;
	2FEA : 00;
	2FEB : 24;
	2FEC : 00;
	2FED : 6D;
	2FEE : 6D;
	2FEF : 00;
	2FF0 : 00;
	2FF1 : 00;
	2FF2 : 00;
	2FF3 : 00;
	2FF4 : 00;
	2FF5 : 24;
	2FF6 : 24;
	2FF7 : 24;
	2FF8 : 24;
	2FF9 : 24;
	2FFA : 24;
	2FFB : 24;
	2FFC : 24;
	2FFD : 00;
	2FFE : 00;
	2FFF : 20;
	3000 : 00;
	3001 : 00;
	3002 : 00;
	3003 : 00;
	3004 : 24;
	3005 : 24;
	3006 : 24;
	3007 : 24;
	3008 : 24;
	3009 : 24;
	300A : 24;
	300B : 24;
	300C : 24;
	300D : 25;
	300E : 24;
	300F : 24;
	3010 : 25;
	3011 : 25;
	3012 : 24;
	3013 : 24;
	3014 : 25;
	3015 : 25;
	3016 : 24;
	3017 : 24;
	3018 : 24;
	3019 : 24;
	301A : 65;
	301B : 6D;
	301C : 24;
	301D : 24;
	301E : 24;
	301F : 24;
	3020 : 24;
	3021 : 24;
	3022 : 24;
	3023 : 24;
	3024 : 00;
	3025 : 00;
	3026 : 00;
	3027 : 91;
	3028 : 91;
	3029 : 91;
	302A : 91;
	302B : 91;
	302C : 00;
	302D : 00;
	302E : 64;
	302F : 6D;
	3030 : 91;
	3031 : 91;
	3032 : 6D;
	3033 : 24;
	3034 : B1;
	3035 : B1;
	3036 : B1;
	3037 : B1;
	3038 : B1;
	3039 : D1;
	303A : D1;
	303B : D1;
	303C : D1;
	303D : D1;
	303E : D1;
	303F : D1;
	3040 : 00;
	3041 : 00;
	3042 : 00;
	3043 : 00;
	3044 : 00;
	3045 : 00;
	3046 : 00;
	3047 : 00;
	3048 : 00;
	3049 : 00;
	304A : 00;
	304B : 20;
	304C : 20;
	304D : 20;
	304E : 24;
	304F : 24;
	3050 : 24;
	3051 : 24;
	3052 : 24;
	3053 : 24;
	3054 : 24;
	3055 : 24;
	3056 : 24;
	3057 : 24;
	3058 : 24;
	3059 : 24;
	305A : 24;
	305B : 24;
	305C : 24;
	305D : 24;
	305E : 24;
	305F : 24;
	3060 : 24;
	3061 : 24;
	3062 : 24;
	3063 : 24;
	3064 : 00;
	3065 : 00;
	3066 : 00;
	3067 : 00;
	3068 : 00;
	3069 : 91;
	306A : 91;
	306B : 00;
	306C : 00;
	306D : 00;
	306E : 91;
	306F : 91;
	3070 : 91;
	3071 : 91;
	3072 : 6D;
	3073 : 24;
	3074 : 00;
	3075 : 00;
	3076 : D1;
	3077 : B1;
	3078 : B1;
	3079 : B1;
	307A : D1;
	307B : F1;
	307C : F1;
	307D : D1;
	307E : D1;
	307F : D1;
	3080 : 00;
	3081 : 00;
	3082 : 00;
	3083 : 00;
	3084 : 24;
	3085 : 24;
	3086 : 24;
	3087 : 24;
	3088 : 24;
	3089 : 24;
	308A : 24;
	308B : 25;
	308C : 24;
	308D : 25;
	308E : 25;
	308F : 25;
	3090 : 25;
	3091 : 25;
	3092 : 25;
	3093 : 6D;
	3094 : 2D;
	3095 : 25;
	3096 : 2D;
	3097 : 2D;
	3098 : 2D;
	3099 : 6D;
	309A : 2D;
	309B : 2D;
	309C : 6D;
	309D : 6D;
	309E : 2D;
	309F : 2D;
	30A0 : 2D;
	30A1 : 2D;
	30A2 : 6D;
	30A3 : 2D;
	30A4 : 25;
	30A5 : 25;
	30A6 : 25;
	30A7 : 00;
	30A8 : 00;
	30A9 : 24;
	30AA : 00;
	30AB : 00;
	30AC : 00;
	30AD : 00;
	30AE : 91;
	30AF : 91;
	30B0 : 91;
	30B1 : 91;
	30B2 : 8D;
	30B3 : 6D;
	30B4 : 6D;
	30B5 : 00;
	30B6 : D1;
	30B7 : D1;
	30B8 : B1;
	30B9 : AD;
	30BA : AD;
	30BB : CD;
	30BC : D1;
	30BD : F1;
	30BE : F1;
	30BF : F1;
	30C0 : 00;
	30C1 : 00;
	30C2 : 00;
	30C3 : 00;
	30C4 : 24;
	30C5 : 24;
	30C6 : 24;
	30C7 : 24;
	30C8 : 24;
	30C9 : 24;
	30CA : 25;
	30CB : 25;
	30CC : 25;
	30CD : 25;
	30CE : 25;
	30CF : 25;
	30D0 : 25;
	30D1 : 25;
	30D2 : 25;
	30D3 : 25;
	30D4 : 25;
	30D5 : 2D;
	30D6 : 2D;
	30D7 : 2D;
	30D8 : 2D;
	30D9 : 2D;
	30DA : 2D;
	30DB : 2D;
	30DC : 2D;
	30DD : 2D;
	30DE : 2D;
	30DF : 2D;
	30E0 : 2D;
	30E1 : 6D;
	30E2 : 6D;
	30E3 : 2D;
	30E4 : 25;
	30E5 : 25;
	30E6 : 25;
	30E7 : 00;
	30E8 : 00;
	30E9 : 00;
	30EA : 00;
	30EB : 00;
	30EC : 6D;
	30ED : 91;
	30EE : 91;
	30EF : 91;
	30F0 : 91;
	30F1 : 91;
	30F2 : 8D;
	30F3 : 6D;
	30F4 : 6D;
	30F5 : 00;
	30F6 : 00;
	30F7 : AD;
	30F8 : D1;
	30F9 : D1;
	30FA : CD;
	30FB : AD;
	30FC : AD;
	30FD : AD;
	30FE : F1;
	30FF : F1;
	3100 : 00;
	3101 : 00;
	3102 : 24;
	3103 : 24;
	3104 : 24;
	3105 : 24;
	3106 : 24;
	3107 : 24;
	3108 : 24;
	3109 : 24;
	310A : 24;
	310B : 24;
	310C : 24;
	310D : 24;
	310E : 24;
	310F : 24;
	3110 : 25;
	3111 : 25;
	3112 : 25;
	3113 : 25;
	3114 : 24;
	3115 : 24;
	3116 : 24;
	3117 : 24;
	3118 : 25;
	3119 : 24;
	311A : 24;
	311B : 24;
	311C : 25;
	311D : 25;
	311E : 24;
	311F : 25;
	3120 : 25;
	3121 : 25;
	3122 : 25;
	3123 : 24;
	3124 : 25;
	3125 : 25;
	3126 : 25;
	3127 : 25;
	3128 : 24;
	3129 : 00;
	312A : 00;
	312B : 91;
	312C : 91;
	312D : 91;
	312E : 91;
	312F : 91;
	3130 : 91;
	3131 : 91;
	3132 : 91;
	3133 : 6D;
	3134 : 00;
	3135 : 00;
	3136 : 00;
	3137 : 8D;
	3138 : D1;
	3139 : D1;
	313A : D1;
	313B : AD;
	313C : B1;
	313D : B1;
	313E : AD;
	313F : D1;
	3140 : 00;
	3141 : 00;
	3142 : 24;
	3143 : 24;
	3144 : 24;
	3145 : 24;
	3146 : 24;
	3147 : 24;
	3148 : 24;
	3149 : 24;
	314A : 24;
	314B : 24;
	314C : 25;
	314D : 24;
	314E : 25;
	314F : 25;
	3150 : 24;
	3151 : 25;
	3152 : 25;
	3153 : 25;
	3154 : 24;
	3155 : 24;
	3156 : 24;
	3157 : 24;
	3158 : 24;
	3159 : 24;
	315A : 24;
	315B : 24;
	315C : 25;
	315D : 24;
	315E : 24;
	315F : 24;
	3160 : 24;
	3161 : 24;
	3162 : 24;
	3163 : 25;
	3164 : 25;
	3165 : 24;
	3166 : 25;
	3167 : 25;
	3168 : 00;
	3169 : 6D;
	316A : 6D;
	316B : 91;
	316C : 91;
	316D : 91;
	316E : 91;
	316F : 91;
	3170 : 91;
	3171 : 91;
	3172 : 91;
	3173 : 91;
	3174 : 00;
	3175 : 00;
	3176 : 00;
	3177 : 00;
	3178 : 00;
	3179 : 00;
	317A : 00;
	317B : 00;
	317C : 8D;
	317D : D1;
	317E : AD;
	317F : AD;
	3180 : 24;
	3181 : 24;
	3182 : 24;
	3183 : 24;
	3184 : 24;
	3185 : 24;
	3186 : 24;
	3187 : 24;
	3188 : 24;
	3189 : 24;
	318A : 24;
	318B : 24;
	318C : 24;
	318D : 24;
	318E : 24;
	318F : 24;
	3190 : 24;
	3191 : 25;
	3192 : 24;
	3193 : 24;
	3194 : 24;
	3195 : 24;
	3196 : 24;
	3197 : 24;
	3198 : 24;
	3199 : 24;
	319A : 24;
	319B : 24;
	319C : 24;
	319D : 24;
	319E : 24;
	319F : 24;
	31A0 : 24;
	31A1 : 24;
	31A2 : 24;
	31A3 : 24;
	31A4 : 24;
	31A5 : 24;
	31A6 : 00;
	31A7 : 00;
	31A8 : 6D;
	31A9 : 8D;
	31AA : 6D;
	31AB : 6D;
	31AC : 91;
	31AD : 91;
	31AE : 91;
	31AF : 91;
	31B0 : 91;
	31B1 : 91;
	31B2 : 91;
	31B3 : 00;
	31B4 : 24;
	31B5 : 6D;
	31B6 : 91;
	31B7 : 91;
	31B8 : 8D;
	31B9 : 6D;
	31BA : 91;
	31BB : 91;
	31BC : 6D;
	31BD : 8D;
	31BE : AD;
	31BF : AD;
	31C0 : 24;
	31C1 : 24;
	31C2 : 24;
	31C3 : 24;
	31C4 : 24;
	31C5 : 24;
	31C6 : 24;
	31C7 : 24;
	31C8 : 24;
	31C9 : 24;
	31CA : 24;
	31CB : 24;
	31CC : 24;
	31CD : 24;
	31CE : 24;
	31CF : 24;
	31D0 : 24;
	31D1 : 24;
	31D2 : 24;
	31D3 : 24;
	31D4 : 24;
	31D5 : 24;
	31D6 : 24;
	31D7 : 24;
	31D8 : 24;
	31D9 : 24;
	31DA : 24;
	31DB : 24;
	31DC : 24;
	31DD : 24;
	31DE : 24;
	31DF : 24;
	31E0 : 24;
	31E1 : 24;
	31E2 : 24;
	31E3 : 24;
	31E4 : 24;
	31E5 : 24;
	31E6 : 00;
	31E7 : 00;
	31E8 : 91;
	31E9 : 91;
	31EA : 8D;
	31EB : 8D;
	31EC : 6D;
	31ED : 8D;
	31EE : 91;
	31EF : 91;
	31F0 : 91;
	31F1 : 24;
	31F2 : 00;
	31F3 : 91;
	31F4 : 91;
	31F5 : 8D;
	31F6 : 91;
	31F7 : 8D;
	31F8 : 6C;
	31F9 : 00;
	31FA : FF;
	31FB : 24;
	31FC : 91;
	31FD : 8D;
	31FE : 8D;
	31FF : 8D;
	3200 : 24;
	3201 : 24;
	3202 : 04;
	3203 : 24;
	3204 : 24;
	3205 : 24;
	3206 : 24;
	3207 : 24;
	3208 : 24;
	3209 : 24;
	320A : 24;
	320B : 24;
	320C : 24;
	320D : 24;
	320E : 24;
	320F : 24;
	3210 : 24;
	3211 : 24;
	3212 : 24;
	3213 : 24;
	3214 : 24;
	3215 : 24;
	3216 : 24;
	3217 : 24;
	3218 : 24;
	3219 : 24;
	321A : 24;
	321B : 24;
	321C : 24;
	321D : 24;
	321E : 24;
	321F : 24;
	3220 : 04;
	3221 : 24;
	3222 : 24;
	3223 : 24;
	3224 : 00;
	3225 : 00;
	3226 : 00;
	3227 : 00;
	3228 : 91;
	3229 : 91;
	322A : 91;
	322B : 6D;
	322C : 6D;
	322D : 6D;
	322E : 91;
	322F : 91;
	3230 : 6D;
	3231 : 91;
	3232 : 6D;
	3233 : 91;
	3234 : 6D;
	3235 : FF;
	3236 : 00;
	3237 : 6D;
	3238 : FF;
	3239 : 91;
	323A : FF;
	323B : 60;
	323C : B1;
	323D : 91;
	323E : 8D;
	323F : 8D;
	3240 : 24;
	3241 : 24;
	3242 : 04;
	3243 : 24;
	3244 : 24;
	3245 : 24;
	3246 : 24;
	3247 : 24;
	3248 : 24;
	3249 : 24;
	324A : 24;
	324B : 24;
	324C : 24;
	324D : 24;
	324E : 24;
	324F : 24;
	3250 : 24;
	3251 : 24;
	3252 : 24;
	3253 : 24;
	3254 : 24;
	3255 : 24;
	3256 : 24;
	3257 : 24;
	3258 : 24;
	3259 : 24;
	325A : 24;
	325B : 24;
	325C : 24;
	325D : 24;
	325E : 24;
	325F : 24;
	3260 : 24;
	3261 : 24;
	3262 : 00;
	3263 : 00;
	3264 : 00;
	3265 : 00;
	3266 : 00;
	3267 : 00;
	3268 : 6D;
	3269 : 91;
	326A : 91;
	326B : 6D;
	326C : 6D;
	326D : 91;
	326E : 91;
	326F : 91;
	3270 : 00;
	3271 : 6D;
	3272 : 91;
	3273 : 91;
	3274 : 91;
	3275 : 00;
	3276 : FA;
	3277 : FF;
	3278 : FF;
	3279 : FF;
	327A : FA;
	327B : 80;
	327C : A0;
	327D : B1;
	327E : 91;
	327F : 91;
	3280 : 24;
	3281 : 24;
	3282 : 24;
	3283 : 24;
	3284 : 24;
	3285 : 24;
	3286 : 24;
	3287 : 24;
	3288 : 24;
	3289 : 24;
	328A : 24;
	328B : 24;
	328C : 24;
	328D : 24;
	328E : 24;
	328F : 24;
	3290 : 24;
	3291 : 24;
	3292 : 24;
	3293 : 24;
	3294 : 24;
	3295 : 24;
	3296 : 24;
	3297 : 24;
	3298 : 24;
	3299 : 24;
	329A : 24;
	329B : 24;
	329C : 24;
	329D : 00;
	329E : 00;
	329F : 00;
	32A0 : 00;
	32A1 : 00;
	32A2 : 00;
	32A3 : 00;
	32A4 : 6D;
	32A5 : 8D;
	32A6 : 00;
	32A7 : 00;
	32A8 : 00;
	32A9 : 8D;
	32AA : 6C;
	32AB : 91;
	32AC : 91;
	32AD : 91;
	32AE : 00;
	32AF : 00;
	32B0 : 91;
	32B1 : 91;
	32B2 : 91;
	32B3 : 91;
	32B4 : 91;
	32B5 : 80;
	32B6 : 80;
	32B7 : 80;
	32B8 : 84;
	32B9 : 84;
	32BA : A0;
	32BB : A0;
	32BC : 80;
	32BD : B6;
	32BE : 91;
	32BF : 91;
	32C0 : 24;
	32C1 : 24;
	32C2 : 24;
	32C3 : 24;
	32C4 : 24;
	32C5 : 24;
	32C6 : 24;
	32C7 : 24;
	32C8 : 24;
	32C9 : 24;
	32CA : 24;
	32CB : 24;
	32CC : 24;
	32CD : 24;
	32CE : 24;
	32CF : 24;
	32D0 : 24;
	32D1 : 24;
	32D2 : 24;
	32D3 : 24;
	32D4 : 24;
	32D5 : 24;
	32D6 : 24;
	32D7 : 24;
	32D8 : 24;
	32D9 : 24;
	32DA : 00;
	32DB : 00;
	32DC : 00;
	32DD : 00;
	32DE : 00;
	32DF : 8D;
	32E0 : 8D;
	32E1 : 8D;
	32E2 : 00;
	32E3 : 00;
	32E4 : 6D;
	32E5 : 8D;
	32E6 : 8D;
	32E7 : 91;
	32E8 : 00;
	32E9 : 00;
	32EA : 6C;
	32EB : 8D;
	32EC : 91;
	32ED : 20;
	32EE : 8D;
	32EF : 8D;
	32F0 : 91;
	32F1 : 91;
	32F2 : 91;
	32F3 : 91;
	32F4 : 91;
	32F5 : 84;
	32F6 : 80;
	32F7 : D1;
	32F8 : FF;
	32F9 : FF;
	32FA : 20;
	32FB : FF;
	32FC : 20;
	32FD : B1;
	32FE : 91;
	32FF : 91;
	3300 : 24;
	3301 : 24;
	3302 : 24;
	3303 : 24;
	3304 : 24;
	3305 : 24;
	3306 : 24;
	3307 : 24;
	3308 : 24;
	3309 : 24;
	330A : 24;
	330B : 24;
	330C : 24;
	330D : 24;
	330E : 24;
	330F : 24;
	3310 : 24;
	3311 : 24;
	3312 : 24;
	3313 : 24;
	3314 : 24;
	3315 : 24;
	3316 : 00;
	3317 : 00;
	3318 : 00;
	3319 : 00;
	331A : 6D;
	331B : 8D;
	331C : 6D;
	331D : 6D;
	331E : 6D;
	331F : 8D;
	3320 : 8D;
	3321 : 8D;
	3322 : 00;
	3323 : 00;
	3324 : 91;
	3325 : 8D;
	3326 : 91;
	3327 : 8D;
	3328 : 00;
	3329 : 00;
	332A : 64;
	332B : 6D;
	332C : 91;
	332D : 00;
	332E : 91;
	332F : 91;
	3330 : 91;
	3331 : 91;
	3332 : 91;
	3333 : 91;
	3334 : 91;
	3335 : B1;
	3336 : 84;
	3337 : A4;
	3338 : CD;
	3339 : FF;
	333A : AD;
	333B : 00;
	333C : 8D;
	333D : 91;
	333E : 91;
	333F : 91;
	3340 : 24;
	3341 : 24;
	3342 : 24;
	3343 : 24;
	3344 : 24;
	3345 : 24;
	3346 : 24;
	3347 : 24;
	3348 : 24;
	3349 : 24;
	334A : 24;
	334B : 24;
	334C : 24;
	334D : 24;
	334E : 24;
	334F : 24;
	3350 : 24;
	3351 : 24;
	3352 : 24;
	3353 : 00;
	3354 : 00;
	3355 : 00;
	3356 : 91;
	3357 : 8D;
	3358 : 6D;
	3359 : 64;
	335A : 8D;
	335B : 8D;
	335C : 8D;
	335D : 8D;
	335E : 8D;
	335F : 8D;
	3360 : 8D;
	3361 : 8D;
	3362 : 6D;
	3363 : 00;
	3364 : 00;
	3365 : 00;
	3366 : 00;
	3367 : 00;
	3368 : 00;
	3369 : 6D;
	336A : 00;
	336B : 00;
	336C : 00;
	336D : 64;
	336E : 8D;
	336F : 91;
	3370 : 91;
	3371 : 91;
	3372 : 91;
	3373 : 91;
	3374 : 91;
	3375 : 91;
	3376 : B1;
	3377 : 85;
	3378 : 60;
	3379 : 84;
	337A : 64;
	337B : B1;
	337C : 91;
	337D : 91;
	337E : 91;
	337F : 91;
	3380 : 24;
	3381 : 24;
	3382 : 24;
	3383 : 24;
	3384 : 24;
	3385 : 24;
	3386 : 24;
	3387 : 24;
	3388 : 24;
	3389 : 24;
	338A : 24;
	338B : 24;
	338C : 24;
	338D : 24;
	338E : 24;
	338F : 24;
	3390 : 00;
	3391 : 00;
	3392 : 00;
	3393 : 00;
	3394 : 00;
	3395 : 00;
	3396 : 8D;
	3397 : 8D;
	3398 : 8D;
	3399 : 8D;
	339A : 8D;
	339B : 8D;
	339C : 8D;
	339D : 8D;
	339E : 8D;
	339F : 8D;
	33A0 : 91;
	33A1 : 8D;
	33A2 : 8D;
	33A3 : 8D;
	33A4 : 20;
	33A5 : 00;
	33A6 : 00;
	33A7 : 00;
	33A8 : 6D;
	33A9 : 91;
	33AA : 8D;
	33AB : 24;
	33AC : 00;
	33AD : 00;
	33AE : 6D;
	33AF : 6D;
	33B0 : 91;
	33B1 : 91;
	33B2 : 8D;
	33B3 : 8D;
	33B4 : 91;
	33B5 : 91;
	33B6 : 91;
	33B7 : B1;
	33B8 : B1;
	33B9 : B1;
	33BA : B1;
	33BB : 91;
	33BC : 91;
	33BD : 91;
	33BE : 91;
	33BF : 91;
	33C0 : 24;
	33C1 : 24;
	33C2 : 24;
	33C3 : 24;
	33C4 : 00;
	33C5 : 00;
	33C6 : 00;
	33C7 : 00;
	33C8 : 00;
	33C9 : 00;
	33CA : 00;
	33CB : 00;
	33CC : 24;
	33CD : 24;
	33CE : 24;
	33CF : 24;
	33D0 : 24;
	33D1 : 00;
	33D2 : 00;
	33D3 : 00;
	33D4 : 00;
	33D5 : 8D;
	33D6 : 8D;
	33D7 : 8D;
	33D8 : 8D;
	33D9 : 8D;
	33DA : 8D;
	33DB : 8D;
	33DC : 8D;
	33DD : 8D;
	33DE : 8D;
	33DF : 91;
	33E0 : 8D;
	33E1 : 8D;
	33E2 : 6D;
	33E3 : 8D;
	33E4 : 6D;
	33E5 : 6D;
	33E6 : 24;
	33E7 : 00;
	33E8 : 00;
	33E9 : 64;
	33EA : 00;
	33EB : 24;
	33EC : 64;
	33ED : 00;
	33EE : 00;
	33EF : 00;
	33F0 : 6D;
	33F1 : 6D;
	33F2 : 6D;
	33F3 : 91;
	33F4 : 91;
	33F5 : 91;
	33F6 : 91;
	33F7 : 91;
	33F8 : 91;
	33F9 : 91;
	33FA : 91;
	33FB : 91;
	33FC : 91;
	33FD : 91;
	33FE : 91;
	33FF : 91;
	3400 : 24;
	3401 : 24;
	3402 : 24;
	3403 : 24;
	3404 : 00;
	3405 : 00;
	3406 : 00;
	3407 : 00;
	3408 : 00;
	3409 : 00;
	340A : 00;
	340B : 00;
	340C : 24;
	340D : 24;
	340E : 00;
	340F : 00;
	3410 : 00;
	3411 : 00;
	3412 : 00;
	3413 : 91;
	3414 : 8D;
	3415 : 8D;
	3416 : 8D;
	3417 : 8D;
	3418 : 8D;
	3419 : 8D;
	341A : 8D;
	341B : 8D;
	341C : 8D;
	341D : 8D;
	341E : 8D;
	341F : 91;
	3420 : 6D;
	3421 : 6C;
	3422 : 6D;
	3423 : 64;
	3424 : 6D;
	3425 : 8D;
	3426 : 6D;
	3427 : 8D;
	3428 : 00;
	3429 : 00;
	342A : 00;
	342B : 24;
	342C : 6D;
	342D : 00;
	342E : 00;
	342F : 00;
	3430 : 00;
	3431 : 00;
	3432 : 6D;
	3433 : 91;
	3434 : 91;
	3435 : 91;
	3436 : 91;
	3437 : 91;
	3438 : 91;
	3439 : 91;
	343A : 91;
	343B : 91;
	343C : 91;
	343D : 91;
	343E : 91;
	343F : 91;
	3440 : 24;
	3441 : 24;
	3442 : 24;
	3443 : 24;
	3444 : 00;
	3445 : 00;
	3446 : 00;
	3447 : 24;
	3448 : 24;
	3449 : 24;
	344A : 24;
	344B : 20;
	344C : 00;
	344D : 00;
	344E : 00;
	344F : 00;
	3450 : 20;
	3451 : 24;
	3452 : 24;
	3453 : 6C;
	3454 : 6D;
	3455 : 91;
	3456 : 8D;
	3457 : 8D;
	3458 : 6C;
	3459 : 8D;
	345A : 8D;
	345B : 91;
	345C : 8D;
	345D : 8D;
	345E : 8D;
	345F : 8D;
	3460 : 6D;
	3461 : 6D;
	3462 : 6D;
	3463 : 64;
	3464 : 6C;
	3465 : 8D;
	3466 : 91;
	3467 : 8D;
	3468 : 00;
	3469 : 00;
	346A : 00;
	346B : 00;
	346C : 8D;
	346D : 00;
	346E : 20;
	346F : 00;
	3470 : 00;
	3471 : 00;
	3472 : 91;
	3473 : 91;
	3474 : 91;
	3475 : 91;
	3476 : 91;
	3477 : 91;
	3478 : 91;
	3479 : 91;
	347A : 91;
	347B : 91;
	347C : 91;
	347D : 91;
	347E : 00;
	347F : 00;
	3480 : 24;
	3481 : 24;
	3482 : 24;
	3483 : 24;
	3484 : 00;
	3485 : 00;
	3486 : 00;
	3487 : 24;
	3488 : 24;
	3489 : 24;
	348A : 24;
	348B : 24;
	348C : 24;
	348D : 24;
	348E : 24;
	348F : 24;
	3490 : 24;
	3491 : 24;
	3492 : 24;
	3493 : 24;
	3494 : 8D;
	3495 : 8D;
	3496 : 8D;
	3497 : 8D;
	3498 : 6C;
	3499 : 6C;
	349A : 8D;
	349B : 91;
	349C : 91;
	349D : 6D;
	349E : 6C;
	349F : 6D;
	34A0 : 6D;
	34A1 : 6D;
	34A2 : 6D;
	34A3 : 6C;
	34A4 : 6D;
	34A5 : 6D;
	34A6 : 91;
	34A7 : 91;
	34A8 : 91;
	34A9 : 91;
	34AA : 00;
	34AB : 00;
	34AC : 00;
	34AD : 00;
	34AE : 91;
	34AF : 91;
	34B0 : 91;
	34B1 : 00;
	34B2 : 00;
	34B3 : 91;
	34B4 : 91;
	34B5 : 91;
	34B6 : 91;
	34B7 : 91;
	34B8 : 91;
	34B9 : 91;
	34BA : 91;
	34BB : 91;
	34BC : 91;
	34BD : 91;
	34BE : 00;
	34BF : 00;
	34C0 : 24;
	34C1 : 24;
	34C2 : 24;
	34C3 : 24;
	34C4 : 00;
	34C5 : 00;
	34C6 : 00;
	34C7 : 00;
	34C8 : 00;
	34C9 : 24;
	34CA : 24;
	34CB : 24;
	34CC : 24;
	34CD : 24;
	34CE : 24;
	34CF : 24;
	34D0 : 24;
	34D1 : 24;
	34D2 : 24;
	34D3 : 24;
	34D4 : 8D;
	34D5 : 91;
	34D6 : 91;
	34D7 : 8D;
	34D8 : 6C;
	34D9 : 6C;
	34DA : 6D;
	34DB : 91;
	34DC : 91;
	34DD : 6D;
	34DE : 6C;
	34DF : 6D;
	34E0 : 6D;
	34E1 : 6D;
	34E2 : 00;
	34E3 : 00;
	34E4 : 24;
	34E5 : 6C;
	34E6 : 6D;
	34E7 : 6D;
	34E8 : 91;
	34E9 : 91;
	34EA : 91;
	34EB : 6D;
	34EC : 00;
	34ED : 00;
	34EE : 91;
	34EF : 91;
	34F0 : 91;
	34F1 : 6D;
	34F2 : 00;
	34F3 : 00;
	34F4 : 6D;
	34F5 : 6D;
	34F6 : 91;
	34F7 : 91;
	34F8 : 91;
	34F9 : 91;
	34FA : 91;
	34FB : 91;
	34FC : 91;
	34FD : 00;
	34FE : 00;
	34FF : 00;
	3500 : 24;
	3501 : 24;
	3502 : 24;
	3503 : 24;
	3504 : 00;
	3505 : 00;
	3506 : 00;
	3507 : 00;
	3508 : 00;
	3509 : 00;
	350A : 24;
	350B : 24;
	350C : 24;
	350D : 24;
	350E : 24;
	350F : 24;
	3510 : 24;
	3511 : 24;
	3512 : 24;
	3513 : 24;
	3514 : 20;
	3515 : 24;
	3516 : 6C;
	3517 : 6C;
	3518 : 8D;
	3519 : 6D;
	351A : 6C;
	351B : 6C;
	351C : 6D;
	351D : 6D;
	351E : 6C;
	351F : 6D;
	3520 : 00;
	3521 : 00;
	3522 : 00;
	3523 : 00;
	3524 : 24;
	3525 : 6C;
	3526 : 6D;
	3527 : 6D;
	3528 : 6D;
	3529 : 6D;
	352A : 91;
	352B : 91;
	352C : 91;
	352D : 00;
	352E : 00;
	352F : 00;
	3530 : 00;
	3531 : 00;
	3532 : 00;
	3533 : B6;
	3534 : 92;
	3535 : 00;
	3536 : 00;
	3537 : 6D;
	3538 : 8D;
	3539 : 91;
	353A : 6D;
	353B : 6D;
	353C : 00;
	353D : 00;
	353E : B2;
	353F : 6D;
	3540 : 24;
	3541 : 24;
	3542 : 24;
	3543 : 24;
	3544 : 20;
	3545 : 00;
	3546 : 00;
	3547 : 00;
	3548 : 00;
	3549 : 00;
	354A : 24;
	354B : 24;
	354C : 24;
	354D : 24;
	354E : 24;
	354F : 24;
	3550 : 24;
	3551 : 24;
	3552 : 24;
	3553 : 24;
	3554 : 20;
	3555 : 24;
	3556 : 6C;
	3557 : 6C;
	3558 : 6D;
	3559 : 6C;
	355A : 6C;
	355B : 00;
	355C : 00;
	355D : 00;
	355E : 00;
	355F : 00;
	3560 : 24;
	3561 : 24;
	3562 : 24;
	3563 : 00;
	3564 : 24;
	3565 : 24;
	3566 : 6D;
	3567 : 8D;
	3568 : 6D;
	3569 : 6D;
	356A : 91;
	356B : 91;
	356C : 91;
	356D : 91;
	356E : 91;
	356F : 00;
	3570 : 00;
	3571 : 00;
	3572 : 91;
	3573 : 92;
	3574 : 6D;
	3575 : 91;
	3576 : 00;
	3577 : 00;
	3578 : 00;
	3579 : 00;
	357A : 00;
	357B : 00;
	357C : 00;
	357D : 8E;
	357E : 92;
	357F : 6D;
	3580 : 24;
	3581 : 24;
	3582 : 24;
	3583 : 24;
	3584 : 24;
	3585 : 24;
	3586 : 00;
	3587 : 00;
	3588 : 00;
	3589 : 00;
	358A : 24;
	358B : 24;
	358C : 24;
	358D : 24;
	358E : 24;
	358F : 24;
	3590 : 24;
	3591 : 24;
	3592 : 24;
	3593 : 24;
	3594 : 20;
	3595 : 20;
	3596 : 00;
	3597 : 00;
	3598 : 6C;
	3599 : 00;
	359A : 00;
	359B : 00;
	359C : 00;
	359D : 24;
	359E : 24;
	359F : 00;
	35A0 : 25;
	35A1 : 25;
	35A2 : 25;
	35A3 : 00;
	35A4 : 00;
	35A5 : 00;
	35A6 : 00;
	35A7 : 00;
	35A8 : 6D;
	35A9 : 6D;
	35AA : 91;
	35AB : 91;
	35AC : 91;
	35AD : 91;
	35AE : 91;
	35AF : 64;
	35B0 : 24;
	35B1 : 00;
	35B2 : 00;
	35B3 : 92;
	35B4 : 91;
	35B5 : 8D;
	35B6 : 24;
	35B7 : 24;
	35B8 : 00;
	35B9 : 00;
	35BA : 00;
	35BB : 20;
	35BC : 92;
	35BD : 92;
	35BE : 92;
	35BF : 8D;
	35C0 : 24;
	35C1 : 24;
	35C2 : 24;
	35C3 : 24;
	35C4 : 24;
	35C5 : 24;
	35C6 : 00;
	35C7 : 00;
	35C8 : 00;
	35C9 : 00;
	35CA : 24;
	35CB : 24;
	35CC : 24;
	35CD : 24;
	35CE : 24;
	35CF : 24;
	35D0 : 24;
	35D1 : 24;
	35D2 : 24;
	35D3 : 00;
	35D4 : 00;
	35D5 : 00;
	35D6 : 00;
	35D7 : 00;
	35D8 : 24;
	35D9 : 00;
	35DA : 00;
	35DB : 00;
	35DC : 00;
	35DD : 24;
	35DE : 24;
	35DF : 25;
	35E0 : 25;
	35E1 : 25;
	35E2 : 25;
	35E3 : 25;
	35E4 : 25;
	35E5 : 00;
	35E6 : 00;
	35E7 : 00;
	35E8 : B1;
	35E9 : 91;
	35EA : 91;
	35EB : 91;
	35EC : 91;
	35ED : 91;
	35EE : 91;
	35EF : 91;
	35F0 : B1;
	35F1 : 00;
	35F2 : 00;
	35F3 : 92;
	35F4 : 91;
	35F5 : 92;
	35F6 : 91;
	35F7 : 92;
	35F8 : 00;
	35F9 : 00;
	35FA : 00;
	35FB : 25;
	35FC : 92;
	35FD : 92;
	35FE : 25;
	35FF : 25;
	3600 : 24;
	3601 : 24;
	3602 : 24;
	3603 : 24;
	3604 : 24;
	3605 : 24;
	3606 : 24;
	3607 : 00;
	3608 : 00;
	3609 : 00;
	360A : 00;
	360B : 00;
	360C : 24;
	360D : 24;
	360E : 24;
	360F : 24;
	3610 : 00;
	3611 : 00;
	3612 : 00;
	3613 : 00;
	3614 : 00;
	3615 : 00;
	3616 : 00;
	3617 : 00;
	3618 : 00;
	3619 : 20;
	361A : 24;
	361B : 24;
	361C : 24;
	361D : 24;
	361E : 24;
	361F : 25;
	3620 : 6D;
	3621 : 6D;
	3622 : 6D;
	3623 : 25;
	3624 : 25;
	3625 : 00;
	3626 : 00;
	3627 : 91;
	3628 : 8D;
	3629 : 91;
	362A : 91;
	362B : 91;
	362C : 91;
	362D : 91;
	362E : 91;
	362F : 8D;
	3630 : 91;
	3631 : 91;
	3632 : 00;
	3633 : 00;
	3634 : 00;
	3635 : 00;
	3636 : 91;
	3637 : 00;
	3638 : 00;
	3639 : 00;
	363A : 92;
	363B : 92;
	363C : 6E;
	363D : 25;
	363E : 92;
	363F : 92;
	3640 : 24;
	3641 : 24;
	3642 : 24;
	3643 : 24;
	3644 : 24;
	3645 : 24;
	3646 : 24;
	3647 : 24;
	3648 : 00;
	3649 : 00;
	364A : 00;
	364B : 00;
	364C : 20;
	364D : 20;
	364E : 24;
	364F : 24;
	3650 : 00;
	3651 : 00;
	3652 : 00;
	3653 : 00;
	3654 : 20;
	3655 : 24;
	3656 : 24;
	3657 : 24;
	3658 : 24;
	3659 : 24;
	365A : 24;
	365B : 24;
	365C : 24;
	365D : 25;
	365E : 25;
	365F : 6D;
	3660 : 2D;
	3661 : 6D;
	3662 : 6D;
	3663 : 6D;
	3664 : 6D;
	3665 : 00;
	3666 : 00;
	3667 : 91;
	3668 : 91;
	3669 : 91;
	366A : 91;
	366B : 91;
	366C : 91;
	366D : 91;
	366E : 91;
	366F : B1;
	3670 : 91;
	3671 : 91;
	3672 : 91;
	3673 : 24;
	3674 : 00;
	3675 : 00;
	3676 : 00;
	3677 : 00;
	3678 : 92;
	3679 : 92;
	367A : 25;
	367B : 65;
	367C : B6;
	367D : B6;
	367E : DB;
	367F : DB;
	3680 : 24;
	3681 : 24;
	3682 : 24;
	3683 : 24;
	3684 : 24;
	3685 : 24;
	3686 : 24;
	3687 : 24;
	3688 : 00;
	3689 : 00;
	368A : 00;
	368B : 00;
	368C : 00;
	368D : 00;
	368E : 00;
	368F : 00;
	3690 : 20;
	3691 : 20;
	3692 : 20;
	3693 : 20;
	3694 : 20;
	3695 : 24;
	3696 : 24;
	3697 : 24;
	3698 : 24;
	3699 : 25;
	369A : 25;
	369B : 25;
	369C : 25;
	369D : 6D;
	369E : 6D;
	369F : 6D;
	36A0 : 6D;
	36A1 : 6D;
	36A2 : 6D;
	36A3 : 6D;
	36A4 : 6D;
	36A5 : 00;
	36A6 : 00;
	36A7 : 91;
	36A8 : 91;
	36A9 : 91;
	36AA : 91;
	36AB : 91;
	36AC : 91;
	36AD : 91;
	36AE : 91;
	36AF : B1;
	36B0 : 91;
	36B1 : 91;
	36B2 : 91;
	36B3 : 8D;
	36B4 : 91;
	36B5 : 00;
	36B6 : 00;
	36B7 : 8E;
	36B8 : 8E;
	36B9 : 25;
	36BA : B2;
	36BB : DB;
	36BC : DB;
	36BD : DB;
	36BE : DB;
	36BF : DB;
	36C0 : 24;
	36C1 : 24;
	36C2 : 24;
	36C3 : 24;
	36C4 : 24;
	36C5 : 24;
	36C6 : 24;
	36C7 : 24;
	36C8 : 00;
	36C9 : 00;
	36CA : 00;
	36CB : 00;
	36CC : 00;
	36CD : 00;
	36CE : 00;
	36CF : 20;
	36D0 : 20;
	36D1 : 20;
	36D2 : 20;
	36D3 : 24;
	36D4 : 24;
	36D5 : 24;
	36D6 : 25;
	36D7 : 25;
	36D8 : 25;
	36D9 : 25;
	36DA : 25;
	36DB : 25;
	36DC : 6D;
	36DD : 6D;
	36DE : 6D;
	36DF : 6D;
	36E0 : 6D;
	36E1 : 6D;
	36E2 : 6D;
	36E3 : 6D;
	36E4 : 00;
	36E5 : 00;
	36E6 : 00;
	36E7 : 91;
	36E8 : 91;
	36E9 : 91;
	36EA : 91;
	36EB : 91;
	36EC : 91;
	36ED : 91;
	36EE : 91;
	36EF : B1;
	36F0 : 91;
	36F1 : 91;
	36F2 : 91;
	36F3 : 91;
	36F4 : 91;
	36F5 : 00;
	36F6 : 00;
	36F7 : 92;
	36F8 : 25;
	36F9 : DB;
	36FA : DB;
	36FB : DB;
	36FC : DB;
	36FD : DB;
	36FE : DB;
	36FF : DB;
	3700 : 24;
	3701 : 24;
	3702 : 24;
	3703 : 24;
	3704 : 24;
	3705 : 24;
	3706 : 24;
	3707 : 24;
	3708 : 00;
	3709 : 20;
	370A : 00;
	370B : 00;
	370C : 00;
	370D : 00;
	370E : 20;
	370F : 20;
	3710 : 24;
	3711 : 24;
	3712 : 24;
	3713 : 24;
	3714 : 24;
	3715 : 24;
	3716 : 25;
	3717 : 25;
	3718 : 25;
	3719 : 25;
	371A : 25;
	371B : 25;
	371C : 25;
	371D : 6D;
	371E : 6D;
	371F : 6D;
	3720 : 6D;
	3721 : 6D;
	3722 : 6D;
	3723 : 65;
	3724 : 00;
	3725 : 91;
	3726 : 91;
	3727 : 91;
	3728 : 91;
	3729 : 91;
	372A : 91;
	372B : 91;
	372C : 91;
	372D : 91;
	372E : B2;
	372F : 91;
	3730 : 91;
	3731 : 91;
	3732 : 91;
	3733 : 91;
	3734 : 00;
	3735 : 00;
	3736 : 00;
	3737 : 65;
	3738 : DB;
	3739 : DB;
	373A : DB;
	373B : DB;
	373C : DB;
	373D : B6;
	373E : DB;
	373F : DB;
	3740 : 24;
	3741 : 24;
	3742 : 00;
	3743 : 20;
	3744 : 24;
	3745 : 24;
	3746 : 24;
	3747 : 24;
	3748 : 24;
	3749 : 24;
	374A : 20;
	374B : 20;
	374C : 20;
	374D : 20;
	374E : 24;
	374F : 24;
	3750 : 24;
	3751 : 24;
	3752 : 24;
	3753 : 24;
	3754 : 24;
	3755 : 24;
	3756 : 24;
	3757 : 25;
	3758 : 25;
	3759 : 25;
	375A : 25;
	375B : 25;
	375C : 25;
	375D : 6D;
	375E : 6D;
	375F : 6D;
	3760 : 6D;
	3761 : 6D;
	3762 : 6D;
	3763 : 25;
	3764 : 00;
	3765 : 91;
	3766 : 91;
	3767 : 91;
	3768 : 91;
	3769 : 91;
	376A : 91;
	376B : 91;
	376C : 91;
	376D : 91;
	376E : 91;
	376F : 91;
	3770 : 91;
	3771 : 91;
	3772 : 91;
	3773 : 00;
	3774 : 00;
	3775 : 6E;
	3776 : 25;
	3777 : B2;
	3778 : DB;
	3779 : DB;
	377A : 92;
	377B : 92;
	377C : DB;
	377D : B2;
	377E : B2;
	377F : DB;
	3780 : 24;
	3781 : 24;
	3782 : 24;
	3783 : 24;
	3784 : 24;
	3785 : 24;
	3786 : 24;
	3787 : 24;
	3788 : 00;
	3789 : 00;
	378A : 24;
	378B : 24;
	378C : 24;
	378D : 24;
	378E : 24;
	378F : 24;
	3790 : 24;
	3791 : 24;
	3792 : 24;
	3793 : 24;
	3794 : 24;
	3795 : 25;
	3796 : 25;
	3797 : 25;
	3798 : 25;
	3799 : 25;
	379A : 25;
	379B : 25;
	379C : 6D;
	379D : 6D;
	379E : 6D;
	379F : 6D;
	37A0 : 6D;
	37A1 : 6D;
	37A2 : 6D;
	37A3 : 6D;
	37A4 : 00;
	37A5 : 64;
	37A6 : 91;
	37A7 : 91;
	37A8 : 91;
	37A9 : 91;
	37AA : 91;
	37AB : 91;
	37AC : 91;
	37AD : 91;
	37AE : 91;
	37AF : 91;
	37B0 : 91;
	37B1 : 00;
	37B2 : 00;
	37B3 : 8E;
	37B4 : 92;
	37B5 : 6E;
	37B6 : 25;
	37B7 : DB;
	37B8 : DB;
	37B9 : DB;
	37BA : DB;
	37BB : DB;
	37BC : 6E;
	37BD : 8E;
	37BE : B2;
	37BF : DB;
	37C0 : 24;
	37C1 : 24;
	37C2 : 24;
	37C3 : 24;
	37C4 : 24;
	37C5 : 24;
	37C6 : 24;
	37C7 : 24;
	37C8 : 00;
	37C9 : 00;
	37CA : 24;
	37CB : 24;
	37CC : 24;
	37CD : 24;
	37CE : 24;
	37CF : 24;
	37D0 : 24;
	37D1 : 24;
	37D2 : 24;
	37D3 : 24;
	37D4 : 24;
	37D5 : 24;
	37D6 : 25;
	37D7 : 25;
	37D8 : 25;
	37D9 : 25;
	37DA : 25;
	37DB : 6D;
	37DC : 6D;
	37DD : 6D;
	37DE : 6D;
	37DF : 6D;
	37E0 : 6D;
	37E1 : 6D;
	37E2 : 00;
	37E3 : 00;
	37E4 : 8D;
	37E5 : 8D;
	37E6 : 8D;
	37E7 : 91;
	37E8 : 91;
	37E9 : 91;
	37EA : 91;
	37EB : B1;
	37EC : B2;
	37ED : 91;
	37EE : 91;
	37EF : 91;
	37F0 : 91;
	37F1 : 00;
	37F2 : 00;
	37F3 : 8E;
	37F4 : 8E;
	37F5 : 92;
	37F6 : B2;
	37F7 : DB;
	37F8 : DB;
	37F9 : DB;
	37FA : DB;
	37FB : DB;
	37FC : B2;
	37FD : 21;
	37FE : 92;
	37FF : DB;
	3800 : 24;
	3801 : 24;
	3802 : 24;
	3803 : 24;
	3804 : 24;
	3805 : 24;
	3806 : 00;
	3807 : 00;
	3808 : 20;
	3809 : 20;
	380A : 24;
	380B : 24;
	380C : 24;
	380D : 24;
	380E : 24;
	380F : 24;
	3810 : 24;
	3811 : 24;
	3812 : 24;
	3813 : 24;
	3814 : 24;
	3815 : 24;
	3816 : 24;
	3817 : 24;
	3818 : 25;
	3819 : 6D;
	381A : 2D;
	381B : 25;
	381C : 65;
	381D : 6D;
	381E : 6D;
	381F : 6D;
	3820 : 6D;
	3821 : 6D;
	3822 : 00;
	3823 : 00;
	3824 : 8D;
	3825 : 8D;
	3826 : 8D;
	3827 : 8D;
	3828 : 91;
	3829 : 91;
	382A : 91;
	382B : 91;
	382C : 91;
	382D : 91;
	382E : 91;
	382F : 91;
	3830 : 91;
	3831 : 00;
	3832 : 00;
	3833 : 92;
	3834 : 65;
	3835 : 92;
	3836 : DB;
	3837 : DB;
	3838 : DB;
	3839 : DB;
	383A : DB;
	383B : DB;
	383C : B6;
	383D : B7;
	383E : 6D;
	383F : B6;
	3840 : 00;
	3841 : 00;
	3842 : 00;
	3843 : 00;
	3844 : 00;
	3845 : 00;
	3846 : 00;
	3847 : 00;
	3848 : 00;
	3849 : 00;
	384A : 00;
	384B : 00;
	384C : 00;
	384D : 00;
	384E : 00;
	384F : 00;
	3850 : 00;
	3851 : 00;
	3852 : 00;
	3853 : 20;
	3854 : 20;
	3855 : 20;
	3856 : 24;
	3857 : 24;
	3858 : 24;
	3859 : 24;
	385A : 24;
	385B : 24;
	385C : 24;
	385D : 24;
	385E : 25;
	385F : 25;
	3860 : 25;
	3861 : 25;
	3862 : 00;
	3863 : 00;
	3864 : 8D;
	3865 : 8D;
	3866 : 8D;
	3867 : 91;
	3868 : 8D;
	3869 : 91;
	386A : 91;
	386B : 8D;
	386C : 91;
	386D : 91;
	386E : 91;
	386F : 91;
	3870 : 00;
	3871 : 00;
	3872 : 00;
	3873 : 92;
	3874 : 65;
	3875 : 92;
	3876 : DB;
	3877 : DB;
	3878 : DB;
	3879 : DB;
	387A : DB;
	387B : DB;
	387C : B2;
	387D : B6;
	387E : 25;
	387F : 92;
	3880 : 00;
	3881 : 00;
	3882 : 00;
	3883 : 00;
	3884 : 00;
	3885 : 00;
	3886 : 00;
	3887 : 00;
	3888 : 00;
	3889 : 00;
	388A : 00;
	388B : 00;
	388C : 00;
	388D : 00;
	388E : 00;
	388F : 00;
	3890 : 20;
	3891 : 20;
	3892 : 00;
	3893 : 00;
	3894 : 24;
	3895 : 24;
	3896 : 24;
	3897 : 24;
	3898 : 24;
	3899 : 24;
	389A : 24;
	389B : 24;
	389C : 24;
	389D : 24;
	389E : 24;
	389F : 25;
	38A0 : 25;
	38A1 : 65;
	38A2 : 00;
	38A3 : 00;
	38A4 : 64;
	38A5 : 64;
	38A6 : 8D;
	38A7 : 8D;
	38A8 : 91;
	38A9 : 91;
	38AA : 91;
	38AB : 8D;
	38AC : 8D;
	38AD : 8D;
	38AE : 6D;
	38AF : 91;
	38B0 : 00;
	38B1 : 25;
	38B2 : 6D;
	38B3 : 92;
	38B4 : 65;
	38B5 : 92;
	38B6 : DB;
	38B7 : DB;
	38B8 : DB;
	38B9 : DB;
	38BA : DB;
	38BB : DB;
	38BC : B7;
	38BD : B2;
	38BE : B2;
	38BF : 01;
	38C0 : 00;
	38C1 : 00;
	38C2 : 00;
	38C3 : 00;
	38C4 : 24;
	38C5 : 24;
	38C6 : 24;
	38C7 : 24;
	38C8 : 24;
	38C9 : 24;
	38CA : 24;
	38CB : 24;
	38CC : 24;
	38CD : 24;
	38CE : 24;
	38CF : 24;
	38D0 : 65;
	38D1 : 25;
	38D2 : 25;
	38D3 : 6D;
	38D4 : 6D;
	38D5 : 6D;
	38D6 : 6D;
	38D7 : 6D;
	38D8 : 6D;
	38D9 : 6D;
	38DA : 6D;
	38DB : 6D;
	38DC : 24;
	38DD : 24;
	38DE : 25;
	38DF : 25;
	38E0 : 25;
	38E1 : 65;
	38E2 : 00;
	38E3 : 00;
	38E4 : 24;
	38E5 : 24;
	38E6 : 8D;
	38E7 : 8D;
	38E8 : 8D;
	38E9 : 91;
	38EA : 91;
	38EB : 8D;
	38EC : 91;
	38ED : 91;
	38EE : 6D;
	38EF : 6D;
	38F0 : 00;
	38F1 : 25;
	38F2 : B6;
	38F3 : 8E;
	38F4 : 6E;
	38F5 : B2;
	38F6 : DB;
	38F7 : DB;
	38F8 : DB;
	38F9 : DB;
	38FA : DB;
	38FB : DB;
	38FC : DB;
	38FD : B2;
	38FE : B2;
	38FF : 21;
	3900 : 00;
	3901 : 00;
	3902 : 00;
	3903 : 00;
	3904 : 24;
	3905 : 25;
	3906 : 25;
	3907 : 25;
	3908 : 24;
	3909 : 24;
	390A : 24;
	390B : 24;
	390C : 24;
	390D : 24;
	390E : 24;
	390F : 25;
	3910 : 65;
	3911 : 65;
	3912 : 65;
	3913 : 6D;
	3914 : 6D;
	3915 : 6D;
	3916 : 6D;
	3917 : 6D;
	3918 : 6D;
	3919 : 6D;
	391A : 6D;
	391B : 6D;
	391C : 24;
	391D : 24;
	391E : 25;
	391F : 25;
	3920 : 25;
	3921 : 25;
	3922 : 00;
	3923 : 00;
	3924 : 24;
	3925 : 24;
	3926 : 64;
	3927 : 64;
	3928 : 24;
	3929 : 91;
	392A : 8D;
	392B : 91;
	392C : 91;
	392D : 91;
	392E : 8D;
	392F : 8D;
	3930 : 00;
	3931 : 65;
	3932 : B6;
	3933 : 25;
	3934 : B6;
	3935 : B7;
	3936 : DB;
	3937 : DB;
	3938 : DB;
	3939 : DB;
	393A : DB;
	393B : DB;
	393C : DB;
	393D : DB;
	393E : B2;
	393F : B2;
	3940 : 00;
	3941 : 00;
	3942 : 24;
	3943 : 24;
	3944 : 24;
	3945 : 24;
	3946 : 24;
	3947 : 24;
	3948 : 24;
	3949 : 24;
	394A : 24;
	394B : 24;
	394C : 24;
	394D : 24;
	394E : 24;
	394F : 24;
	3950 : 24;
	3951 : 24;
	3952 : 24;
	3953 : 24;
	3954 : 24;
	3955 : 25;
	3956 : 6D;
	3957 : 6D;
	3958 : 25;
	3959 : 25;
	395A : 25;
	395B : 6D;
	395C : 24;
	395D : 24;
	395E : 24;
	395F : 00;
	3960 : 00;
	3961 : 00;
	3962 : 00;
	3963 : 00;
	3964 : 64;
	3965 : 64;
	3966 : 64;
	3967 : 6C;
	3968 : 64;
	3969 : 64;
	396A : 6D;
	396B : 65;
	396C : 91;
	396D : 91;
	396E : 00;
	396F : 00;
	3970 : 8E;
	3971 : 8E;
	3972 : 92;
	3973 : 25;
	3974 : B6;
	3975 : B7;
	3976 : DB;
	3977 : DB;
	3978 : DB;
	3979 : DB;
	397A : DB;
	397B : DB;
	397C : DB;
	397D : DB;
	397E : DB;
	397F : B2;
	3980 : 00;
	3981 : 00;
	3982 : 24;
	3983 : 24;
	3984 : 24;
	3985 : 24;
	3986 : 24;
	3987 : 24;
	3988 : 24;
	3989 : 24;
	398A : 24;
	398B : 24;
	398C : 24;
	398D : 24;
	398E : 24;
	398F : 25;
	3990 : 24;
	3991 : 24;
	3992 : 24;
	3993 : 25;
	3994 : 24;
	3995 : 25;
	3996 : 6D;
	3997 : 6D;
	3998 : 25;
	3999 : 25;
	399A : 25;
	399B : 65;
	399C : 25;
	399D : 24;
	399E : 00;
	399F : 00;
	39A0 : 65;
	39A1 : 00;
	39A2 : 20;
	39A3 : 64;
	39A4 : 64;
	39A5 : 64;
	39A6 : 64;
	39A7 : 6C;
	39A8 : 6C;
	39A9 : 6D;
	39AA : 6D;
	39AB : 6D;
	39AC : 65;
	39AD : 65;
	39AE : 00;
	39AF : 00;
	39B0 : 6D;
	39B1 : 6E;
	39B2 : 92;
	39B3 : 25;
	39B4 : DB;
	39B5 : DB;
	39B6 : DB;
	39B7 : DB;
	39B8 : DB;
	39B9 : DB;
	39BA : DB;
	39BB : DB;
	39BC : DB;
	39BD : DB;
	39BE : DB;
	39BF : DB;
	39C0 : 24;
	39C1 : 24;
	39C2 : 24;
	39C3 : 24;
	39C4 : 24;
	39C5 : 24;
	39C6 : 24;
	39C7 : 24;
	39C8 : 24;
	39C9 : 24;
	39CA : 24;
	39CB : 24;
	39CC : 24;
	39CD : 24;
	39CE : 24;
	39CF : 24;
	39D0 : 24;
	39D1 : 24;
	39D2 : 24;
	39D3 : 24;
	39D4 : 24;
	39D5 : 25;
	39D6 : 25;
	39D7 : 25;
	39D8 : 25;
	39D9 : 65;
	39DA : 25;
	39DB : 6D;
	39DC : 6D;
	39DD : 24;
	39DE : 00;
	39DF : 00;
	39E0 : 64;
	39E1 : 00;
	39E2 : 20;
	39E3 : 6C;
	39E4 : 64;
	39E5 : 64;
	39E6 : 64;
	39E7 : 64;
	39E8 : 6C;
	39E9 : 64;
	39EA : 6C;
	39EB : 65;
	39EC : 00;
	39ED : 00;
	39EE : 91;
	39EF : 92;
	39F0 : 92;
	39F1 : 92;
	39F2 : 92;
	39F3 : 25;
	39F4 : DB;
	39F5 : DB;
	39F6 : DB;
	39F7 : DB;
	39F8 : DB;
	39F9 : DB;
	39FA : DB;
	39FB : DB;
	39FC : DB;
	39FD : DB;
	39FE : DB;
	39FF : DB;
	3A00 : 24;
	3A01 : 24;
	3A02 : 24;
	3A03 : 24;
	3A04 : 24;
	3A05 : 24;
	3A06 : 24;
	3A07 : 24;
	3A08 : 24;
	3A09 : 24;
	3A0A : 24;
	3A0B : 24;
	3A0C : 24;
	3A0D : 24;
	3A0E : 24;
	3A0F : 24;
	3A10 : 24;
	3A11 : 24;
	3A12 : 24;
	3A13 : 24;
	3A14 : 24;
	3A15 : 25;
	3A16 : 25;
	3A17 : 25;
	3A18 : 25;
	3A19 : 25;
	3A1A : 2D;
	3A1B : 6D;
	3A1C : 00;
	3A1D : 00;
	3A1E : 64;
	3A1F : 64;
	3A20 : 64;
	3A21 : 64;
	3A22 : 64;
	3A23 : 6D;
	3A24 : 6D;
	3A25 : 6C;
	3A26 : 64;
	3A27 : 64;
	3A28 : 6C;
	3A29 : 6C;
	3A2A : 6D;
	3A2B : 6D;
	3A2C : 00;
	3A2D : 00;
	3A2E : 6D;
	3A2F : 6D;
	3A30 : 92;
	3A31 : 92;
	3A32 : 92;
	3A33 : 25;
	3A34 : DB;
	3A35 : DB;
	3A36 : DB;
	3A37 : DB;
	3A38 : DB;
	3A39 : DB;
	3A3A : DB;
	3A3B : DB;
	3A3C : DB;
	3A3D : DB;
	3A3E : DB;
	3A3F : DB;
	3A40 : 24;
	3A41 : 24;
	3A42 : 24;
	3A43 : 24;
	3A44 : 24;
	3A45 : 24;
	3A46 : 24;
	3A47 : 24;
	3A48 : 24;
	3A49 : 24;
	3A4A : 24;
	3A4B : 24;
	3A4C : 24;
	3A4D : 24;
	3A4E : 24;
	3A4F : 24;
	3A50 : 24;
	3A51 : 24;
	3A52 : 24;
	3A53 : 24;
	3A54 : 24;
	3A55 : 24;
	3A56 : 25;
	3A57 : 25;
	3A58 : 25;
	3A59 : 25;
	3A5A : 25;
	3A5B : 25;
	3A5C : 00;
	3A5D : 00;
	3A5E : 00;
	3A5F : 00;
	3A60 : 00;
	3A61 : 6C;
	3A62 : 64;
	3A63 : 64;
	3A64 : 64;
	3A65 : 6D;
	3A66 : 6D;
	3A67 : 64;
	3A68 : 64;
	3A69 : 6D;
	3A6A : 6D;
	3A6B : 6D;
	3A6C : 00;
	3A6D : 00;
	3A6E : 65;
	3A6F : 6D;
	3A70 : 92;
	3A71 : 92;
	3A72 : 92;
	3A73 : 25;
	3A74 : DB;
	3A75 : DB;
	3A76 : DB;
	3A77 : DB;
	3A78 : DB;
	3A79 : DB;
	3A7A : DB;
	3A7B : DB;
	3A7C : DB;
	3A7D : DB;
	3A7E : DB;
	3A7F : DB;
	3A80 : 24;
	3A81 : 24;
	3A82 : 24;
	3A83 : 24;
	3A84 : 24;
	3A85 : 24;
	3A86 : 24;
	3A87 : 24;
	3A88 : 24;
	3A89 : 24;
	3A8A : 24;
	3A8B : 24;
	3A8C : 24;
	3A8D : 24;
	3A8E : 24;
	3A8F : 24;
	3A90 : 24;
	3A91 : 24;
	3A92 : 24;
	3A93 : 24;
	3A94 : 24;
	3A95 : 24;
	3A96 : 25;
	3A97 : 25;
	3A98 : 25;
	3A99 : 25;
	3A9A : 25;
	3A9B : 25;
	3A9C : 65;
	3A9D : 24;
	3A9E : 00;
	3A9F : 00;
	3AA0 : 00;
	3AA1 : 00;
	3AA2 : 20;
	3AA3 : 64;
	3AA4 : 64;
	3AA5 : 64;
	3AA6 : 64;
	3AA7 : 6C;
	3AA8 : 64;
	3AA9 : 64;
	3AAA : 6D;
	3AAB : 00;
	3AAC : 00;
	3AAD : 00;
	3AAE : 92;
	3AAF : 92;
	3AB0 : 92;
	3AB1 : 92;
	3AB2 : 92;
	3AB3 : 25;
	3AB4 : DB;
	3AB5 : DB;
	3AB6 : DB;
	3AB7 : DB;
	3AB8 : DB;
	3AB9 : DB;
	3ABA : DB;
	3ABB : DB;
	3ABC : DB;
	3ABD : DB;
	3ABE : DB;
	3ABF : DB;
	3AC0 : 24;
	3AC1 : 24;
	3AC2 : 24;
	3AC3 : 24;
	3AC4 : 24;
	3AC5 : 24;
	3AC6 : 24;
	3AC7 : 24;
	3AC8 : 24;
	3AC9 : 24;
	3ACA : 24;
	3ACB : 24;
	3ACC : 00;
	3ACD : 20;
	3ACE : 20;
	3ACF : 20;
	3AD0 : 24;
	3AD1 : 24;
	3AD2 : 24;
	3AD3 : 24;
	3AD4 : 24;
	3AD5 : 24;
	3AD6 : 25;
	3AD7 : 25;
	3AD8 : 25;
	3AD9 : 25;
	3ADA : 25;
	3ADB : 25;
	3ADC : 65;
	3ADD : 24;
	3ADE : 24;
	3ADF : 24;
	3AE0 : 6D;
	3AE1 : 00;
	3AE2 : 00;
	3AE3 : 00;
	3AE4 : 24;
	3AE5 : 64;
	3AE6 : 64;
	3AE7 : 64;
	3AE8 : 6D;
	3AE9 : 65;
	3AEA : 6C;
	3AEB : 00;
	3AEC : 00;
	3AED : 00;
	3AEE : 92;
	3AEF : 92;
	3AF0 : 92;
	3AF1 : 92;
	3AF2 : 92;
	3AF3 : 25;
	3AF4 : DB;
	3AF5 : DB;
	3AF6 : DB;
	3AF7 : DB;
	3AF8 : DB;
	3AF9 : DB;
	3AFA : DB;
	3AFB : DB;
	3AFC : DB;
	3AFD : DB;
	3AFE : DB;
	3AFF : DB;
	3B00 : 24;
	3B01 : 24;
	3B02 : 24;
	3B03 : 24;
	3B04 : 24;
	3B05 : 24;
	3B06 : 24;
	3B07 : 24;
	3B08 : 24;
	3B09 : 24;
	3B0A : 24;
	3B0B : 24;
	3B0C : 00;
	3B0D : 00;
	3B0E : 20;
	3B0F : 24;
	3B10 : 24;
	3B11 : 24;
	3B12 : 24;
	3B13 : 24;
	3B14 : 24;
	3B15 : 24;
	3B16 : 25;
	3B17 : 25;
	3B18 : 25;
	3B19 : 25;
	3B1A : 25;
	3B1B : 25;
	3B1C : 65;
	3B1D : 25;
	3B1E : 24;
	3B1F : 24;
	3B20 : 65;
	3B21 : 24;
	3B22 : 20;
	3B23 : 00;
	3B24 : 00;
	3B25 : 00;
	3B26 : 64;
	3B27 : 64;
	3B28 : 64;
	3B29 : 00;
	3B2A : 00;
	3B2B : 00;
	3B2C : 00;
	3B2D : 6D;
	3B2E : 92;
	3B2F : 92;
	3B30 : 92;
	3B31 : 92;
	3B32 : 92;
	3B33 : 25;
	3B34 : DB;
	3B35 : DB;
	3B36 : DB;
	3B37 : DB;
	3B38 : DB;
	3B39 : DB;
	3B3A : B2;
	3B3B : DB;
	3B3C : DB;
	3B3D : DB;
	3B3E : DB;
	3B3F : DB;
	3B40 : 24;
	3B41 : 24;
	3B42 : 24;
	3B43 : 24;
	3B44 : 24;
	3B45 : 24;
	3B46 : 24;
	3B47 : 24;
	3B48 : 24;
	3B49 : 24;
	3B4A : 24;
	3B4B : 24;
	3B4C : 00;
	3B4D : 00;
	3B4E : 24;
	3B4F : 24;
	3B50 : 24;
	3B51 : 24;
	3B52 : 24;
	3B53 : 24;
	3B54 : 24;
	3B55 : 24;
	3B56 : 24;
	3B57 : 25;
	3B58 : 25;
	3B59 : 25;
	3B5A : 25;
	3B5B : 25;
	3B5C : 25;
	3B5D : 6D;
	3B5E : 24;
	3B5F : 24;
	3B60 : 25;
	3B61 : 25;
	3B62 : 24;
	3B63 : 00;
	3B64 : 00;
	3B65 : 00;
	3B66 : 20;
	3B67 : 24;
	3B68 : 24;
	3B69 : 00;
	3B6A : 00;
	3B6B : 00;
	3B6C : 00;
	3B6D : 6D;
	3B6E : 92;
	3B6F : 92;
	3B70 : 92;
	3B71 : 92;
	3B72 : 92;
	3B73 : 92;
	3B74 : 6E;
	3B75 : 92;
	3B76 : B6;
	3B77 : DB;
	3B78 : DB;
	3B79 : DB;
	3B7A : B2;
	3B7B : DB;
	3B7C : DB;
	3B7D : DB;
	3B7E : DB;
	3B7F : DB;
	3B80 : 24;
	3B81 : 24;
	3B82 : 24;
	3B83 : 24;
	3B84 : 24;
	3B85 : 24;
	3B86 : 24;
	3B87 : 24;
	3B88 : 24;
	3B89 : 24;
	3B8A : 24;
	3B8B : 24;
	3B8C : 24;
	3B8D : 24;
	3B8E : 24;
	3B8F : 24;
	3B90 : 24;
	3B91 : 24;
	3B92 : 24;
	3B93 : 24;
	3B94 : 24;
	3B95 : 24;
	3B96 : 25;
	3B97 : 25;
	3B98 : 25;
	3B99 : 25;
	3B9A : 25;
	3B9B : 25;
	3B9C : 25;
	3B9D : 65;
	3B9E : 24;
	3B9F : 25;
	3BA0 : 6D;
	3BA1 : 6D;
	3BA2 : 25;
	3BA3 : 25;
	3BA4 : 00;
	3BA5 : 00;
	3BA6 : 00;
	3BA7 : 00;
	3BA8 : 00;
	3BA9 : 00;
	3BAA : 00;
	3BAB : 00;
	3BAC : 00;
	3BAD : 92;
	3BAE : 92;
	3BAF : 92;
	3BB0 : 92;
	3BB1 : 92;
	3BB2 : 92;
	3BB3 : 92;
	3BB4 : 92;
	3BB5 : 6D;
	3BB6 : 92;
	3BB7 : B2;
	3BB8 : DB;
	3BB9 : DB;
	3BBA : B2;
	3BBB : B2;
	3BBC : DB;
	3BBD : DB;
	3BBE : DB;
	3BBF : DB;
	3BC0 : 24;
	3BC1 : 24;
	3BC2 : 24;
	3BC3 : 24;
	3BC4 : 24;
	3BC5 : 24;
	3BC6 : 24;
	3BC7 : 24;
	3BC8 : 24;
	3BC9 : 24;
	3BCA : 24;
	3BCB : 24;
	3BCC : 24;
	3BCD : 24;
	3BCE : 24;
	3BCF : 24;
	3BD0 : 24;
	3BD1 : 24;
	3BD2 : 24;
	3BD3 : 24;
	3BD4 : 25;
	3BD5 : 24;
	3BD6 : 25;
	3BD7 : 25;
	3BD8 : 25;
	3BD9 : 25;
	3BDA : 25;
	3BDB : 25;
	3BDC : 2D;
	3BDD : 25;
	3BDE : 24;
	3BDF : 24;
	3BE0 : 6D;
	3BE1 : 6D;
	3BE2 : 6D;
	3BE3 : 6D;
	3BE4 : 6D;
	3BE5 : 6D;
	3BE6 : 65;
	3BE7 : 6D;
	3BE8 : 65;
	3BE9 : 6D;
	3BEA : 6D;
	3BEB : 65;
	3BEC : 65;
	3BED : 92;
	3BEE : 92;
	3BEF : 92;
	3BF0 : 92;
	3BF1 : 92;
	3BF2 : 92;
	3BF3 : 92;
	3BF4 : 25;
	3BF5 : 6D;
	3BF6 : 8D;
	3BF7 : B6;
	3BF8 : DB;
	3BF9 : DB;
	3BFA : B2;
	3BFB : B2;
	3BFC : DB;
	3BFD : DB;
	3BFE : DB;
	3BFF : DB;
	3C00 : 24;
	3C01 : 24;
	3C02 : 24;
	3C03 : 24;
	3C04 : 24;
	3C05 : 24;
	3C06 : 24;
	3C07 : 24;
	3C08 : 24;
	3C09 : 24;
	3C0A : 24;
	3C0B : 24;
	3C0C : 24;
	3C0D : 24;
	3C0E : 24;
	3C0F : 24;
	3C10 : 24;
	3C11 : 24;
	3C12 : 24;
	3C13 : 24;
	3C14 : 24;
	3C15 : 25;
	3C16 : 24;
	3C17 : 25;
	3C18 : 25;
	3C19 : 25;
	3C1A : 25;
	3C1B : 25;
	3C1C : 25;
	3C1D : 25;
	3C1E : 24;
	3C1F : 24;
	3C20 : 6D;
	3C21 : 6D;
	3C22 : 6D;
	3C23 : 6D;
	3C24 : 6D;
	3C25 : 25;
	3C26 : 25;
	3C27 : 65;
	3C28 : 65;
	3C29 : 65;
	3C2A : 65;
	3C2B : 65;
	3C2C : 65;
	3C2D : 25;
	3C2E : 92;
	3C2F : 92;
	3C30 : 92;
	3C31 : 92;
	3C32 : 92;
	3C33 : 65;
	3C34 : 8E;
	3C35 : B2;
	3C36 : B6;
	3C37 : B2;
	3C38 : DB;
	3C39 : B2;
	3C3A : B2;
	3C3B : DB;
	3C3C : DB;
	3C3D : DB;
	3C3E : DB;
	3C3F : DB;
	3C40 : 24;
	3C41 : 24;
	3C42 : 24;
	3C43 : 24;
	3C44 : 24;
	3C45 : 24;
	3C46 : 24;
	3C47 : 24;
	3C48 : 24;
	3C49 : 24;
	3C4A : 24;
	3C4B : 24;
	3C4C : 24;
	3C4D : 24;
	3C4E : 24;
	3C4F : 24;
	3C50 : 24;
	3C51 : 24;
	3C52 : 24;
	3C53 : 24;
	3C54 : 25;
	3C55 : 24;
	3C56 : 25;
	3C57 : 25;
	3C58 : 25;
	3C59 : 25;
	3C5A : 25;
	3C5B : 25;
	3C5C : 25;
	3C5D : 25;
	3C5E : 24;
	3C5F : 24;
	3C60 : 6D;
	3C61 : 6D;
	3C62 : 6D;
	3C63 : 6D;
	3C64 : 6D;
	3C65 : 6D;
	3C66 : 6D;
	3C67 : 6D;
	3C68 : 6D;
	3C69 : 6D;
	3C6A : 65;
	3C6B : D6;
	3C6C : B6;
	3C6D : B6;
	3C6E : 25;
	3C6F : 65;
	3C70 : 65;
	3C71 : 25;
	3C72 : 65;
	3C73 : 92;
	3C74 : D6;
	3C75 : B2;
	3C76 : B2;
	3C77 : B6;
	3C78 : 92;
	3C79 : B2;
	3C7A : DB;
	3C7B : DB;
	3C7C : DB;
	3C7D : DB;
	3C7E : DB;
	3C7F : DB;
	3C80 : 24;
	3C81 : 24;
	3C82 : 24;
	3C83 : 24;
	3C84 : 24;
	3C85 : 24;
	3C86 : 24;
	3C87 : 24;
	3C88 : 24;
	3C89 : 24;
	3C8A : 24;
	3C8B : 24;
	3C8C : 24;
	3C8D : 24;
	3C8E : 24;
	3C8F : 24;
	3C90 : 24;
	3C91 : 24;
	3C92 : 24;
	3C93 : 24;
	3C94 : 24;
	3C95 : 24;
	3C96 : 24;
	3C97 : 24;
	3C98 : 25;
	3C99 : 25;
	3C9A : 25;
	3C9B : 25;
	3C9C : 25;
	3C9D : 25;
	3C9E : 24;
	3C9F : 24;
	3CA0 : 6D;
	3CA1 : 6D;
	3CA2 : 6D;
	3CA3 : 6D;
	3CA4 : 6D;
	3CA5 : 6D;
	3CA6 : 6D;
	3CA7 : 6D;
	3CA8 : 6D;
	3CA9 : 6D;
	3CAA : 65;
	3CAB : 6D;
	3CAC : 8E;
	3CAD : 92;
	3CAE : B6;
	3CAF : B6;
	3CB0 : B6;
	3CB1 : 92;
	3CB2 : 92;
	3CB3 : D6;
	3CB4 : B2;
	3CB5 : D6;
	3CB6 : D6;
	3CB7 : B2;
	3CB8 : B2;
	3CB9 : DB;
	3CBA : B7;
	3CBB : DB;
	3CBC : DB;
	3CBD : DB;
	3CBE : DB;
	3CBF : DB;
	3CC0 : 24;
	3CC1 : 24;
	3CC2 : 24;
	3CC3 : 24;
	3CC4 : 24;
	3CC5 : 24;
	3CC6 : 24;
	3CC7 : 24;
	3CC8 : 24;
	3CC9 : 24;
	3CCA : 24;
	3CCB : 24;
	3CCC : 24;
	3CCD : 24;
	3CCE : 24;
	3CCF : 24;
	3CD0 : 24;
	3CD1 : 24;
	3CD2 : 24;
	3CD3 : 24;
	3CD4 : 24;
	3CD5 : 24;
	3CD6 : 24;
	3CD7 : 24;
	3CD8 : 25;
	3CD9 : 25;
	3CDA : 25;
	3CDB : 25;
	3CDC : 25;
	3CDD : 25;
	3CDE : 24;
	3CDF : 24;
	3CE0 : 6D;
	3CE1 : 6D;
	3CE2 : 6D;
	3CE3 : 6D;
	3CE4 : 6D;
	3CE5 : 6D;
	3CE6 : 6D;
	3CE7 : 6D;
	3CE8 : 6D;
	3CE9 : 6D;
	3CEA : 6D;
	3CEB : 6D;
	3CEC : 6D;
	3CED : 6D;
	3CEE : B2;
	3CEF : 92;
	3CF0 : B2;
	3CF1 : B6;
	3CF2 : D6;
	3CF3 : 92;
	3CF4 : B6;
	3CF5 : B2;
	3CF6 : B2;
	3CF7 : B2;
	3CF8 : B2;
	3CF9 : 92;
	3CFA : 92;
	3CFB : DB;
	3CFC : B7;
	3CFD : B6;
	3CFE : 92;
	3CFF : 92;
	3D00 : 24;
	3D01 : 24;
	3D02 : 24;
	3D03 : 24;
	3D04 : 24;
	3D05 : 24;
	3D06 : 24;
	3D07 : 24;
	3D08 : 24;
	3D09 : 24;
	3D0A : 24;
	3D0B : 24;
	3D0C : 24;
	3D0D : 24;
	3D0E : 24;
	3D0F : 24;
	3D10 : 24;
	3D11 : 24;
	3D12 : 24;
	3D13 : 24;
	3D14 : 24;
	3D15 : 24;
	3D16 : 25;
	3D17 : 24;
	3D18 : 25;
	3D19 : 25;
	3D1A : 25;
	3D1B : 25;
	3D1C : 25;
	3D1D : 25;
	3D1E : 24;
	3D1F : 24;
	3D20 : 6D;
	3D21 : 6D;
	3D22 : 6D;
	3D23 : 6D;
	3D24 : 6D;
	3D25 : 6D;
	3D26 : 6D;
	3D27 : 6D;
	3D28 : 6D;
	3D29 : 6D;
	3D2A : 6D;
	3D2B : 65;
	3D2C : 6D;
	3D2D : 6D;
	3D2E : 65;
	3D2F : 92;
	3D30 : B2;
	3D31 : B2;
	3D32 : B2;
	3D33 : B2;
	3D34 : 92;
	3D35 : 92;
	3D36 : B2;
	3D37 : B2;
	3D38 : B2;
	3D39 : B2;
	3D3A : B2;
	3D3B : B2;
	3D3C : B2;
	3D3D : B2;
	3D3E : B2;
	3D3F : B2;
	3D40 : 24;
	3D41 : 24;
	3D42 : 24;
	3D43 : 24;
	3D44 : 24;
	3D45 : 24;
	3D46 : 24;
	3D47 : 24;
	3D48 : 24;
	3D49 : 24;
	3D4A : 24;
	3D4B : 24;
	3D4C : 24;
	3D4D : 24;
	3D4E : 24;
	3D4F : 24;
	3D50 : 24;
	3D51 : 24;
	3D52 : 24;
	3D53 : 24;
	3D54 : 24;
	3D55 : 24;
	3D56 : 24;
	3D57 : 25;
	3D58 : 25;
	3D59 : 25;
	3D5A : 25;
	3D5B : 25;
	3D5C : 24;
	3D5D : 24;
	3D5E : 24;
	3D5F : 24;
	3D60 : 6D;
	3D61 : 6D;
	3D62 : 6D;
	3D63 : 6D;
	3D64 : 6D;
	3D65 : 6D;
	3D66 : 6D;
	3D67 : 6D;
	3D68 : 6D;
	3D69 : 6D;
	3D6A : 6D;
	3D6B : 6D;
	3D6C : 6D;
	3D6D : 6D;
	3D6E : 65;
	3D6F : 65;
	3D70 : 65;
	3D71 : B2;
	3D72 : B2;
	3D73 : 92;
	3D74 : B2;
	3D75 : B2;
	3D76 : B2;
	3D77 : B2;
	3D78 : B2;
	3D79 : B2;
	3D7A : B2;
	3D7B : B2;
	3D7C : B2;
	3D7D : B2;
	3D7E : B2;
	3D7F : B2;
	3D80 : 24;
	3D81 : 24;
	3D82 : 24;
	3D83 : 24;
	3D84 : 24;
	3D85 : 24;
	3D86 : 24;
	3D87 : 24;
	3D88 : 24;
	3D89 : 24;
	3D8A : 24;
	3D8B : 24;
	3D8C : 24;
	3D8D : 24;
	3D8E : 24;
	3D8F : 24;
	3D90 : 24;
	3D91 : 24;
	3D92 : 24;
	3D93 : 24;
	3D94 : 24;
	3D95 : 24;
	3D96 : 24;
	3D97 : 24;
	3D98 : 24;
	3D99 : 24;
	3D9A : 25;
	3D9B : 25;
	3D9C : 24;
	3D9D : 24;
	3D9E : 24;
	3D9F : 24;
	3DA0 : 6D;
	3DA1 : 6D;
	3DA2 : 65;
	3DA3 : 6D;
	3DA4 : 6D;
	3DA5 : 6D;
	3DA6 : 6D;
	3DA7 : 6D;
	3DA8 : 6D;
	3DA9 : 6D;
	3DAA : 6D;
	3DAB : 6D;
	3DAC : 6D;
	3DAD : 8D;
	3DAE : 6D;
	3DAF : 25;
	3DB0 : 65;
	3DB1 : 8D;
	3DB2 : 8D;
	3DB3 : B2;
	3DB4 : B2;
	3DB5 : B2;
	3DB6 : 92;
	3DB7 : B2;
	3DB8 : B2;
	3DB9 : B2;
	3DBA : B2;
	3DBB : B2;
	3DBC : B2;
	3DBD : B2;
	3DBE : B2;
	3DBF : 92;
	3DC0 : 24;
	3DC1 : 24;
	3DC2 : 24;
	3DC3 : 24;
	3DC4 : 24;
	3DC5 : 24;
	3DC6 : 24;
	3DC7 : 24;
	3DC8 : 24;
	3DC9 : 24;
	3DCA : 24;
	3DCB : 24;
	3DCC : 24;
	3DCD : 24;
	3DCE : 24;
	3DCF : 24;
	3DD0 : 24;
	3DD1 : 24;
	3DD2 : 24;
	3DD3 : 24;
	3DD4 : 24;
	3DD5 : 24;
	3DD6 : 24;
	3DD7 : 24;
	3DD8 : 24;
	3DD9 : 24;
	3DDA : 24;
	3DDB : 24;
	3DDC : 24;
	3DDD : 24;
	3DDE : 24;
	3DDF : 24;
	3DE0 : 6D;
	3DE1 : 6D;
	3DE2 : 6D;
	3DE3 : 6D;
	3DE4 : 6D;
	3DE5 : 6D;
	3DE6 : 6D;
	3DE7 : 6D;
	3DE8 : 6D;
	3DE9 : 6D;
	3DEA : 6D;
	3DEB : 6D;
	3DEC : 6D;
	3DED : 6D;
	3DEE : 6D;
	3DEF : 65;
	3DF0 : 65;
	3DF1 : 65;
	3DF2 : 65;
	3DF3 : 65;
	3DF4 : 8D;
	3DF5 : 8D;
	3DF6 : 6D;
	3DF7 : B2;
	3DF8 : 92;
	3DF9 : 92;
	3DFA : 92;
	3DFB : B2;
	3DFC : B2;
	3DFD : 92;
	3DFE : 6D;
	3DFF : 6D;
	3E00 : 24;
	3E01 : 24;
	3E02 : 24;
	3E03 : 24;
	3E04 : 24;
	3E05 : 24;
	3E06 : 24;
	3E07 : 24;
	3E08 : 24;
	3E09 : 24;
	3E0A : 24;
	3E0B : 24;
	3E0C : 24;
	3E0D : 24;
	3E0E : 24;
	3E0F : 24;
	3E10 : 24;
	3E11 : 24;
	3E12 : 24;
	3E13 : 24;
	3E14 : 24;
	3E15 : 24;
	3E16 : 24;
	3E17 : 24;
	3E18 : 24;
	3E19 : 24;
	3E1A : 20;
	3E1B : 20;
	3E1C : 24;
	3E1D : 24;
	3E1E : 24;
	3E1F : 24;
	3E20 : 6D;
	3E21 : 6D;
	3E22 : 6D;
	3E23 : 6D;
	3E24 : 6D;
	3E25 : 6D;
	3E26 : 6D;
	3E27 : 6D;
	3E28 : 6D;
	3E29 : 6D;
	3E2A : 6D;
	3E2B : 6D;
	3E2C : 6D;
	3E2D : 65;
	3E2E : 6D;
	3E2F : 6D;
	3E30 : 25;
	3E31 : 6D;
	3E32 : 6D;
	3E33 : 6D;
	3E34 : 65;
	3E35 : 65;
	3E36 : 65;
	3E37 : 6D;
	3E38 : 65;
	3E39 : 6D;
	3E3A : 65;
	3E3B : 65;
	3E3C : 65;
	3E3D : 6D;
	3E3E : 65;
	3E3F : 65;
	3E40 : 24;
	3E41 : 24;
	3E42 : 24;
	3E43 : 24;
	3E44 : 24;
	3E45 : 24;
	3E46 : 24;
	3E47 : 24;
	3E48 : 24;
	3E49 : 24;
	3E4A : 24;
	3E4B : 24;
	3E4C : 24;
	3E4D : 24;
	3E4E : 24;
	3E4F : 24;
	3E50 : 24;
	3E51 : 24;
	3E52 : 24;
	3E53 : 24;
	3E54 : 24;
	3E55 : 24;
	3E56 : 24;
	3E57 : 24;
	3E58 : 24;
	3E59 : 24;
	3E5A : 24;
	3E5B : 24;
	3E5C : 24;
	3E5D : 24;
	3E5E : 24;
	3E5F : 24;
	3E60 : 6D;
	3E61 : 6D;
	3E62 : 6D;
	3E63 : 6D;
	3E64 : 65;
	3E65 : 6D;
	3E66 : 6D;
	3E67 : 6D;
	3E68 : 6D;
	3E69 : 6D;
	3E6A : 6D;
	3E6B : 6D;
	3E6C : 6D;
	3E6D : 6D;
	3E6E : 6D;
	3E6F : 6D;
	3E70 : 6D;
	3E71 : 6D;
	3E72 : 6D;
	3E73 : 6D;
	3E74 : 6D;
	3E75 : 6D;
	3E76 : 6D;
	3E77 : 6D;
	3E78 : 6D;
	3E79 : 6D;
	3E7A : 6D;
	3E7B : 6D;
	3E7C : 6D;
	3E7D : 6D;
	3E7E : 25;
	3E7F : 25;
	3E80 : 24;
	3E81 : 24;
	3E82 : 24;
	3E83 : 24;
	3E84 : 24;
	3E85 : 24;
	3E86 : 24;
	3E87 : 24;
	3E88 : 24;
	3E89 : 24;
	3E8A : 24;
	3E8B : 24;
	3E8C : 24;
	3E8D : 24;
	3E8E : 24;
	3E8F : 24;
	3E90 : 24;
	3E91 : 24;
	3E92 : 24;
	3E93 : 24;
	3E94 : 24;
	3E95 : 24;
	3E96 : 24;
	3E97 : 24;
	3E98 : 24;
	3E99 : 24;
	3E9A : 20;
	3E9B : 24;
	3E9C : 20;
	3E9D : 24;
	3E9E : 24;
	3E9F : 24;
	3EA0 : 6D;
	3EA1 : 6D;
	3EA2 : 6D;
	3EA3 : 6D;
	3EA4 : 25;
	3EA5 : 2D;
	3EA6 : 6D;
	3EA7 : 6D;
	3EA8 : 6D;
	3EA9 : 6D;
	3EAA : 6D;
	3EAB : 6D;
	3EAC : 6D;
	3EAD : 6D;
	3EAE : 65;
	3EAF : 6D;
	3EB0 : 6D;
	3EB1 : 6D;
	3EB2 : 6D;
	3EB3 : 6D;
	3EB4 : 6D;
	3EB5 : 6D;
	3EB6 : 6D;
	3EB7 : 6D;
	3EB8 : 6D;
	3EB9 : 6D;
	3EBA : 6D;
	3EBB : 6D;
	3EBC : 6D;
	3EBD : 6D;
	3EBE : 6D;
	3EBF : 6D;
	3EC0 : 24;
	3EC1 : 24;
	3EC2 : 24;
	3EC3 : 24;
	3EC4 : 24;
	3EC5 : 24;
	3EC6 : 24;
	3EC7 : 24;
	3EC8 : 24;
	3EC9 : 24;
	3ECA : 24;
	3ECB : 24;
	3ECC : 24;
	3ECD : 24;
	3ECE : 24;
	3ECF : 24;
	3ED0 : 24;
	3ED1 : 24;
	3ED2 : 24;
	3ED3 : 24;
	3ED4 : 24;
	3ED5 : 24;
	3ED6 : 24;
	3ED7 : 24;
	3ED8 : 24;
	3ED9 : 24;
	3EDA : 24;
	3EDB : 24;
	3EDC : 20;
	3EDD : 24;
	3EDE : 24;
	3EDF : 24;
	3EE0 : 6D;
	3EE1 : 6D;
	3EE2 : 2D;
	3EE3 : 6D;
	3EE4 : 25;
	3EE5 : 25;
	3EE6 : 2D;
	3EE7 : 6D;
	3EE8 : 6D;
	3EE9 : 6D;
	3EEA : 6D;
	3EEB : 6D;
	3EEC : 6D;
	3EED : 6D;
	3EEE : 6D;
	3EEF : 6D;
	3EF0 : 6D;
	3EF1 : 6D;
	3EF2 : 6D;
	3EF3 : 6D;
	3EF4 : 6D;
	3EF5 : 6D;
	3EF6 : 6D;
	3EF7 : 6D;
	3EF8 : 6D;
	3EF9 : 6D;
	3EFA : 6D;
	3EFB : 6D;
	3EFC : 8E;
	3EFD : 6D;
	3EFE : 6D;
	3EFF : 6D;
	3F00 : 24;
	3F01 : 24;
	3F02 : 24;
	3F03 : 24;
	3F04 : 24;
	3F05 : 24;
	3F06 : 24;
	3F07 : 24;
	3F08 : 24;
	3F09 : 24;
	3F0A : 24;
	3F0B : 24;
	3F0C : 24;
	3F0D : 24;
	3F0E : 24;
	3F0F : 24;
	3F10 : 24;
	3F11 : 24;
	3F12 : 24;
	3F13 : 24;
	3F14 : 24;
	3F15 : 24;
	3F16 : 24;
	3F17 : 24;
	3F18 : 24;
	3F19 : 24;
	3F1A : 24;
	3F1B : 24;
	3F1C : 20;
	3F1D : 20;
	3F1E : 24;
	3F1F : 24;
	3F20 : 25;
	3F21 : 2D;
	3F22 : 6D;
	3F23 : 6D;
	3F24 : 25;
	3F25 : 25;
	3F26 : 25;
	3F27 : 2D;
	3F28 : 6D;
	3F29 : 25;
	3F2A : 6D;
	3F2B : 6D;
	3F2C : 6D;
	3F2D : 6D;
	3F2E : 6D;
	3F2F : 6D;
	3F30 : 6D;
	3F31 : 6D;
	3F32 : 6D;
	3F33 : 6D;
	3F34 : 6D;
	3F35 : 6D;
	3F36 : 6D;
	3F37 : 6D;
	3F38 : 6D;
	3F39 : 6D;
	3F3A : 6D;
	3F3B : 6E;
	3F3C : 8D;
	3F3D : 6D;
	3F3E : 6D;
	3F3F : 65;
	3F40 : 24;
	3F41 : 24;
	3F42 : 24;
	3F43 : 24;
	3F44 : 24;
	3F45 : 24;
	3F46 : 24;
	3F47 : 24;
	3F48 : 24;
	3F49 : 24;
	3F4A : 00;
	3F4B : 00;
	3F4C : 24;
	3F4D : 24;
	3F4E : 24;
	3F4F : 24;
	3F50 : 24;
	3F51 : 24;
	3F52 : 24;
	3F53 : 24;
	3F54 : 24;
	3F55 : 24;
	3F56 : 24;
	3F57 : 24;
	3F58 : 24;
	3F59 : 24;
	3F5A : 24;
	3F5B : 24;
	3F5C : 20;
	3F5D : 24;
	3F5E : 20;
	3F5F : 24;
	3F60 : 25;
	3F61 : 2D;
	3F62 : 25;
	3F63 : 25;
	3F64 : 25;
	3F65 : 25;
	3F66 : 25;
	3F67 : 25;
	3F68 : 25;
	3F69 : 6D;
	3F6A : 6D;
	3F6B : 6D;
	3F6C : 6D;
	3F6D : 6D;
	3F6E : 6D;
	3F6F : 6D;
	3F70 : 6D;
	3F71 : 6D;
	3F72 : 6D;
	3F73 : 6D;
	3F74 : 6D;
	3F75 : 6D;
	3F76 : 6D;
	3F77 : 6D;
	3F78 : 6D;
	3F79 : 6D;
	3F7A : 6D;
	3F7B : 6D;
	3F7C : 6D;
	3F7D : 6D;
	3F7E : 6D;
	3F7F : 6D;
	3F80 : 24;
	3F81 : 24;
	3F82 : 24;
	3F83 : 24;
	3F84 : 24;
	3F85 : 24;
	3F86 : 24;
	3F87 : 24;
	3F88 : 24;
	3F89 : 24;
	3F8A : 00;
	3F8B : 00;
	3F8C : 24;
	3F8D : 24;
	3F8E : 24;
	3F8F : 24;
	3F90 : 24;
	3F91 : 24;
	3F92 : 24;
	3F93 : 24;
	3F94 : 24;
	3F95 : 24;
	3F96 : 24;
	3F97 : 24;
	3F98 : 24;
	3F99 : 24;
	3F9A : 24;
	3F9B : 24;
	3F9C : 20;
	3F9D : 20;
	3F9E : 00;
	3F9F : 24;
	3FA0 : 25;
	3FA1 : 25;
	3FA2 : 24;
	3FA3 : 25;
	3FA4 : 25;
	3FA5 : 25;
	3FA6 : 25;
	3FA7 : 25;
	3FA8 : 25;
	3FA9 : 65;
	3FAA : 25;
	3FAB : 2D;
	3FAC : 6D;
	3FAD : 6D;
	3FAE : 6D;
	3FAF : 6D;
	3FB0 : 6D;
	3FB1 : 6D;
	3FB2 : 6D;
	3FB3 : 6D;
	3FB4 : 6D;
	3FB5 : 6D;
	3FB6 : 6D;
	3FB7 : 6D;
	3FB8 : 6D;
	3FB9 : 6D;
	3FBA : 6D;
	3FBB : 6D;
	3FBC : 6D;
	3FBD : 6D;
	3FBE : 65;
	3FBF : 65;
	3FC0 : 24;
	3FC1 : 24;
	3FC2 : 24;
	3FC3 : 24;
	3FC4 : 24;
	3FC5 : 24;
	3FC6 : 24;
	3FC7 : 24;
	3FC8 : 24;
	3FC9 : 24;
	3FCA : 24;
	3FCB : 24;
	3FCC : 24;
	3FCD : 24;
	3FCE : 24;
	3FCF : 24;
	3FD0 : 24;
	3FD1 : 24;
	3FD2 : 24;
	3FD3 : 24;
	3FD4 : 24;
	3FD5 : 24;
	3FD6 : 24;
	3FD7 : 24;
	3FD8 : 24;
	3FD9 : 24;
	3FDA : 24;
	3FDB : 24;
	3FDC : 24;
	3FDD : 24;
	3FDE : 00;
	3FDF : 00;
	3FE0 : 25;
	3FE1 : 25;
	3FE2 : 24;
	3FE3 : 25;
	3FE4 : 25;
	3FE5 : 25;
	3FE6 : 24;
	3FE7 : 24;
	3FE8 : 6D;
	3FE9 : 6D;
	3FEA : 25;
	3FEB : 25;
	3FEC : 25;
	3FED : 2D;
	3FEE : 2D;
	3FEF : 6D;
	3FF0 : 6D;
	3FF1 : 6D;
	3FF2 : 6D;
	3FF3 : 6D;
	3FF4 : 6D;
	3FF5 : 6D;
	3FF6 : 6D;
	3FF7 : 6D;
	3FF8 : 6D;
	3FF9 : 6D;
	3FFA : 6D;
	3FFB : 6D;
	3FFC : 6D;
	3FFD : 6D;
	3FFE : 25;
	3FFF : 25;
	4000 : D1;
	4001 : D1;
	4002 : D1;
	4003 : D1;
	4004 : D1;
	4005 : D1;
	4006 : D1;
	4007 : D1;
	4008 : D1;
	4009 : D1;
	400A : B1;
	400B : 84;
	400C : 64;
	400D : 64;
	400E : 64;
	400F : 64;
	4010 : 64;
	4011 : 24;
	4012 : 64;
	4013 : 64;
	4014 : 64;
	4015 : 24;
	4016 : 24;
	4017 : 24;
	4018 : 64;
	4019 : 20;
	401A : 20;
	401B : 20;
	401C : 24;
	401D : 20;
	401E : 00;
	401F : 00;
	4020 : 00;
	4021 : 20;
	4022 : 24;
	4023 : 00;
	4024 : 00;
	4025 : 00;
	4026 : 04;
	4027 : 00;
	4028 : 20;
	4029 : 20;
	402A : 00;
	402B : 00;
	402C : 8D;
	402D : 24;
	402E : 24;
	402F : 00;
	4030 : 00;
	4031 : 24;
	4032 : 00;
	4033 : 00;
	4034 : 00;
	4035 : 24;
	4036 : 24;
	4037 : 24;
	4038 : 24;
	4039 : 04;
	403A : 04;
	403B : 24;
	403C : 24;
	403D : 00;
	403E : 00;
	403F : 24;
	4040 : D1;
	4041 : D1;
	4042 : D1;
	4043 : D1;
	4044 : D1;
	4045 : D1;
	4046 : D1;
	4047 : D1;
	4048 : D1;
	4049 : AC;
	404A : 64;
	404B : 84;
	404C : 84;
	404D : 84;
	404E : 64;
	404F : 64;
	4050 : 64;
	4051 : 64;
	4052 : 24;
	4053 : 24;
	4054 : 24;
	4055 : 24;
	4056 : 24;
	4057 : 24;
	4058 : 64;
	4059 : 20;
	405A : 00;
	405B : 00;
	405C : 24;
	405D : 20;
	405E : 00;
	405F : 00;
	4060 : 00;
	4061 : 24;
	4062 : 20;
	4063 : 20;
	4064 : 20;
	4065 : 20;
	4066 : 00;
	4067 : 00;
	4068 : 00;
	4069 : 00;
	406A : 00;
	406B : 8D;
	406C : 24;
	406D : 25;
	406E : 20;
	406F : 00;
	4070 : 00;
	4071 : 00;
	4072 : 00;
	4073 : 00;
	4074 : 00;
	4075 : 00;
	4076 : 00;
	4077 : 00;
	4078 : 00;
	4079 : 00;
	407A : 00;
	407B : 00;
	407C : 00;
	407D : 00;
	407E : 20;
	407F : 20;
	4080 : F1;
	4081 : F1;
	4082 : F1;
	4083 : F1;
	4084 : F1;
	4085 : F1;
	4086 : D1;
	4087 : F1;
	4088 : CD;
	4089 : AD;
	408A : AD;
	408B : AD;
	408C : AD;
	408D : AD;
	408E : AD;
	408F : AD;
	4090 : 64;
	4091 : 64;
	4092 : 64;
	4093 : 24;
	4094 : 24;
	4095 : 24;
	4096 : 24;
	4097 : 24;
	4098 : 64;
	4099 : 64;
	409A : 00;
	409B : 00;
	409C : 00;
	409D : 00;
	409E : 00;
	409F : 00;
	40A0 : 24;
	40A1 : 25;
	40A2 : 25;
	40A3 : 25;
	40A4 : 25;
	40A5 : 25;
	40A6 : 24;
	40A7 : 25;
	40A8 : 25;
	40A9 : 25;
	40AA : 00;
	40AB : 65;
	40AC : 6D;
	40AD : 24;
	40AE : 00;
	40AF : 00;
	40B0 : 24;
	40B1 : 24;
	40B2 : 24;
	40B3 : 24;
	40B4 : 24;
	40B5 : 24;
	40B6 : 24;
	40B7 : 24;
	40B8 : 24;
	40B9 : 24;
	40BA : 24;
	40BB : 24;
	40BC : 24;
	40BD : 00;
	40BE : 24;
	40BF : 20;
	40C0 : F1;
	40C1 : D1;
	40C2 : F1;
	40C3 : F1;
	40C4 : F1;
	40C5 : F1;
	40C6 : F1;
	40C7 : CD;
	40C8 : AD;
	40C9 : AD;
	40CA : AD;
	40CB : F1;
	40CC : D1;
	40CD : CD;
	40CE : AD;
	40CF : AD;
	40D0 : AD;
	40D1 : 64;
	40D2 : 64;
	40D3 : 24;
	40D4 : 24;
	40D5 : 24;
	40D6 : 24;
	40D7 : 24;
	40D8 : 20;
	40D9 : 64;
	40DA : 00;
	40DB : 00;
	40DC : 00;
	40DD : 24;
	40DE : 20;
	40DF : 00;
	40E0 : 24;
	40E1 : 25;
	40E2 : 25;
	40E3 : 25;
	40E4 : 25;
	40E5 : 25;
	40E6 : 2D;
	40E7 : 25;
	40E8 : 25;
	40E9 : 00;
	40EA : B6;
	40EB : 24;
	40EC : 24;
	40ED : 00;
	40EE : 20;
	40EF : 24;
	40F0 : 24;
	40F1 : 24;
	40F2 : 24;
	40F3 : 24;
	40F4 : 24;
	40F5 : 24;
	40F6 : 24;
	40F7 : 24;
	40F8 : 24;
	40F9 : 24;
	40FA : 24;
	40FB : 24;
	40FC : 24;
	40FD : 00;
	40FE : 00;
	40FF : 24;
	4100 : AD;
	4101 : AD;
	4102 : AD;
	4103 : D1;
	4104 : F1;
	4105 : F1;
	4106 : CD;
	4107 : CD;
	4108 : AD;
	4109 : CD;
	410A : F1;
	410B : F1;
	410C : F1;
	410D : F1;
	410E : D1;
	410F : AD;
	4110 : B1;
	4111 : 20;
	4112 : 24;
	4113 : 64;
	4114 : 64;
	4115 : 24;
	4116 : 24;
	4117 : 00;
	4118 : 00;
	4119 : 64;
	411A : 00;
	411B : 00;
	411C : 00;
	411D : 00;
	411E : 20;
	411F : 24;
	4120 : 25;
	4121 : 25;
	4122 : 25;
	4123 : 24;
	4124 : 24;
	4125 : 24;
	4126 : 24;
	4127 : 24;
	4128 : 25;
	4129 : 24;
	412A : 00;
	412B : 6D;
	412C : 00;
	412D : 00;
	412E : 24;
	412F : 24;
	4130 : 24;
	4131 : 24;
	4132 : 24;
	4133 : 24;
	4134 : 24;
	4135 : 25;
	4136 : 24;
	4137 : 24;
	4138 : 24;
	4139 : 24;
	413A : 24;
	413B : 24;
	413C : 24;
	413D : 00;
	413E : 00;
	413F : 24;
	4140 : AD;
	4141 : D1;
	4142 : AD;
	4143 : AD;
	4144 : CD;
	4145 : D1;
	4146 : CD;
	4147 : CD;
	4148 : CD;
	4149 : F1;
	414A : F1;
	414B : F1;
	414C : F1;
	414D : F1;
	414E : D1;
	414F : D1;
	4150 : 20;
	4151 : 64;
	4152 : 24;
	4153 : 64;
	4154 : 64;
	4155 : 20;
	4156 : 00;
	4157 : 00;
	4158 : 00;
	4159 : 64;
	415A : 00;
	415B : 00;
	415C : 00;
	415D : 24;
	415E : 24;
	415F : 24;
	4160 : 25;
	4161 : 25;
	4162 : 25;
	4163 : 25;
	4164 : 24;
	4165 : 24;
	4166 : 25;
	4167 : 25;
	4168 : 24;
	4169 : 24;
	416A : 24;
	416B : 00;
	416C : 24;
	416D : 00;
	416E : 24;
	416F : 24;
	4170 : 24;
	4171 : 24;
	4172 : 24;
	4173 : 24;
	4174 : 24;
	4175 : 24;
	4176 : 24;
	4177 : 24;
	4178 : 24;
	4179 : 24;
	417A : 24;
	417B : 24;
	417C : 24;
	417D : 00;
	417E : 00;
	417F : 20;
	4180 : 8D;
	4181 : AD;
	4182 : D1;
	4183 : D1;
	4184 : AD;
	4185 : AD;
	4186 : AD;
	4187 : D1;
	4188 : AD;
	4189 : D1;
	418A : F1;
	418B : F1;
	418C : F5;
	418D : D1;
	418E : D1;
	418F : 24;
	4190 : 24;
	4191 : 64;
	4192 : 64;
	4193 : 64;
	4194 : 64;
	4195 : 00;
	4196 : 00;
	4197 : 00;
	4198 : 00;
	4199 : 00;
	419A : 00;
	419B : 00;
	419C : 24;
	419D : 24;
	419E : 25;
	419F : 25;
	41A0 : 25;
	41A1 : 25;
	41A2 : 24;
	41A3 : 24;
	41A4 : 24;
	41A5 : 24;
	41A6 : 24;
	41A7 : 24;
	41A8 : 24;
	41A9 : 24;
	41AA : 24;
	41AB : 20;
	41AC : 24;
	41AD : 24;
	41AE : 24;
	41AF : 24;
	41B0 : 24;
	41B1 : 24;
	41B2 : 24;
	41B3 : 24;
	41B4 : 24;
	41B5 : 24;
	41B6 : 24;
	41B7 : 24;
	41B8 : 24;
	41B9 : 24;
	41BA : 24;
	41BB : 24;
	41BC : 24;
	41BD : 24;
	41BE : 24;
	41BF : 00;
	41C0 : 8D;
	41C1 : 6D;
	41C2 : 00;
	41C3 : 8D;
	41C4 : AD;
	41C5 : AD;
	41C6 : AD;
	41C7 : 20;
	41C8 : B1;
	41C9 : D1;
	41CA : D1;
	41CB : F6;
	41CC : D1;
	41CD : D1;
	41CE : 20;
	41CF : 24;
	41D0 : 24;
	41D1 : 64;
	41D2 : 64;
	41D3 : 64;
	41D4 : 00;
	41D5 : 6D;
	41D6 : 00;
	41D7 : 00;
	41D8 : 00;
	41D9 : 00;
	41DA : 24;
	41DB : 24;
	41DC : 25;
	41DD : 25;
	41DE : 25;
	41DF : 25;
	41E0 : 25;
	41E1 : 24;
	41E2 : 24;
	41E3 : 24;
	41E4 : 24;
	41E5 : 25;
	41E6 : 24;
	41E7 : 24;
	41E8 : 24;
	41E9 : 24;
	41EA : 24;
	41EB : 24;
	41EC : 24;
	41ED : 24;
	41EE : 24;
	41EF : 24;
	41F0 : 24;
	41F1 : 24;
	41F2 : 24;
	41F3 : 24;
	41F4 : 24;
	41F5 : 24;
	41F6 : 24;
	41F7 : 24;
	41F8 : 24;
	41F9 : 00;
	41FA : 00;
	41FB : 24;
	41FC : 24;
	41FD : 24;
	41FE : 24;
	41FF : 00;
	4200 : 8D;
	4201 : 8D;
	4202 : 91;
	4203 : 8D;
	4204 : 8D;
	4205 : 8D;
	4206 : 00;
	4207 : 00;
	4208 : 00;
	4209 : 8D;
	420A : D1;
	420B : D1;
	420C : 20;
	420D : 00;
	420E : 20;
	420F : 24;
	4210 : 24;
	4211 : 00;
	4212 : 00;
	4213 : 00;
	4214 : 00;
	4215 : 6D;
	4216 : 00;
	4217 : 00;
	4218 : 24;
	4219 : 24;
	421A : 24;
	421B : 65;
	421C : 25;
	421D : 25;
	421E : 25;
	421F : 25;
	4220 : 25;
	4221 : 24;
	4222 : 24;
	4223 : 24;
	4224 : 24;
	4225 : 25;
	4226 : 24;
	4227 : 24;
	4228 : 24;
	4229 : 24;
	422A : 24;
	422B : 24;
	422C : 24;
	422D : 24;
	422E : 24;
	422F : 24;
	4230 : 24;
	4231 : 24;
	4232 : 24;
	4233 : 24;
	4234 : 24;
	4235 : 24;
	4236 : 24;
	4237 : 24;
	4238 : 24;
	4239 : 00;
	423A : 8D;
	423B : 64;
	423C : 24;
	423D : 00;
	423E : 24;
	423F : 00;
	4240 : 8D;
	4241 : 8D;
	4242 : 6D;
	4243 : 6D;
	4244 : 6D;
	4245 : 00;
	4246 : 00;
	4247 : 24;
	4248 : 00;
	4249 : 00;
	424A : 20;
	424B : 64;
	424C : 00;
	424D : 00;
	424E : 00;
	424F : 00;
	4250 : 00;
	4251 : 91;
	4252 : 00;
	4253 : 6C;
	4254 : 24;
	4255 : 6C;
	4256 : 2C;
	4257 : 00;
	4258 : 00;
	4259 : 24;
	425A : 25;
	425B : 25;
	425C : 25;
	425D : 25;
	425E : 25;
	425F : 25;
	4260 : 25;
	4261 : 25;
	4262 : 25;
	4263 : 24;
	4264 : 24;
	4265 : 24;
	4266 : 24;
	4267 : 24;
	4268 : 24;
	4269 : 24;
	426A : 24;
	426B : 24;
	426C : 24;
	426D : 24;
	426E : 24;
	426F : 24;
	4270 : 24;
	4271 : 24;
	4272 : 24;
	4273 : 24;
	4274 : 24;
	4275 : 24;
	4276 : 24;
	4277 : 24;
	4278 : 00;
	4279 : D6;
	427A : 20;
	427B : FF;
	427C : 00;
	427D : 24;
	427E : 24;
	427F : 00;
	4280 : 8D;
	4281 : 6D;
	4282 : 6D;
	4283 : 6D;
	4284 : 91;
	4285 : 6D;
	4286 : 6D;
	4287 : 65;
	4288 : 24;
	4289 : 64;
	428A : 6D;
	428B : 24;
	428C : 20;
	428D : 00;
	428E : 00;
	428F : 6D;
	4290 : 6D;
	4291 : 91;
	4292 : 8D;
	4293 : 91;
	4294 : 6D;
	4295 : 6D;
	4296 : 00;
	4297 : 25;
	4298 : 25;
	4299 : 25;
	429A : 25;
	429B : 25;
	429C : 2D;
	429D : 25;
	429E : 25;
	429F : 25;
	42A0 : 25;
	42A1 : 25;
	42A2 : 25;
	42A3 : 25;
	42A4 : 00;
	42A5 : 24;
	42A6 : 24;
	42A7 : 24;
	42A8 : 24;
	42A9 : 24;
	42AA : 24;
	42AB : 24;
	42AC : 24;
	42AD : 24;
	42AE : 24;
	42AF : 24;
	42B0 : 24;
	42B1 : 24;
	42B2 : 24;
	42B3 : 24;
	42B4 : 24;
	42B5 : 24;
	42B6 : 24;
	42B7 : 24;
	42B8 : 00;
	42B9 : 00;
	42BA : 8D;
	42BB : 20;
	42BC : 24;
	42BD : 6D;
	42BE : 24;
	42BF : 00;
	42C0 : 91;
	42C1 : 6D;
	42C2 : 6D;
	42C3 : 91;
	42C4 : 91;
	42C5 : 91;
	42C6 : 91;
	42C7 : 60;
	42C8 : FF;
	42C9 : FF;
	42CA : 64;
	42CB : 24;
	42CC : 91;
	42CD : 20;
	42CE : 91;
	42CF : 91;
	42D0 : 91;
	42D1 : 91;
	42D2 : 91;
	42D3 : 8D;
	42D4 : 8D;
	42D5 : 6D;
	42D6 : 00;
	42D7 : 65;
	42D8 : 25;
	42D9 : 6D;
	42DA : 6D;
	42DB : 2D;
	42DC : 2D;
	42DD : 25;
	42DE : 25;
	42DF : 25;
	42E0 : 25;
	42E1 : 25;
	42E2 : 25;
	42E3 : 00;
	42E4 : DB;
	42E5 : 25;
	42E6 : 25;
	42E7 : 25;
	42E8 : 24;
	42E9 : 24;
	42EA : 24;
	42EB : 24;
	42EC : 24;
	42ED : 24;
	42EE : 24;
	42EF : 24;
	42F0 : 24;
	42F1 : 24;
	42F2 : 24;
	42F3 : 24;
	42F4 : 24;
	42F5 : 24;
	42F6 : 24;
	42F7 : 24;
	42F8 : 00;
	42F9 : 6D;
	42FA : 00;
	42FB : 20;
	42FC : 64;
	42FD : 24;
	42FE : 24;
	42FF : 20;
	4300 : 8D;
	4301 : 6D;
	4302 : 91;
	4303 : 91;
	4304 : 91;
	4305 : 91;
	4306 : 6D;
	4307 : FF;
	4308 : FF;
	4309 : A5;
	430A : FF;
	430B : FF;
	430C : 60;
	430D : 84;
	430E : 91;
	430F : 91;
	4310 : 91;
	4311 : 8D;
	4312 : 91;
	4313 : 91;
	4314 : 6D;
	4315 : 24;
	4316 : 25;
	4317 : 25;
	4318 : 25;
	4319 : 6D;
	431A : 65;
	431B : 6D;
	431C : 6D;
	431D : 2D;
	431E : 25;
	431F : 25;
	4320 : 25;
	4321 : 00;
	4322 : 00;
	4323 : FF;
	4324 : 92;
	4325 : 00;
	4326 : 00;
	4327 : 00;
	4328 : 00;
	4329 : 00;
	432A : 24;
	432B : 00;
	432C : 00;
	432D : 00;
	432E : 00;
	432F : 00;
	4330 : 00;
	4331 : 00;
	4332 : 00;
	4333 : 24;
	4334 : 24;
	4335 : 24;
	4336 : 24;
	4337 : 24;
	4338 : 00;
	4339 : FA;
	433A : 00;
	433B : 20;
	433C : 24;
	433D : 24;
	433E : 24;
	433F : 20;
	4340 : 8D;
	4341 : 6D;
	4342 : 91;
	4343 : 91;
	4344 : 91;
	4345 : 91;
	4346 : 91;
	4347 : B1;
	4348 : 84;
	4349 : A4;
	434A : D1;
	434B : AD;
	434C : 84;
	434D : 8D;
	434E : 91;
	434F : 91;
	4350 : 91;
	4351 : 91;
	4352 : 91;
	4353 : 91;
	4354 : 00;
	4355 : 00;
	4356 : 65;
	4357 : 6D;
	4358 : 6D;
	4359 : 6D;
	435A : 6D;
	435B : 6D;
	435C : 6D;
	435D : 6D;
	435E : 25;
	435F : 25;
	4360 : 25;
	4361 : 6D;
	4362 : 00;
	4363 : B6;
	4364 : FF;
	4365 : 00;
	4366 : 6D;
	4367 : 8D;
	4368 : 6D;
	4369 : 00;
	436A : 00;
	436B : 20;
	436C : B1;
	436D : 00;
	436E : 6D;
	436F : B1;
	4370 : 20;
	4371 : B2;
	4372 : 00;
	4373 : 24;
	4374 : 24;
	4375 : 24;
	4376 : 24;
	4377 : 00;
	4378 : 65;
	4379 : 20;
	437A : 64;
	437B : 20;
	437C : 24;
	437D : 24;
	437E : 24;
	437F : 20;
	4380 : 8D;
	4381 : 91;
	4382 : B1;
	4383 : 91;
	4384 : 91;
	4385 : 91;
	4386 : 91;
	4387 : 91;
	4388 : B1;
	4389 : B1;
	438A : 8D;
	438B : B1;
	438C : B1;
	438D : B1;
	438E : 91;
	438F : 91;
	4390 : 91;
	4391 : 91;
	4392 : 91;
	4393 : 00;
	4394 : 00;
	4395 : 6D;
	4396 : 6D;
	4397 : 6D;
	4398 : 6D;
	4399 : 6D;
	439A : 6D;
	439B : 6D;
	439C : 6D;
	439D : 25;
	439E : 25;
	439F : 25;
	43A0 : 00;
	43A1 : 8D;
	43A2 : 00;
	43A3 : 91;
	43A4 : FF;
	43A5 : 00;
	43A6 : 25;
	43A7 : 8D;
	43A8 : 6D;
	43A9 : 20;
	43AA : 00;
	43AB : B2;
	43AC : 65;
	43AD : 65;
	43AE : 64;
	43AF : 65;
	43B0 : 65;
	43B1 : 6D;
	43B2 : B1;
	43B3 : FE;
	43B4 : 00;
	43B5 : FF;
	43B6 : 65;
	43B7 : 00;
	43B8 : 71;
	43B9 : 65;
	43BA : 6D;
	43BB : 24;
	43BC : 6D;
	43BD : 20;
	43BE : 24;
	43BF : 24;
	43C0 : 00;
	43C1 : 00;
	43C2 : 91;
	43C3 : 91;
	43C4 : B1;
	43C5 : 91;
	43C6 : 91;
	43C7 : 91;
	43C8 : 91;
	43C9 : 91;
	43CA : 91;
	43CB : 91;
	43CC : 91;
	43CD : 91;
	43CE : 6D;
	43CF : 91;
	43D0 : 91;
	43D1 : 91;
	43D2 : B1;
	43D3 : 00;
	43D4 : 00;
	43D5 : 65;
	43D6 : 6D;
	43D7 : 6D;
	43D8 : 6D;
	43D9 : 6D;
	43DA : 6D;
	43DB : 6D;
	43DC : 6D;
	43DD : 6D;
	43DE : 2D;
	43DF : 65;
	43E0 : 6D;
	43E1 : 91;
	43E2 : 24;
	43E3 : 24;
	43E4 : 71;
	43E5 : 00;
	43E6 : 00;
	43E7 : 8D;
	43E8 : 8D;
	43E9 : 24;
	43EA : 00;
	43EB : 91;
	43EC : 6D;
	43ED : 6D;
	43EE : 6D;
	43EF : 6D;
	43F0 : 6D;
	43F1 : 6D;
	43F2 : 6D;
	43F3 : 64;
	43F4 : 00;
	43F5 : 64;
	43F6 : 00;
	43F7 : 00;
	43F8 : 6D;
	43F9 : 8D;
	43FA : 64;
	43FB : 00;
	43FC : 24;
	43FD : 20;
	43FE : 24;
	43FF : 24;
	4400 : 00;
	4401 : 00;
	4402 : 00;
	4403 : 91;
	4404 : 91;
	4405 : 91;
	4406 : 91;
	4407 : B5;
	4408 : B5;
	4409 : 91;
	440A : 91;
	440B : B5;
	440C : 91;
	440D : 91;
	440E : 6D;
	440F : 91;
	4410 : 91;
	4411 : 91;
	4412 : 91;
	4413 : 00;
	4414 : 00;
	4415 : 6D;
	4416 : 6D;
	4417 : 6D;
	4418 : 6D;
	4419 : 6D;
	441A : 6D;
	441B : 6D;
	441C : 6D;
	441D : 6D;
	441E : 6D;
	441F : 6D;
	4420 : 25;
	4421 : 20;
	4422 : FF;
	4423 : 20;
	4424 : FF;
	4425 : 00;
	4426 : 00;
	4427 : 00;
	4428 : 00;
	4429 : 65;
	442A : 00;
	442B : 00;
	442C : 91;
	442D : 91;
	442E : 91;
	442F : 91;
	4430 : 91;
	4431 : 00;
	4432 : 00;
	4433 : 00;
	4434 : 00;
	4435 : 00;
	4436 : 00;
	4437 : 00;
	4438 : 65;
	4439 : 65;
	443A : 24;
	443B : 64;
	443C : 20;
	443D : 24;
	443E : 24;
	443F : 20;
	4440 : 00;
	4441 : 00;
	4442 : 00;
	4443 : 00;
	4444 : 00;
	4445 : 00;
	4446 : 00;
	4447 : B6;
	4448 : 91;
	4449 : 91;
	444A : 91;
	444B : 91;
	444C : 91;
	444D : 91;
	444E : 6D;
	444F : 6D;
	4450 : 6D;
	4451 : 00;
	4452 : 00;
	4453 : 20;
	4454 : 20;
	4455 : 6D;
	4456 : 6D;
	4457 : 6D;
	4458 : 6D;
	4459 : 6D;
	445A : 6D;
	445B : 6D;
	445C : 6D;
	445D : 6D;
	445E : 6D;
	445F : 6D;
	4460 : 25;
	4461 : 20;
	4462 : 8D;
	4463 : 20;
	4464 : FE;
	4465 : 00;
	4466 : 25;
	4467 : 00;
	4468 : 00;
	4469 : 8D;
	446A : 24;
	446B : 00;
	446C : 20;
	446D : 24;
	446E : 24;
	446F : 24;
	4470 : 20;
	4471 : 00;
	4472 : 20;
	4473 : 00;
	4474 : 00;
	4475 : 00;
	4476 : 24;
	4477 : 00;
	4478 : 24;
	4479 : 24;
	447A : 24;
	447B : 24;
	447C : 20;
	447D : 24;
	447E : 24;
	447F : 20;
	4480 : 00;
	4481 : 92;
	4482 : 92;
	4483 : 8E;
	4484 : 8E;
	4485 : 00;
	4486 : 00;
	4487 : 00;
	4488 : 00;
	4489 : 00;
	448A : 00;
	448B : 00;
	448C : 91;
	448D : 6D;
	448E : 00;
	448F : 00;
	4490 : 00;
	4491 : 00;
	4492 : 00;
	4493 : 6D;
	4494 : 6D;
	4495 : 6D;
	4496 : 6D;
	4497 : 6D;
	4498 : 6D;
	4499 : 6D;
	449A : 6D;
	449B : 6D;
	449C : 6D;
	449D : 6D;
	449E : 6D;
	449F : 6D;
	44A0 : 00;
	44A1 : 6D;
	44A2 : 8D;
	44A3 : 20;
	44A4 : FF;
	44A5 : 65;
	44A6 : 00;
	44A7 : 6D;
	44A8 : 00;
	44A9 : 8D;
	44AA : 00;
	44AB : 80;
	44AC : C5;
	44AD : A4;
	44AE : A4;
	44AF : A4;
	44B0 : A4;
	44B1 : A4;
	44B2 : 64;
	44B3 : 00;
	44B4 : 20;
	44B5 : 00;
	44B6 : 64;
	44B7 : 00;
	44B8 : 24;
	44B9 : 24;
	44BA : 24;
	44BB : 65;
	44BC : 24;
	44BD : 24;
	44BE : 24;
	44BF : 20;
	44C0 : 6D;
	44C1 : 92;
	44C2 : 92;
	44C3 : 8E;
	44C4 : 92;
	44C5 : 8E;
	44C6 : 8E;
	44C7 : 92;
	44C8 : 91;
	44C9 : 91;
	44CA : 6D;
	44CB : 8D;
	44CC : 00;
	44CD : 00;
	44CE : 6D;
	44CF : 6D;
	44D0 : 6D;
	44D1 : 6D;
	44D2 : 6D;
	44D3 : 92;
	44D4 : 6D;
	44D5 : 6D;
	44D6 : 6D;
	44D7 : 6D;
	44D8 : 6D;
	44D9 : 6D;
	44DA : 6D;
	44DB : 6D;
	44DC : 6D;
	44DD : 6D;
	44DE : 6D;
	44DF : 65;
	44E0 : 00;
	44E1 : 91;
	44E2 : 6D;
	44E3 : 20;
	44E4 : FF;
	44E5 : 00;
	44E6 : 00;
	44E7 : 00;
	44E8 : 25;
	44E9 : 00;
	44EA : 00;
	44EB : 84;
	44EC : A4;
	44ED : A0;
	44EE : A0;
	44EF : A0;
	44F0 : C0;
	44F1 : A4;
	44F2 : 20;
	44F3 : 8D;
	44F4 : 00;
	44F5 : 24;
	44F6 : 00;
	44F7 : 00;
	44F8 : 64;
	44F9 : 64;
	44FA : 24;
	44FB : 64;
	44FC : 64;
	44FD : 24;
	44FE : 24;
	44FF : 20;
	4500 : 92;
	4501 : 92;
	4502 : 92;
	4503 : 92;
	4504 : 92;
	4505 : 8E;
	4506 : 8E;
	4507 : 8E;
	4508 : 8E;
	4509 : 6E;
	450A : 6E;
	450B : 6D;
	450C : 8E;
	450D : 6E;
	450E : 6D;
	450F : 6D;
	4510 : 6D;
	4511 : 6D;
	4512 : 6D;
	4513 : 92;
	4514 : 92;
	4515 : 6D;
	4516 : 6D;
	4517 : 92;
	4518 : 92;
	4519 : 6D;
	451A : 6D;
	451B : 6D;
	451C : 6D;
	451D : 6D;
	451E : 6D;
	451F : 6D;
	4520 : 00;
	4521 : 92;
	4522 : 6D;
	4523 : 00;
	4524 : FA;
	4525 : 24;
	4526 : 25;
	4527 : 6D;
	4528 : 25;
	4529 : 25;
	452A : 00;
	452B : B1;
	452C : 85;
	452D : 85;
	452E : 84;
	452F : 64;
	4530 : 84;
	4531 : 64;
	4532 : 8D;
	4533 : 8D;
	4534 : 00;
	4535 : 24;
	4536 : 00;
	4537 : 00;
	4538 : 64;
	4539 : 64;
	453A : 24;
	453B : 65;
	453C : 24;
	453D : 24;
	453E : 24;
	453F : 20;
	4540 : 92;
	4541 : 92;
	4542 : 92;
	4543 : 92;
	4544 : B6;
	4545 : 92;
	4546 : 92;
	4547 : 92;
	4548 : 92;
	4549 : 92;
	454A : 92;
	454B : 92;
	454C : 8E;
	454D : 6E;
	454E : 6E;
	454F : 6E;
	4550 : 6D;
	4551 : 92;
	4552 : 92;
	4553 : 92;
	4554 : 92;
	4555 : 6D;
	4556 : 6D;
	4557 : 92;
	4558 : 92;
	4559 : 6D;
	455A : 6D;
	455B : 6D;
	455C : 6D;
	455D : 6D;
	455E : 6D;
	455F : 6D;
	4560 : 00;
	4561 : 92;
	4562 : 72;
	4563 : 00;
	4564 : DA;
	4565 : 00;
	4566 : 00;
	4567 : B6;
	4568 : 91;
	4569 : 6D;
	456A : 21;
	456B : 8C;
	456C : B1;
	456D : 00;
	456E : 00;
	456F : 00;
	4570 : 00;
	4571 : 00;
	4572 : 00;
	4573 : 00;
	4574 : 6D;
	4575 : 24;
	4576 : 00;
	4577 : 6D;
	4578 : 65;
	4579 : 6D;
	457A : 00;
	457B : 8D;
	457C : 00;
	457D : 24;
	457E : 24;
	457F : 00;
	4580 : 92;
	4581 : B6;
	4582 : B2;
	4583 : B2;
	4584 : B2;
	4585 : B2;
	4586 : 92;
	4587 : 92;
	4588 : 92;
	4589 : 92;
	458A : 92;
	458B : 92;
	458C : 6E;
	458D : 8E;
	458E : 6E;
	458F : 92;
	4590 : 92;
	4591 : 92;
	4592 : 92;
	4593 : 92;
	4594 : 92;
	4595 : 92;
	4596 : 92;
	4597 : 92;
	4598 : 92;
	4599 : 6D;
	459A : 6D;
	459B : 6D;
	459C : 6D;
	459D : 6D;
	459E : 6D;
	459F : 6D;
	45A0 : 00;
	45A1 : B6;
	45A2 : 6E;
	45A3 : 20;
	45A4 : 00;
	45A5 : B1;
	45A6 : D6;
	45A7 : 20;
	45A8 : 20;
	45A9 : 20;
	45AA : 00;
	45AB : 00;
	45AC : 00;
	45AD : 24;
	45AE : 20;
	45AF : 00;
	45B0 : 00;
	45B1 : 24;
	45B2 : 24;
	45B3 : 20;
	45B4 : 00;
	45B5 : 00;
	45B6 : 00;
	45B7 : 00;
	45B8 : 00;
	45B9 : 00;
	45BA : 65;
	45BB : 00;
	45BC : 24;
	45BD : 00;
	45BE : 20;
	45BF : 20;
	45C0 : 25;
	45C1 : 65;
	45C2 : 65;
	45C3 : 65;
	45C4 : 25;
	45C5 : 25;
	45C6 : 25;
	45C7 : B2;
	45C8 : 92;
	45C9 : 92;
	45CA : 92;
	45CB : 92;
	45CC : 92;
	45CD : 92;
	45CE : 92;
	45CF : 92;
	45D0 : 92;
	45D1 : 92;
	45D2 : 92;
	45D3 : 92;
	45D4 : 92;
	45D5 : 92;
	45D6 : 92;
	45D7 : 92;
	45D8 : 92;
	45D9 : 6D;
	45DA : 6D;
	45DB : 6D;
	45DC : 6D;
	45DD : 6D;
	45DE : 6D;
	45DF : 6D;
	45E0 : 00;
	45E1 : B1;
	45E2 : 00;
	45E3 : 64;
	45E4 : B6;
	45E5 : 00;
	45E6 : 64;
	45E7 : F6;
	45E8 : 65;
	45E9 : 8D;
	45EA : 6D;
	45EB : 00;
	45EC : 65;
	45ED : 00;
	45EE : 6D;
	45EF : 00;
	45F0 : 00;
	45F1 : 00;
	45F2 : 24;
	45F3 : 00;
	45F4 : 00;
	45F5 : 00;
	45F6 : 24;
	45F7 : 20;
	45F8 : 64;
	45F9 : 00;
	45FA : 00;
	45FB : 00;
	45FC : 24;
	45FD : 00;
	45FE : 20;
	45FF : 00;
	4600 : 92;
	4601 : 92;
	4602 : 92;
	4603 : 92;
	4604 : 92;
	4605 : 92;
	4606 : 92;
	4607 : 25;
	4608 : 65;
	4609 : 8E;
	460A : 92;
	460B : 92;
	460C : 92;
	460D : 92;
	460E : 92;
	460F : 92;
	4610 : 92;
	4611 : 92;
	4612 : 92;
	4613 : 92;
	4614 : 92;
	4615 : 92;
	4616 : 8E;
	4617 : 8E;
	4618 : 6D;
	4619 : 6D;
	461A : 6D;
	461B : 6D;
	461C : 6D;
	461D : 6D;
	461E : 6D;
	461F : 6D;
	4620 : 00;
	4621 : 20;
	4622 : B1;
	4623 : F6;
	4624 : 00;
	4625 : 24;
	4626 : 20;
	4627 : 20;
	4628 : 91;
	4629 : 20;
	462A : 91;
	462B : 00;
	462C : 65;
	462D : 00;
	462E : 64;
	462F : 20;
	4630 : 00;
	4631 : 00;
	4632 : 00;
	4633 : 00;
	4634 : 24;
	4635 : 24;
	4636 : 24;
	4637 : 20;
	4638 : 84;
	4639 : 20;
	463A : 00;
	463B : 24;
	463C : 24;
	463D : 24;
	463E : 24;
	463F : 00;
	4640 : DB;
	4641 : DB;
	4642 : DB;
	4643 : DB;
	4644 : DB;
	4645 : DB;
	4646 : DB;
	4647 : B6;
	4648 : 8E;
	4649 : 65;
	464A : 65;
	464B : 6D;
	464C : 92;
	464D : 92;
	464E : 92;
	464F : 92;
	4650 : 92;
	4651 : 92;
	4652 : 92;
	4653 : 92;
	4654 : 92;
	4655 : 92;
	4656 : 92;
	4657 : 92;
	4658 : 92;
	4659 : 6E;
	465A : 6D;
	465B : 6D;
	465C : 6D;
	465D : 6D;
	465E : 6D;
	465F : 6D;
	4660 : 6D;
	4661 : B1;
	4662 : F6;
	4663 : 00;
	4664 : 00;
	4665 : B1;
	4666 : 8D;
	4667 : 8D;
	4668 : B6;
	4669 : 64;
	466A : AD;
	466B : AD;
	466C : AD;
	466D : AD;
	466E : D1;
	466F : D1;
	4670 : D1;
	4671 : 00;
	4672 : 20;
	4673 : 00;
	4674 : 24;
	4675 : 24;
	4676 : 24;
	4677 : 20;
	4678 : 80;
	4679 : AD;
	467A : 00;
	467B : 24;
	467C : 24;
	467D : 24;
	467E : 24;
	467F : 00;
	4680 : DB;
	4681 : DB;
	4682 : DB;
	4683 : DB;
	4684 : DB;
	4685 : DB;
	4686 : DB;
	4687 : DB;
	4688 : DB;
	4689 : DB;
	468A : B2;
	468B : B6;
	468C : 65;
	468D : 92;
	468E : 92;
	468F : 92;
	4690 : 92;
	4691 : 92;
	4692 : 92;
	4693 : 92;
	4694 : 92;
	4695 : 92;
	4696 : 92;
	4697 : 92;
	4698 : 8E;
	4699 : 6E;
	469A : 6D;
	469B : 6D;
	469C : 6D;
	469D : 6D;
	469E : 6D;
	469F : 6D;
	46A0 : 6D;
	46A1 : B1;
	46A2 : B1;
	46A3 : 00;
	46A4 : 00;
	46A5 : 6D;
	46A6 : 8D;
	46A7 : 65;
	46A8 : 6D;
	46A9 : 20;
	46AA : CC;
	46AB : 20;
	46AC : 64;
	46AD : B1;
	46AE : 20;
	46AF : 20;
	46B0 : 00;
	46B1 : 00;
	46B2 : 20;
	46B3 : 00;
	46B4 : 24;
	46B5 : 24;
	46B6 : 24;
	46B7 : 20;
	46B8 : 80;
	46B9 : B1;
	46BA : 00;
	46BB : 24;
	46BC : 24;
	46BD : 24;
	46BE : 24;
	46BF : 00;
	46C0 : DB;
	46C1 : DB;
	46C2 : DB;
	46C3 : DB;
	46C4 : DB;
	46C5 : DB;
	46C6 : DB;
	46C7 : DB;
	46C8 : DB;
	46C9 : DB;
	46CA : DB;
	46CB : DB;
	46CC : 6E;
	46CD : 6D;
	46CE : 92;
	46CF : 92;
	46D0 : 92;
	46D1 : 92;
	46D2 : 92;
	46D3 : 92;
	46D4 : 92;
	46D5 : 92;
	46D6 : 92;
	46D7 : 92;
	46D8 : 92;
	46D9 : 6E;
	46DA : 6D;
	46DB : 6D;
	46DC : 6D;
	46DD : 6D;
	46DE : 6D;
	46DF : 6D;
	46E0 : 6D;
	46E1 : B1;
	46E2 : 84;
	46E3 : 8D;
	46E4 : 00;
	46E5 : 91;
	46E6 : 91;
	46E7 : 91;
	46E8 : 91;
	46E9 : 00;
	46EA : 00;
	46EB : 00;
	46EC : 00;
	46ED : 00;
	46EE : 00;
	46EF : 6D;
	46F0 : 24;
	46F1 : 25;
	46F2 : 00;
	46F3 : 00;
	46F4 : 24;
	46F5 : 24;
	46F6 : 24;
	46F7 : 20;
	46F8 : A4;
	46F9 : 20;
	46FA : 00;
	46FB : 24;
	46FC : 24;
	46FD : 24;
	46FE : 24;
	46FF : 20;
	4700 : DB;
	4701 : DB;
	4702 : DB;
	4703 : DB;
	4704 : DB;
	4705 : DB;
	4706 : 92;
	4707 : 92;
	4708 : DB;
	4709 : DB;
	470A : DB;
	470B : DB;
	470C : B2;
	470D : 6D;
	470E : B2;
	470F : 92;
	4710 : 92;
	4711 : 92;
	4712 : 92;
	4713 : 92;
	4714 : 92;
	4715 : 92;
	4716 : 92;
	4717 : 92;
	4718 : 92;
	4719 : 92;
	471A : 6E;
	471B : 8E;
	471C : 6D;
	471D : 6D;
	471E : 6D;
	471F : 6D;
	4720 : 6D;
	4721 : B2;
	4722 : D1;
	4723 : D1;
	4724 : D6;
	4725 : 20;
	4726 : 00;
	4727 : 65;
	4728 : 91;
	4729 : 00;
	472A : 00;
	472B : B1;
	472C : 8D;
	472D : 00;
	472E : 20;
	472F : 00;
	4730 : 6D;
	4731 : 24;
	4732 : 00;
	4733 : 20;
	4734 : 20;
	4735 : 24;
	4736 : 24;
	4737 : 00;
	4738 : 00;
	4739 : 00;
	473A : 00;
	473B : 24;
	473C : 24;
	473D : 00;
	473E : 24;
	473F : 20;
	4740 : DB;
	4741 : DB;
	4742 : DB;
	4743 : DB;
	4744 : DB;
	4745 : DB;
	4746 : 92;
	4747 : 6E;
	4748 : B6;
	4749 : B7;
	474A : 92;
	474B : DB;
	474C : B2;
	474D : 92;
	474E : 65;
	474F : B2;
	4750 : 92;
	4751 : 92;
	4752 : 92;
	4753 : 92;
	4754 : 92;
	4755 : 92;
	4756 : 92;
	4757 : 92;
	4758 : 92;
	4759 : 8E;
	475A : 6E;
	475B : 6D;
	475C : 6D;
	475D : 6D;
	475E : 6D;
	475F : 6D;
	4760 : 6D;
	4761 : 91;
	4762 : D6;
	4763 : D1;
	4764 : B1;
	4765 : D1;
	4766 : 00;
	4767 : 00;
	4768 : 24;
	4769 : 00;
	476A : 00;
	476B : 00;
	476C : 00;
	476D : 00;
	476E : 00;
	476F : 00;
	4770 : 00;
	4771 : 00;
	4772 : 20;
	4773 : A4;
	4774 : 60;
	4775 : 00;
	4776 : B6;
	4777 : 00;
	4778 : 64;
	4779 : 64;
	477A : 00;
	477B : 00;
	477C : 24;
	477D : 20;
	477E : 24;
	477F : 20;
	4780 : DB;
	4781 : DB;
	4782 : DB;
	4783 : DB;
	4784 : DB;
	4785 : DB;
	4786 : B2;
	4787 : 6E;
	4788 : 6E;
	4789 : 92;
	478A : DB;
	478B : DB;
	478C : B2;
	478D : B2;
	478E : 65;
	478F : 92;
	4790 : 92;
	4791 : 92;
	4792 : 92;
	4793 : 92;
	4794 : 92;
	4795 : 92;
	4796 : 92;
	4797 : 92;
	4798 : 92;
	4799 : 92;
	479A : 8E;
	479B : 6E;
	479C : 6D;
	479D : 6D;
	479E : 6D;
	479F : 6D;
	47A0 : 6D;
	47A1 : 92;
	47A2 : 00;
	47A3 : B6;
	47A4 : B1;
	47A5 : B1;
	47A6 : B1;
	47A7 : D6;
	47A8 : 00;
	47A9 : 20;
	47AA : 8D;
	47AB : 8D;
	47AC : 8D;
	47AD : 6D;
	47AE : 8D;
	47AF : 00;
	47B0 : 00;
	47B1 : 24;
	47B2 : 60;
	47B3 : C4;
	47B4 : 60;
	47B5 : 00;
	47B6 : 00;
	47B7 : 6D;
	47B8 : 8D;
	47B9 : 24;
	47BA : 00;
	47BB : 00;
	47BC : 24;
	47BD : 20;
	47BE : 24;
	47BF : 20;
	47C0 : DB;
	47C1 : DB;
	47C2 : DB;
	47C3 : DB;
	47C4 : DB;
	47C5 : B6;
	47C6 : B2;
	47C7 : 6E;
	47C8 : 65;
	47C9 : DB;
	47CA : DB;
	47CB : DB;
	47CC : DB;
	47CD : B2;
	47CE : 6E;
	47CF : 25;
	47D0 : 6D;
	47D1 : 92;
	47D2 : 92;
	47D3 : 92;
	47D4 : 92;
	47D5 : 92;
	47D6 : 92;
	47D7 : 92;
	47D8 : 92;
	47D9 : 92;
	47DA : 92;
	47DB : 6E;
	47DC : 6D;
	47DD : 6D;
	47DE : 6D;
	47DF : 6D;
	47E0 : 6D;
	47E1 : 65;
	47E2 : 00;
	47E3 : 00;
	47E4 : 20;
	47E5 : 84;
	47E6 : 64;
	47E7 : 00;
	47E8 : B2;
	47E9 : 65;
	47EA : 65;
	47EB : 65;
	47EC : 65;
	47ED : 65;
	47EE : 65;
	47EF : 64;
	47F0 : 24;
	47F1 : 8D;
	47F2 : 20;
	47F3 : A4;
	47F4 : 20;
	47F5 : 24;
	47F6 : 00;
	47F7 : 00;
	47F8 : 00;
	47F9 : 00;
	47FA : 00;
	47FB : 00;
	47FC : 24;
	47FD : 20;
	47FE : 24;
	47FF : 00;
	4800 : DB;
	4801 : DB;
	4802 : DB;
	4803 : DB;
	4804 : DB;
	4805 : B6;
	4806 : 8E;
	4807 : 21;
	4808 : B2;
	4809 : DB;
	480A : DB;
	480B : DB;
	480C : DB;
	480D : B2;
	480E : B2;
	480F : 25;
	4810 : 6D;
	4811 : 92;
	4812 : 92;
	4813 : 92;
	4814 : 92;
	4815 : 92;
	4816 : 92;
	4817 : 8E;
	4818 : 6D;
	4819 : 92;
	481A : 92;
	481B : 8E;
	481C : 6D;
	481D : 6D;
	481E : 6D;
	481F : 6D;
	4820 : 6D;
	4821 : AD;
	4822 : 60;
	4823 : 00;
	4824 : 00;
	4825 : 20;
	4826 : 00;
	4827 : B2;
	4828 : 65;
	4829 : 64;
	482A : 64;
	482B : 65;
	482C : 65;
	482D : 65;
	482E : 64;
	482F : 20;
	4830 : 20;
	4831 : 64;
	4832 : 6D;
	4833 : 64;
	4834 : 00;
	4835 : 24;
	4836 : 00;
	4837 : 20;
	4838 : 00;
	4839 : 20;
	483A : 00;
	483B : 24;
	483C : 24;
	483D : 00;
	483E : 20;
	483F : 24;
	4840 : DB;
	4841 : DB;
	4842 : DB;
	4843 : DB;
	4844 : B2;
	4845 : B6;
	4846 : 25;
	4847 : 21;
	4848 : B7;
	4849 : DB;
	484A : DB;
	484B : DB;
	484C : DB;
	484D : B2;
	484E : B2;
	484F : 25;
	4850 : 6D;
	4851 : 92;
	4852 : 8E;
	4853 : 8E;
	4854 : 6E;
	4855 : 6D;
	4856 : 6D;
	4857 : 6D;
	4858 : 6D;
	4859 : 6D;
	485A : 6D;
	485B : 6D;
	485C : 6D;
	485D : 6D;
	485E : 25;
	485F : 25;
	4860 : 00;
	4861 : 20;
	4862 : 65;
	4863 : 00;
	4864 : 8D;
	4865 : 00;
	4866 : D6;
	4867 : 65;
	4868 : 6D;
	4869 : 20;
	486A : 00;
	486B : 20;
	486C : 65;
	486D : 64;
	486E : 64;
	486F : 84;
	4870 : 20;
	4871 : 20;
	4872 : 64;
	4873 : 00;
	4874 : 8D;
	4875 : 00;
	4876 : 00;
	4877 : 00;
	4878 : 00;
	4879 : 00;
	487A : 00;
	487B : 00;
	487C : 20;
	487D : 00;
	487E : 20;
	487F : 24;
	4880 : 6D;
	4881 : 92;
	4882 : 92;
	4883 : B2;
	4884 : 8E;
	4885 : 01;
	4886 : 92;
	4887 : 92;
	4888 : B7;
	4889 : DB;
	488A : DB;
	488B : DB;
	488C : DB;
	488D : B7;
	488E : B2;
	488F : 25;
	4890 : 6D;
	4891 : 8E;
	4892 : 8D;
	4893 : 8D;
	4894 : 8D;
	4895 : 6D;
	4896 : 6D;
	4897 : 6D;
	4898 : 6D;
	4899 : 6D;
	489A : 6D;
	489B : 6D;
	489C : 6D;
	489D : 6D;
	489E : 6D;
	489F : 65;
	48A0 : 00;
	48A1 : 60;
	48A2 : 65;
	48A3 : 00;
	48A4 : 92;
	48A5 : 91;
	48A6 : 24;
	48A7 : 64;
	48A8 : 8D;
	48A9 : 24;
	48AA : 00;
	48AB : 00;
	48AC : 00;
	48AD : 00;
	48AE : 00;
	48AF : 64;
	48B0 : 20;
	48B1 : 64;
	48B2 : 64;
	48B3 : 00;
	48B4 : 6D;
	48B5 : 00;
	48B6 : 00;
	48B7 : 00;
	48B8 : 00;
	48B9 : 00;
	48BA : 00;
	48BB : 20;
	48BC : 00;
	48BD : 20;
	48BE : 20;
	48BF : 24;
	48C0 : 6E;
	48C1 : B2;
	48C2 : B2;
	48C3 : B6;
	48C4 : 8E;
	48C5 : 21;
	48C6 : B2;
	48C7 : B2;
	48C8 : B6;
	48C9 : DB;
	48CA : DB;
	48CB : DB;
	48CC : DB;
	48CD : DB;
	48CE : B2;
	48CF : 65;
	48D0 : 6D;
	48D1 : 8E;
	48D2 : B2;
	48D3 : B2;
	48D4 : 92;
	48D5 : 92;
	48D6 : 92;
	48D7 : 92;
	48D8 : 92;
	48D9 : 92;
	48DA : 92;
	48DB : 92;
	48DC : 92;
	48DD : 6D;
	48DE : 65;
	48DF : 65;
	48E0 : 20;
	48E1 : 85;
	48E2 : 00;
	48E3 : 91;
	48E4 : B1;
	48E5 : 91;
	48E6 : 8D;
	48E7 : 8D;
	48E8 : 8D;
	48E9 : 8D;
	48EA : B6;
	48EB : 6D;
	48EC : B2;
	48ED : 6D;
	48EE : B6;
	48EF : 20;
	48F0 : B2;
	48F1 : 91;
	48F2 : 6D;
	48F3 : 91;
	48F4 : 65;
	48F5 : 8D;
	48F6 : 8D;
	48F7 : 24;
	48F8 : 24;
	48F9 : 24;
	48FA : 24;
	48FB : 00;
	48FC : 65;
	48FD : 00;
	48FE : 24;
	48FF : 24;
	4900 : 25;
	4901 : 6D;
	4902 : 8E;
	4903 : 8E;
	4904 : 21;
	4905 : B2;
	4906 : B2;
	4907 : B6;
	4908 : DB;
	4909 : DB;
	490A : DB;
	490B : DB;
	490C : DB;
	490D : DB;
	490E : B2;
	490F : 8E;
	4910 : 6E;
	4911 : 25;
	4912 : B2;
	4913 : B2;
	4914 : B6;
	4915 : B2;
	4916 : 92;
	4917 : 92;
	4918 : 92;
	4919 : 92;
	491A : 92;
	491B : 92;
	491C : 92;
	491D : 6D;
	491E : 65;
	491F : 65;
	4920 : 20;
	4921 : 8D;
	4922 : 00;
	4923 : 8D;
	4924 : 8D;
	4925 : 8D;
	4926 : 8D;
	4927 : 6D;
	4928 : 6D;
	4929 : 6D;
	492A : B2;
	492B : B2;
	492C : 8D;
	492D : 8D;
	492E : 64;
	492F : 24;
	4930 : 8D;
	4931 : 92;
	4932 : 92;
	4933 : 71;
	4934 : 6D;
	4935 : 65;
	4936 : 8D;
	4937 : 20;
	4938 : 24;
	4939 : 24;
	493A : 24;
	493B : 00;
	493C : 00;
	493D : 00;
	493E : 20;
	493F : 20;
	4940 : B2;
	4941 : 25;
	4942 : 25;
	4943 : 25;
	4944 : B2;
	4945 : B2;
	4946 : B2;
	4947 : DB;
	4948 : DB;
	4949 : DB;
	494A : DB;
	494B : DB;
	494C : DB;
	494D : DB;
	494E : B2;
	494F : 8E;
	4950 : 6E;
	4951 : 25;
	4952 : 92;
	4953 : 92;
	4954 : 92;
	4955 : 92;
	4956 : 92;
	4957 : 92;
	4958 : 92;
	4959 : 92;
	495A : 92;
	495B : 8E;
	495C : 6D;
	495D : 6D;
	495E : 65;
	495F : 65;
	4960 : 20;
	4961 : 20;
	4962 : 00;
	4963 : 00;
	4964 : 00;
	4965 : 00;
	4966 : 00;
	4967 : 00;
	4968 : 00;
	4969 : 00;
	496A : B2;
	496B : 6D;
	496C : 6D;
	496D : 00;
	496E : B6;
	496F : 00;
	4970 : 00;
	4971 : 00;
	4972 : 00;
	4973 : 00;
	4974 : 00;
	4975 : 00;
	4976 : 00;
	4977 : 65;
	4978 : 24;
	4979 : 24;
	497A : 00;
	497B : 00;
	497C : 00;
	497D : 00;
	497E : 00;
	497F : 24;
	4980 : B2;
	4981 : B2;
	4982 : B2;
	4983 : B2;
	4984 : B2;
	4985 : B2;
	4986 : DB;
	4987 : DB;
	4988 : DB;
	4989 : DB;
	498A : DB;
	498B : DB;
	498C : DB;
	498D : DB;
	498E : B2;
	498F : 8E;
	4990 : 6E;
	4991 : 25;
	4992 : 92;
	4993 : 92;
	4994 : 92;
	4995 : 92;
	4996 : 92;
	4997 : 92;
	4998 : 92;
	4999 : 92;
	499A : 92;
	499B : 6E;
	499C : 6D;
	499D : 6D;
	499E : 6D;
	499F : 65;
	49A0 : 65;
	49A1 : 00;
	49A2 : 8D;
	49A3 : 00;
	49A4 : DA;
	49A5 : 00;
	49A6 : 6D;
	49A7 : 65;
	49A8 : 24;
	49A9 : 24;
	49AA : 20;
	49AB : 00;
	49AC : 20;
	49AD : 20;
	49AE : 00;
	49AF : 20;
	49B0 : 20;
	49B1 : 20;
	49B2 : 25;
	49B3 : 00;
	49B4 : 6D;
	49B5 : 00;
	49B6 : 00;
	49B7 : 65;
	49B8 : 24;
	49B9 : 24;
	49BA : 00;
	49BB : FE;
	49BC : AD;
	49BD : 00;
	49BE : 20;
	49BF : 24;
	49C0 : DB;
	49C1 : B6;
	49C2 : B2;
	49C3 : B2;
	49C4 : B2;
	49C5 : DB;
	49C6 : DB;
	49C7 : DB;
	49C8 : DB;
	49C9 : DB;
	49CA : DB;
	49CB : DB;
	49CC : DB;
	49CD : D7;
	49CE : B2;
	49CF : 6E;
	49D0 : 6E;
	49D1 : 25;
	49D2 : 92;
	49D3 : 92;
	49D4 : 92;
	49D5 : 92;
	49D6 : 92;
	49D7 : 92;
	49D8 : 92;
	49D9 : 92;
	49DA : 92;
	49DB : 8E;
	49DC : 6E;
	49DD : 6D;
	49DE : 6D;
	49DF : 65;
	49E0 : 6D;
	49E1 : 6D;
	49E2 : 20;
	49E3 : AD;
	49E4 : 00;
	49E5 : 65;
	49E6 : 00;
	49E7 : 8D;
	49E8 : 6D;
	49E9 : 24;
	49EA : 24;
	49EB : 65;
	49EC : 65;
	49ED : 65;
	49EE : 65;
	49EF : 24;
	49F0 : 20;
	49F1 : 65;
	49F2 : 65;
	49F3 : 8D;
	49F4 : 00;
	49F5 : 00;
	49F6 : 20;
	49F7 : 24;
	49F8 : 24;
	49F9 : 24;
	49FA : 00;
	49FB : D6;
	49FC : 00;
	49FD : 00;
	49FE : 24;
	49FF : 00;
	4A00 : DB;
	4A01 : DB;
	4A02 : DB;
	4A03 : DB;
	4A04 : DB;
	4A05 : DB;
	4A06 : DB;
	4A07 : DB;
	4A08 : DB;
	4A09 : DB;
	4A0A : DB;
	4A0B : DB;
	4A0C : DB;
	4A0D : B7;
	4A0E : B2;
	4A0F : 8E;
	4A10 : 6E;
	4A11 : 25;
	4A12 : 92;
	4A13 : 92;
	4A14 : 92;
	4A15 : 92;
	4A16 : 92;
	4A17 : 92;
	4A18 : 92;
	4A19 : 92;
	4A1A : 92;
	4A1B : 6E;
	4A1C : 6D;
	4A1D : 6D;
	4A1E : 6D;
	4A1F : 65;
	4A20 : 25;
	4A21 : 91;
	4A22 : 6D;
	4A23 : 25;
	4A24 : 00;
	4A25 : 24;
	4A26 : 6D;
	4A27 : 65;
	4A28 : 00;
	4A29 : 6D;
	4A2A : 6D;
	4A2B : 65;
	4A2C : 24;
	4A2D : 24;
	4A2E : 24;
	4A2F : 8D;
	4A30 : 91;
	4A31 : 00;
	4A32 : 00;
	4A33 : 00;
	4A34 : 00;
	4A35 : 00;
	4A36 : 24;
	4A37 : 24;
	4A38 : 24;
	4A39 : 24;
	4A3A : 00;
	4A3B : 6C;
	4A3C : 24;
	4A3D : 00;
	4A3E : 20;
	4A3F : 00;
	4A40 : DB;
	4A41 : DB;
	4A42 : DB;
	4A43 : DB;
	4A44 : DB;
	4A45 : DB;
	4A46 : DB;
	4A47 : DB;
	4A48 : DB;
	4A49 : DB;
	4A4A : DB;
	4A4B : DB;
	4A4C : DB;
	4A4D : B2;
	4A4E : B6;
	4A4F : 8E;
	4A50 : 6E;
	4A51 : 25;
	4A52 : 92;
	4A53 : 92;
	4A54 : 92;
	4A55 : 92;
	4A56 : 92;
	4A57 : 92;
	4A58 : 92;
	4A59 : 92;
	4A5A : 92;
	4A5B : 6E;
	4A5C : 6D;
	4A5D : 6D;
	4A5E : 6D;
	4A5F : 6D;
	4A60 : 25;
	4A61 : 6D;
	4A62 : 6D;
	4A63 : 65;
	4A64 : 65;
	4A65 : 00;
	4A66 : 6D;
	4A67 : 6D;
	4A68 : 8D;
	4A69 : 00;
	4A6A : 24;
	4A6B : 65;
	4A6C : 65;
	4A6D : 6D;
	4A6E : 24;
	4A6F : AD;
	4A70 : AD;
	4A71 : 8D;
	4A72 : 00;
	4A73 : 8D;
	4A74 : 00;
	4A75 : 20;
	4A76 : 00;
	4A77 : 24;
	4A78 : 24;
	4A79 : 24;
	4A7A : 00;
	4A7B : B5;
	4A7C : 6D;
	4A7D : 00;
	4A7E : 20;
	4A7F : 00;
	4A80 : DB;
	4A81 : DB;
	4A82 : DB;
	4A83 : DB;
	4A84 : DB;
	4A85 : DB;
	4A86 : DB;
	4A87 : DB;
	4A88 : DB;
	4A89 : DB;
	4A8A : DB;
	4A8B : DB;
	4A8C : DB;
	4A8D : B2;
	4A8E : B2;
	4A8F : 8E;
	4A90 : 6E;
	4A91 : 25;
	4A92 : 92;
	4A93 : 92;
	4A94 : 92;
	4A95 : 92;
	4A96 : 92;
	4A97 : 92;
	4A98 : 92;
	4A99 : 92;
	4A9A : 6E;
	4A9B : 6D;
	4A9C : 6D;
	4A9D : 6D;
	4A9E : 6D;
	4A9F : 65;
	4AA0 : 25;
	4AA1 : 6D;
	4AA2 : 6D;
	4AA3 : 6D;
	4AA4 : 65;
	4AA5 : 25;
	4AA6 : 25;
	4AA7 : 25;
	4AA8 : 00;
	4AA9 : 00;
	4AAA : 65;
	4AAB : 65;
	4AAC : 65;
	4AAD : 24;
	4AAE : 64;
	4AAF : AD;
	4AB0 : AD;
	4AB1 : B1;
	4AB2 : 00;
	4AB3 : 00;
	4AB4 : 00;
	4AB5 : B1;
	4AB6 : 91;
	4AB7 : 00;
	4AB8 : 00;
	4AB9 : 00;
	4ABA : 91;
	4ABB : 00;
	4ABC : 00;
	4ABD : 00;
	4ABE : 20;
	4ABF : 20;
	4AC0 : DB;
	4AC1 : DB;
	4AC2 : DB;
	4AC3 : DB;
	4AC4 : DB;
	4AC5 : DB;
	4AC6 : DB;
	4AC7 : DB;
	4AC8 : DB;
	4AC9 : B2;
	4ACA : DB;
	4ACB : DB;
	4ACC : DB;
	4ACD : B2;
	4ACE : B2;
	4ACF : 65;
	4AD0 : 6D;
	4AD1 : 6E;
	4AD2 : 92;
	4AD3 : 92;
	4AD4 : 92;
	4AD5 : 92;
	4AD6 : 92;
	4AD7 : 92;
	4AD8 : 92;
	4AD9 : 92;
	4ADA : 6E;
	4ADB : 6D;
	4ADC : 6D;
	4ADD : 6D;
	4ADE : 6D;
	4ADF : 65;
	4AE0 : 25;
	4AE1 : 6D;
	4AE2 : 6D;
	4AE3 : 6D;
	4AE4 : 6D;
	4AE5 : 65;
	4AE6 : 25;
	4AE7 : 25;
	4AE8 : 24;
	4AE9 : 00;
	4AEA : 00;
	4AEB : 00;
	4AEC : 00;
	4AED : 00;
	4AEE : 00;
	4AEF : 65;
	4AF0 : 6D;
	4AF1 : 00;
	4AF2 : 00;
	4AF3 : 24;
	4AF4 : 00;
	4AF5 : 00;
	4AF6 : 00;
	4AF7 : 6D;
	4AF8 : 6D;
	4AF9 : 6D;
	4AFA : 00;
	4AFB : 00;
	4AFC : 00;
	4AFD : 00;
	4AFE : 20;
	4AFF : 20;
	4B00 : DB;
	4B01 : DB;
	4B02 : DB;
	4B03 : DB;
	4B04 : DB;
	4B05 : DB;
	4B06 : DB;
	4B07 : DB;
	4B08 : DB;
	4B09 : B2;
	4B0A : DB;
	4B0B : DB;
	4B0C : DB;
	4B0D : B2;
	4B0E : 6D;
	4B0F : 65;
	4B10 : 6D;
	4B11 : 92;
	4B12 : 92;
	4B13 : 92;
	4B14 : 92;
	4B15 : 92;
	4B16 : 92;
	4B17 : 92;
	4B18 : 92;
	4B19 : 92;
	4B1A : 6E;
	4B1B : 6D;
	4B1C : 6D;
	4B1D : 6D;
	4B1E : 6D;
	4B1F : 25;
	4B20 : 25;
	4B21 : 6D;
	4B22 : 8D;
	4B23 : 6D;
	4B24 : 6D;
	4B25 : 6D;
	4B26 : 25;
	4B27 : 24;
	4B28 : 24;
	4B29 : 20;
	4B2A : 20;
	4B2B : 24;
	4B2C : 00;
	4B2D : 00;
	4B2E : 8D;
	4B2F : 24;
	4B30 : 00;
	4B31 : 00;
	4B32 : 24;
	4B33 : 24;
	4B34 : 24;
	4B35 : 00;
	4B36 : 00;
	4B37 : 24;
	4B38 : 20;
	4B39 : 24;
	4B3A : 00;
	4B3B : 24;
	4B3C : 24;
	4B3D : 00;
	4B3E : 20;
	4B3F : 20;
	4B40 : DB;
	4B41 : DB;
	4B42 : DB;
	4B43 : DB;
	4B44 : DB;
	4B45 : DB;
	4B46 : DB;
	4B47 : DB;
	4B48 : DB;
	4B49 : B2;
	4B4A : DB;
	4B4B : DB;
	4B4C : B2;
	4B4D : 8D;
	4B4E : 6D;
	4B4F : 8E;
	4B50 : 6D;
	4B51 : 92;
	4B52 : 92;
	4B53 : 92;
	4B54 : 92;
	4B55 : 92;
	4B56 : 92;
	4B57 : 92;
	4B58 : 92;
	4B59 : 8E;
	4B5A : 6D;
	4B5B : 6D;
	4B5C : 6D;
	4B5D : 6D;
	4B5E : 6D;
	4B5F : 25;
	4B60 : 25;
	4B61 : 6D;
	4B62 : 6D;
	4B63 : 6D;
	4B64 : 6D;
	4B65 : 6D;
	4B66 : 25;
	4B67 : 24;
	4B68 : 24;
	4B69 : 24;
	4B6A : 24;
	4B6B : 00;
	4B6C : 00;
	4B6D : B1;
	4B6E : 00;
	4B6F : 00;
	4B70 : 00;
	4B71 : 24;
	4B72 : 24;
	4B73 : 24;
	4B74 : 24;
	4B75 : 24;
	4B76 : 24;
	4B77 : 24;
	4B78 : 24;
	4B79 : 20;
	4B7A : 24;
	4B7B : 24;
	4B7C : 24;
	4B7D : 00;
	4B7E : 20;
	4B7F : 20;
	4B80 : DB;
	4B81 : DB;
	4B82 : DB;
	4B83 : DB;
	4B84 : DB;
	4B85 : DB;
	4B86 : DB;
	4B87 : 92;
	4B88 : B6;
	4B89 : DB;
	4B8A : DB;
	4B8B : 92;
	4B8C : 92;
	4B8D : 6D;
	4B8E : 8D;
	4B8F : B2;
	4B90 : 92;
	4B91 : 92;
	4B92 : 92;
	4B93 : 92;
	4B94 : 92;
	4B95 : 92;
	4B96 : 92;
	4B97 : 92;
	4B98 : 8E;
	4B99 : 8E;
	4B9A : 6D;
	4B9B : 6D;
	4B9C : 6D;
	4B9D : 6D;
	4B9E : 6D;
	4B9F : 25;
	4BA0 : 25;
	4BA1 : 6D;
	4BA2 : 6D;
	4BA3 : 6D;
	4BA4 : 6D;
	4BA5 : 2D;
	4BA6 : 25;
	4BA7 : 24;
	4BA8 : 00;
	4BA9 : 24;
	4BAA : 00;
	4BAB : 00;
	4BAC : 24;
	4BAD : 00;
	4BAE : 00;
	4BAF : 24;
	4BB0 : 24;
	4BB1 : 24;
	4BB2 : 24;
	4BB3 : 24;
	4BB4 : 24;
	4BB5 : 24;
	4BB6 : 24;
	4BB7 : 24;
	4BB8 : 24;
	4BB9 : 24;
	4BBA : 24;
	4BBB : 24;
	4BBC : 24;
	4BBD : 00;
	4BBE : 20;
	4BBF : 20;
	4BC0 : DB;
	4BC1 : DB;
	4BC2 : DB;
	4BC3 : DB;
	4BC4 : DB;
	4BC5 : DB;
	4BC6 : DB;
	4BC7 : 92;
	4BC8 : B6;
	4BC9 : DB;
	4BCA : B2;
	4BCB : B2;
	4BCC : 65;
	4BCD : 92;
	4BCE : B6;
	4BCF : B2;
	4BD0 : 92;
	4BD1 : 92;
	4BD2 : 92;
	4BD3 : 92;
	4BD4 : 92;
	4BD5 : 92;
	4BD6 : 92;
	4BD7 : 92;
	4BD8 : 8E;
	4BD9 : 6E;
	4BDA : 6D;
	4BDB : 6D;
	4BDC : 6D;
	4BDD : 6D;
	4BDE : 6D;
	4BDF : 25;
	4BE0 : 25;
	4BE1 : 6D;
	4BE2 : 6D;
	4BE3 : 6D;
	4BE4 : 6D;
	4BE5 : 6D;
	4BE6 : 65;
	4BE7 : 00;
	4BE8 : 8D;
	4BE9 : 00;
	4BEA : 00;
	4BEB : 8D;
	4BEC : 00;
	4BED : 00;
	4BEE : 25;
	4BEF : 24;
	4BF0 : 24;
	4BF1 : 24;
	4BF2 : 24;
	4BF3 : 24;
	4BF4 : 24;
	4BF5 : 24;
	4BF6 : 24;
	4BF7 : 24;
	4BF8 : 24;
	4BF9 : 24;
	4BFA : 24;
	4BFB : 24;
	4BFC : 24;
	4BFD : 20;
	4BFE : 00;
	4BFF : 20;
	4C00 : DB;
	4C01 : DB;
	4C02 : DB;
	4C03 : DB;
	4C04 : DB;
	4C05 : DB;
	4C06 : B2;
	4C07 : D7;
	4C08 : DB;
	4C09 : DB;
	4C0A : B6;
	4C0B : 6D;
	4C0C : 8D;
	4C0D : 8E;
	4C0E : 92;
	4C0F : 92;
	4C10 : 92;
	4C11 : 92;
	4C12 : 92;
	4C13 : 92;
	4C14 : 92;
	4C15 : 92;
	4C16 : 8E;
	4C17 : 8E;
	4C18 : 6D;
	4C19 : 6D;
	4C1A : 6D;
	4C1B : 6D;
	4C1C : 6D;
	4C1D : 6D;
	4C1E : 6D;
	4C1F : 25;
	4C20 : 25;
	4C21 : 6D;
	4C22 : 6D;
	4C23 : 6D;
	4C24 : 6D;
	4C25 : 00;
	4C26 : 8D;
	4C27 : 00;
	4C28 : 20;
	4C29 : 20;
	4C2A : 00;
	4C2B : 65;
	4C2C : 00;
	4C2D : 64;
	4C2E : 24;
	4C2F : 24;
	4C30 : 24;
	4C31 : 24;
	4C32 : 24;
	4C33 : 24;
	4C34 : 24;
	4C35 : 24;
	4C36 : 24;
	4C37 : 24;
	4C38 : 24;
	4C39 : 24;
	4C3A : 24;
	4C3B : 24;
	4C3C : 24;
	4C3D : 24;
	4C3E : 24;
	4C3F : 20;
	4C40 : DB;
	4C41 : DB;
	4C42 : DB;
	4C43 : DB;
	4C44 : DB;
	4C45 : B2;
	4C46 : B2;
	4C47 : B2;
	4C48 : B6;
	4C49 : B2;
	4C4A : 8D;
	4C4B : 92;
	4C4C : 8E;
	4C4D : 6E;
	4C4E : 92;
	4C4F : 92;
	4C50 : 92;
	4C51 : 92;
	4C52 : 92;
	4C53 : 92;
	4C54 : 92;
	4C55 : 92;
	4C56 : 8E;
	4C57 : 8E;
	4C58 : 6D;
	4C59 : 6D;
	4C5A : 6D;
	4C5B : 6D;
	4C5C : 6D;
	4C5D : 6D;
	4C5E : 6D;
	4C5F : 25;
	4C60 : 25;
	4C61 : 6D;
	4C62 : 00;
	4C63 : 00;
	4C64 : 91;
	4C65 : 00;
	4C66 : 00;
	4C67 : 6D;
	4C68 : 64;
	4C69 : FF;
	4C6A : 00;
	4C6B : 00;
	4C6C : 00;
	4C6D : 00;
	4C6E : 24;
	4C6F : 24;
	4C70 : 24;
	4C71 : 24;
	4C72 : 24;
	4C73 : 24;
	4C74 : 24;
	4C75 : 24;
	4C76 : 24;
	4C77 : 24;
	4C78 : 24;
	4C79 : 24;
	4C7A : 24;
	4C7B : 24;
	4C7C : 24;
	4C7D : 24;
	4C7E : 24;
	4C7F : 20;
	4C80 : DB;
	4C81 : 92;
	4C82 : DB;
	4C83 : DB;
	4C84 : 92;
	4C85 : B2;
	4C86 : B2;
	4C87 : 6D;
	4C88 : 6D;
	4C89 : 6D;
	4C8A : 65;
	4C8B : 8E;
	4C8C : 6E;
	4C8D : 92;
	4C8E : 92;
	4C8F : 92;
	4C90 : 92;
	4C91 : 92;
	4C92 : 92;
	4C93 : 92;
	4C94 : 92;
	4C95 : 92;
	4C96 : 8E;
	4C97 : 6D;
	4C98 : 6D;
	4C99 : 6D;
	4C9A : 6D;
	4C9B : 6D;
	4C9C : 6D;
	4C9D : 6D;
	4C9E : 6D;
	4C9F : 25;
	4CA0 : 00;
	4CA1 : 20;
	4CA2 : 6D;
	4CA3 : 24;
	4CA4 : 00;
	4CA5 : 91;
	4CA6 : FE;
	4CA7 : 24;
	4CA8 : B5;
	4CA9 : 64;
	4CAA : DA;
	4CAB : 92;
	4CAC : FF;
	4CAD : 8D;
	4CAE : 24;
	4CAF : 24;
	4CB0 : 24;
	4CB1 : 24;
	4CB2 : 24;
	4CB3 : 24;
	4CB4 : 24;
	4CB5 : 24;
	4CB6 : 24;
	4CB7 : 24;
	4CB8 : 24;
	4CB9 : 24;
	4CBA : 24;
	4CBB : 04;
	4CBC : 24;
	4CBD : 24;
	4CBE : 24;
	4CBF : 00;
	4CC0 : 92;
	4CC1 : B2;
	4CC2 : B2;
	4CC3 : B2;
	4CC4 : B2;
	4CC5 : B2;
	4CC6 : 92;
	4CC7 : 65;
	4CC8 : 6D;
	4CC9 : 65;
	4CCA : 6D;
	4CCB : 6D;
	4CCC : 92;
	4CCD : 92;
	4CCE : 92;
	4CCF : 92;
	4CD0 : 92;
	4CD1 : 92;
	4CD2 : 92;
	4CD3 : 92;
	4CD4 : 92;
	4CD5 : 8E;
	4CD6 : 6D;
	4CD7 : 6D;
	4CD8 : 6D;
	4CD9 : 6D;
	4CDA : 6D;
	4CDB : 6D;
	4CDC : 6D;
	4CDD : 6D;
	4CDE : 6D;
	4CDF : 20;
	4CE0 : DA;
	4CE1 : 8D;
	4CE2 : 24;
	4CE3 : FE;
	4CE4 : FF;
	4CE5 : 8C;
	4CE6 : 8C;
	4CE7 : 00;
	4CE8 : 6C;
	4CE9 : 64;
	4CEA : FB;
	4CEB : B2;
	4CEC : 00;
	4CED : 00;
	4CEE : 24;
	4CEF : 24;
	4CF0 : 24;
	4CF1 : 24;
	4CF2 : 24;
	4CF3 : 24;
	4CF4 : 24;
	4CF5 : 24;
	4CF6 : 24;
	4CF7 : 24;
	4CF8 : 24;
	4CF9 : 24;
	4CFA : 24;
	4CFB : 24;
	4CFC : 24;
	4CFD : 24;
	4CFE : 24;
	4CFF : 00;
	4D00 : B2;
	4D01 : B2;
	4D02 : B2;
	4D03 : B2;
	4D04 : B2;
	4D05 : 65;
	4D06 : 65;
	4D07 : 8D;
	4D08 : 8E;
	4D09 : 8E;
	4D0A : 8E;
	4D0B : 92;
	4D0C : 92;
	4D0D : 92;
	4D0E : 92;
	4D0F : 92;
	4D10 : 92;
	4D11 : 92;
	4D12 : 8E;
	4D13 : 8E;
	4D14 : 8D;
	4D15 : 6D;
	4D16 : 6D;
	4D17 : 6D;
	4D18 : 6D;
	4D19 : 6D;
	4D1A : 6D;
	4D1B : 6D;
	4D1C : 6D;
	4D1D : 6D;
	4D1E : 00;
	4D1F : 00;
	4D20 : D6;
	4D21 : 00;
	4D22 : 24;
	4D23 : 00;
	4D24 : 24;
	4D25 : 8D;
	4D26 : 91;
	4D27 : 64;
	4D28 : 91;
	4D29 : 8D;
	4D2A : 00;
	4D2B : FF;
	4D2C : 6D;
	4D2D : 00;
	4D2E : 24;
	4D2F : 20;
	4D30 : 24;
	4D31 : 24;
	4D32 : 24;
	4D33 : 24;
	4D34 : 24;
	4D35 : 24;
	4D36 : 24;
	4D37 : 24;
	4D38 : 24;
	4D39 : 04;
	4D3A : 24;
	4D3B : 24;
	4D3C : 24;
	4D3D : 24;
	4D3E : 24;
	4D3F : 00;
	4D40 : B2;
	4D41 : B2;
	4D42 : 92;
	4D43 : 6D;
	4D44 : 6D;
	4D45 : 6D;
	4D46 : 6D;
	4D47 : 6D;
	4D48 : 6D;
	4D49 : 6D;
	4D4A : 92;
	4D4B : 92;
	4D4C : 92;
	4D4D : 92;
	4D4E : 92;
	4D4F : 92;
	4D50 : 92;
	4D51 : 92;
	4D52 : 8E;
	4D53 : 6E;
	4D54 : 6D;
	4D55 : 6D;
	4D56 : 6D;
	4D57 : 8D;
	4D58 : 8D;
	4D59 : 6D;
	4D5A : 6D;
	4D5B : 6D;
	4D5C : 6D;
	4D5D : 25;
	4D5E : 00;
	4D5F : B1;
	4D60 : 00;
	4D61 : 00;
	4D62 : 00;
	4D63 : 00;
	4D64 : 00;
	4D65 : 64;
	4D66 : FF;
	4D67 : 20;
	4D68 : 8D;
	4D69 : 8D;
	4D6A : 00;
	4D6B : 65;
	4D6C : 00;
	4D6D : 00;
	4D6E : 20;
	4D6F : 00;
	4D70 : 24;
	4D71 : 24;
	4D72 : 24;
	4D73 : 24;
	4D74 : 24;
	4D75 : 24;
	4D76 : 24;
	4D77 : 24;
	4D78 : 24;
	4D79 : 24;
	4D7A : 24;
	4D7B : 24;
	4D7C : 24;
	4D7D : 24;
	4D7E : 24;
	4D7F : 00;
	4D80 : 6D;
	4D81 : 8D;
	4D82 : 8D;
	4D83 : 6D;
	4D84 : 6D;
	4D85 : 6D;
	4D86 : 6D;
	4D87 : 92;
	4D88 : 92;
	4D89 : 92;
	4D8A : 92;
	4D8B : 92;
	4D8C : 92;
	4D8D : 92;
	4D8E : 92;
	4D8F : 8E;
	4D90 : 92;
	4D91 : 8E;
	4D92 : 6D;
	4D93 : 6D;
	4D94 : 6D;
	4D95 : 6D;
	4D96 : 6D;
	4D97 : 6D;
	4D98 : 6D;
	4D99 : 6D;
	4D9A : 6D;
	4D9B : 6D;
	4D9C : 6D;
	4D9D : 25;
	4D9E : 24;
	4D9F : 00;
	4DA0 : 00;
	4DA1 : 8D;
	4DA2 : 65;
	4DA3 : 00;
	4DA4 : 00;
	4DA5 : 64;
	4DA6 : 20;
	4DA7 : 64;
	4DA8 : AD;
	4DA9 : B2;
	4DAA : 00;
	4DAB : 00;
	4DAC : 00;
	4DAD : 00;
	4DAE : 24;
	4DAF : 00;
	4DB0 : 00;
	4DB1 : 20;
	4DB2 : 20;
	4DB3 : 24;
	4DB4 : 24;
	4DB5 : 24;
	4DB6 : 24;
	4DB7 : 24;
	4DB8 : 24;
	4DB9 : 24;
	4DBA : 24;
	4DBB : 24;
	4DBC : 24;
	4DBD : 24;
	4DBE : 24;
	4DBF : 20;
	4DC0 : 65;
	4DC1 : 65;
	4DC2 : 65;
	4DC3 : 8D;
	4DC4 : 8D;
	4DC5 : 92;
	4DC6 : 92;
	4DC7 : 92;
	4DC8 : 92;
	4DC9 : 92;
	4DCA : 92;
	4DCB : 92;
	4DCC : 92;
	4DCD : 92;
	4DCE : 92;
	4DCF : 6E;
	4DD0 : 72;
	4DD1 : 6D;
	4DD2 : 6D;
	4DD3 : 6D;
	4DD4 : 6D;
	4DD5 : 8D;
	4DD6 : 6D;
	4DD7 : 6D;
	4DD8 : 6D;
	4DD9 : 6D;
	4DDA : 6D;
	4DDB : 25;
	4DDC : 25;
	4DDD : 25;
	4DDE : 24;
	4DDF : 00;
	4DE0 : 6D;
	4DE1 : 24;
	4DE2 : 00;
	4DE3 : 24;
	4DE4 : 00;
	4DE5 : 65;
	4DE6 : 65;
	4DE7 : 20;
	4DE8 : 20;
	4DE9 : 00;
	4DEA : 00;
	4DEB : 00;
	4DEC : 00;
	4DED : 00;
	4DEE : 00;
	4DEF : 20;
	4DF0 : 20;
	4DF1 : 24;
	4DF2 : 24;
	4DF3 : 24;
	4DF4 : 24;
	4DF5 : 24;
	4DF6 : 24;
	4DF7 : 24;
	4DF8 : 24;
	4DF9 : 24;
	4DFA : 24;
	4DFB : 24;
	4DFC : 24;
	4DFD : 24;
	4DFE : 24;
	4DFF : 00;
	4E00 : 65;
	4E01 : 6D;
	4E02 : 6D;
	4E03 : 92;
	4E04 : 92;
	4E05 : 92;
	4E06 : 92;
	4E07 : 92;
	4E08 : 92;
	4E09 : 92;
	4E0A : 92;
	4E0B : 92;
	4E0C : 92;
	4E0D : 92;
	4E0E : 6E;
	4E0F : 6D;
	4E10 : 6D;
	4E11 : 6D;
	4E12 : 6D;
	4E13 : 6D;
	4E14 : 6D;
	4E15 : 6D;
	4E16 : 6D;
	4E17 : 6D;
	4E18 : 6D;
	4E19 : 6D;
	4E1A : 6D;
	4E1B : 25;
	4E1C : 25;
	4E1D : 24;
	4E1E : 24;
	4E1F : 24;
	4E20 : 00;
	4E21 : 00;
	4E22 : 8D;
	4E23 : 64;
	4E24 : 00;
	4E25 : 6D;
	4E26 : 00;
	4E27 : 00;
	4E28 : 00;
	4E29 : 00;
	4E2A : 00;
	4E2B : 24;
	4E2C : 24;
	4E2D : 00;
	4E2E : 00;
	4E2F : 24;
	4E30 : 20;
	4E31 : 24;
	4E32 : 24;
	4E33 : 24;
	4E34 : 24;
	4E35 : 24;
	4E36 : 24;
	4E37 : 24;
	4E38 : 24;
	4E39 : 24;
	4E3A : 24;
	4E3B : 24;
	4E3C : 24;
	4E3D : 24;
	4E3E : 24;
	4E3F : 24;
	4E40 : 25;
	4E41 : 6D;
	4E42 : 6D;
	4E43 : 92;
	4E44 : 92;
	4E45 : 92;
	4E46 : 92;
	4E47 : 92;
	4E48 : 92;
	4E49 : 92;
	4E4A : 92;
	4E4B : 92;
	4E4C : 6D;
	4E4D : 6E;
	4E4E : 6D;
	4E4F : 6D;
	4E50 : 6D;
	4E51 : 6D;
	4E52 : 6D;
	4E53 : 6D;
	4E54 : 6D;
	4E55 : 6D;
	4E56 : 6D;
	4E57 : 6D;
	4E58 : 6D;
	4E59 : 6D;
	4E5A : 6D;
	4E5B : 25;
	4E5C : 24;
	4E5D : 24;
	4E5E : 24;
	4E5F : 24;
	4E60 : 24;
	4E61 : 6D;
	4E62 : 6D;
	4E63 : 00;
	4E64 : 00;
	4E65 : 00;
	4E66 : 20;
	4E67 : 00;
	4E68 : 24;
	4E69 : 24;
	4E6A : 24;
	4E6B : 24;
	4E6C : 24;
	4E6D : 00;
	4E6E : 20;
	4E6F : 24;
	4E70 : 24;
	4E71 : 24;
	4E72 : 24;
	4E73 : 24;
	4E74 : 24;
	4E75 : 24;
	4E76 : 24;
	4E77 : 24;
	4E78 : 24;
	4E79 : 24;
	4E7A : 24;
	4E7B : 24;
	4E7C : 24;
	4E7D : 24;
	4E7E : 24;
	4E7F : 24;
	4E80 : 6D;
	4E81 : 92;
	4E82 : 92;
	4E83 : 92;
	4E84 : 92;
	4E85 : 92;
	4E86 : 92;
	4E87 : 6E;
	4E88 : 92;
	4E89 : 6D;
	4E8A : 6D;
	4E8B : 6E;
	4E8C : 6D;
	4E8D : 6D;
	4E8E : 6D;
	4E8F : 6D;
	4E90 : 6D;
	4E91 : 6D;
	4E92 : 6D;
	4E93 : 6D;
	4E94 : 6D;
	4E95 : 6D;
	4E96 : 6D;
	4E97 : 6D;
	4E98 : 6D;
	4E99 : 6D;
	4E9A : 6D;
	4E9B : 24;
	4E9C : 24;
	4E9D : 24;
	4E9E : 24;
	4E9F : 24;
	4EA0 : 24;
	4EA1 : 6D;
	4EA2 : 6D;
	4EA3 : 25;
	4EA4 : 25;
	4EA5 : 00;
	4EA6 : 20;
	4EA7 : 24;
	4EA8 : 24;
	4EA9 : 24;
	4EAA : 24;
	4EAB : 24;
	4EAC : 24;
	4EAD : 00;
	4EAE : 20;
	4EAF : 24;
	4EB0 : 24;
	4EB1 : 24;
	4EB2 : 24;
	4EB3 : 24;
	4EB4 : 24;
	4EB5 : 24;
	4EB6 : 24;
	4EB7 : 24;
	4EB8 : 24;
	4EB9 : 24;
	4EBA : 24;
	4EBB : 24;
	4EBC : 24;
	4EBD : 24;
	4EBE : 24;
	4EBF : 24;
	4EC0 : 6D;
	4EC1 : 92;
	4EC2 : 92;
	4EC3 : 92;
	4EC4 : 8E;
	4EC5 : 92;
	4EC6 : 92;
	4EC7 : 6D;
	4EC8 : 6D;
	4EC9 : 6D;
	4ECA : 6D;
	4ECB : 6D;
	4ECC : 6D;
	4ECD : 6D;
	4ECE : 6D;
	4ECF : 6D;
	4ED0 : 6D;
	4ED1 : 6D;
	4ED2 : 6D;
	4ED3 : 6D;
	4ED4 : 6D;
	4ED5 : 6D;
	4ED6 : 6D;
	4ED7 : 6D;
	4ED8 : 6D;
	4ED9 : 65;
	4EDA : 6D;
	4EDB : 65;
	4EDC : 25;
	4EDD : 24;
	4EDE : 24;
	4EDF : 24;
	4EE0 : 24;
	4EE1 : 6D;
	4EE2 : 6D;
	4EE3 : 25;
	4EE4 : 25;
	4EE5 : 24;
	4EE6 : 24;
	4EE7 : 24;
	4EE8 : 24;
	4EE9 : 24;
	4EEA : 24;
	4EEB : 24;
	4EEC : 24;
	4EED : 24;
	4EEE : 24;
	4EEF : 24;
	4EF0 : 24;
	4EF1 : 24;
	4EF2 : 24;
	4EF3 : 24;
	4EF4 : 24;
	4EF5 : 24;
	4EF6 : 24;
	4EF7 : 24;
	4EF8 : 24;
	4EF9 : 24;
	4EFA : 24;
	4EFB : 24;
	4EFC : 24;
	4EFD : 24;
	4EFE : 24;
	4EFF : 24;
	4F00 : 65;
	4F01 : 91;
	4F02 : 92;
	4F03 : 6D;
	4F04 : 6D;
	4F05 : 91;
	4F06 : 8D;
	4F07 : 6D;
	4F08 : 6D;
	4F09 : 6D;
	4F0A : 6D;
	4F0B : 6D;
	4F0C : 6D;
	4F0D : 6D;
	4F0E : 6D;
	4F0F : 6D;
	4F10 : 6D;
	4F11 : 6D;
	4F12 : 6D;
	4F13 : 6D;
	4F14 : 6D;
	4F15 : 6D;
	4F16 : 6D;
	4F17 : 6D;
	4F18 : 6D;
	4F19 : 6D;
	4F1A : 25;
	4F1B : 2D;
	4F1C : 25;
	4F1D : 24;
	4F1E : 24;
	4F1F : 24;
	4F20 : 24;
	4F21 : 6D;
	4F22 : 6D;
	4F23 : 25;
	4F24 : 24;
	4F25 : 24;
	4F26 : 24;
	4F27 : 24;
	4F28 : 24;
	4F29 : 24;
	4F2A : 24;
	4F2B : 24;
	4F2C : 24;
	4F2D : 24;
	4F2E : 24;
	4F2F : 24;
	4F30 : 24;
	4F31 : 24;
	4F32 : 24;
	4F33 : 24;
	4F34 : 24;
	4F35 : 24;
	4F36 : 24;
	4F37 : 24;
	4F38 : 24;
	4F39 : 24;
	4F3A : 24;
	4F3B : 24;
	4F3C : 24;
	4F3D : 24;
	4F3E : 24;
	4F3F : 20;
	4F40 : 65;
	4F41 : 91;
	4F42 : 91;
	4F43 : 6D;
	4F44 : 6D;
	4F45 : 6D;
	4F46 : 6D;
	4F47 : 6D;
	4F48 : 6D;
	4F49 : 6D;
	4F4A : 6D;
	4F4B : 65;
	4F4C : 65;
	4F4D : 6D;
	4F4E : 6D;
	4F4F : 6D;
	4F50 : 6D;
	4F51 : 6D;
	4F52 : 6D;
	4F53 : 6D;
	4F54 : 6D;
	4F55 : 6D;
	4F56 : 6D;
	4F57 : 6D;
	4F58 : 6D;
	4F59 : 25;
	4F5A : 2D;
	4F5B : 25;
	4F5C : 25;
	4F5D : 24;
	4F5E : 24;
	4F5F : 24;
	4F60 : 24;
	4F61 : 6D;
	4F62 : 6D;
	4F63 : 24;
	4F64 : 24;
	4F65 : 24;
	4F66 : 24;
	4F67 : 24;
	4F68 : 24;
	4F69 : 24;
	4F6A : 24;
	4F6B : 24;
	4F6C : 24;
	4F6D : 24;
	4F6E : 24;
	4F6F : 24;
	4F70 : 24;
	4F71 : 24;
	4F72 : 24;
	4F73 : 24;
	4F74 : 24;
	4F75 : 24;
	4F76 : 24;
	4F77 : 24;
	4F78 : 24;
	4F79 : 24;
	4F7A : 24;
	4F7B : 24;
	4F7C : 24;
	4F7D : 24;
	4F7E : 24;
	4F7F : 00;
	4F80 : 65;
	4F81 : 8D;
	4F82 : 91;
	4F83 : 6D;
	4F84 : 6D;
	4F85 : 6D;
	4F86 : 6D;
	4F87 : 6D;
	4F88 : 6D;
	4F89 : 6D;
	4F8A : 6D;
	4F8B : 65;
	4F8C : 65;
	4F8D : 6D;
	4F8E : 6D;
	4F8F : 6D;
	4F90 : 6D;
	4F91 : 6D;
	4F92 : 6D;
	4F93 : 6D;
	4F94 : 6D;
	4F95 : 6D;
	4F96 : 6D;
	4F97 : 2D;
	4F98 : 25;
	4F99 : 25;
	4F9A : 25;
	4F9B : 25;
	4F9C : 25;
	4F9D : 24;
	4F9E : 24;
	4F9F : 20;
	4FA0 : 24;
	4FA1 : 6D;
	4FA2 : 65;
	4FA3 : 24;
	4FA4 : 24;
	4FA5 : 24;
	4FA6 : 24;
	4FA7 : 24;
	4FA8 : 24;
	4FA9 : 24;
	4FAA : 24;
	4FAB : 24;
	4FAC : 24;
	4FAD : 24;
	4FAE : 24;
	4FAF : 24;
	4FB0 : 24;
	4FB1 : 24;
	4FB2 : 24;
	4FB3 : 24;
	4FB4 : 24;
	4FB5 : 24;
	4FB6 : 24;
	4FB7 : 24;
	4FB8 : 24;
	4FB9 : 24;
	4FBA : 24;
	4FBB : 24;
	4FBC : 24;
	4FBD : 24;
	4FBE : 24;
	4FBF : 24;
	4FC0 : 25;
	4FC1 : 8D;
	4FC2 : 8D;
	4FC3 : 6D;
	4FC4 : 6D;
	4FC5 : 6D;
	4FC6 : 6D;
	4FC7 : 6D;
	4FC8 : 6D;
	4FC9 : 6D;
	4FCA : 6D;
	4FCB : 6D;
	4FCC : 6D;
	4FCD : 6D;
	4FCE : 6D;
	4FCF : 6D;
	4FD0 : 6D;
	4FD1 : 6D;
	4FD2 : 6D;
	4FD3 : 6D;
	4FD4 : 6D;
	4FD5 : 6D;
	4FD6 : 2D;
	4FD7 : 25;
	4FD8 : 25;
	4FD9 : 25;
	4FDA : 25;
	4FDB : 25;
	4FDC : 25;
	4FDD : 24;
	4FDE : 24;
	4FDF : 24;
	4FE0 : 24;
	4FE1 : 65;
	4FE2 : 6D;
	4FE3 : 24;
	4FE4 : 24;
	4FE5 : 24;
	4FE6 : 24;
	4FE7 : 00;
	4FE8 : 00;
	4FE9 : 24;
	4FEA : 24;
	4FEB : 24;
	4FEC : 24;
	4FED : 24;
	4FEE : 24;
	4FEF : 24;
	4FF0 : 24;
	4FF1 : 24;
	4FF2 : 24;
	4FF3 : 24;
	4FF4 : 24;
	4FF5 : 24;
	4FF6 : 24;
	4FF7 : 24;
	4FF8 : 24;
	4FF9 : 24;
	4FFA : 24;
	4FFB : 24;
	4FFC : 24;
	4FFD : 24;
	4FFE : 24;
	4FFF : 04;
END;
