-- Merged MIF file generated by Quartos

DEPTH = 12288;
WIDTH = 8;
ADDRESS_RADIX = HEX;
DATA_RADIX = HEX;

CONTENT BEGIN
	0 : 64;
	1 : 8C;
	2 : 8C;
	3 : 8C;
	4 : 8C;
	5 : 8C;
	6 : 8C;
	7 : 8C;
	8 : 8C;
	9 : 8C;
	A : 8C;
	B : 8C;
	C : 8C;
	D : 8C;
	E : 8C;
	F : 8C;
	10 : 8C;
	11 : 8C;
	12 : 8C;
	13 : 64;
	14 : 64;
	15 : 64;
	16 : 64;
	17 : 64;
	18 : 64;
	19 : 64;
	1A : 64;
	1B : 64;
	1C : 64;
	1D : 20;
	1E : 00;
	1F : 00;
	20 : 64;
	21 : 64;
	22 : 64;
	23 : 64;
	24 : 64;
	25 : 20;
	26 : 20;
	27 : 20;
	28 : 20;
	29 : 20;
	2A : 20;
	2B : 20;
	2C : 20;
	2D : 20;
	2E : 20;
	2F : 20;
	30 : 20;
	31 : 20;
	32 : 20;
	33 : 20;
	34 : 20;
	35 : 20;
	36 : 20;
	37 : 20;
	38 : 20;
	39 : 20;
	3A : 20;
	3B : 20;
	3C : 20;
	3D : 00;
	3E : 00;
	3F : 00;
	40 : 64;
	41 : 8C;
	42 : 8C;
	43 : 8C;
	44 : 8C;
	45 : 8C;
	46 : 8C;
	47 : 8C;
	48 : 8C;
	49 : 8C;
	4A : 8C;
	4B : 8C;
	4C : 8C;
	4D : 8C;
	4E : 8C;
	4F : 8C;
	50 : 8C;
	51 : 8C;
	52 : 8C;
	53 : 64;
	54 : 64;
	55 : 64;
	56 : 64;
	57 : 64;
	58 : 64;
	59 : 64;
	5A : 64;
	5B : 64;
	5C : 64;
	5D : 20;
	5E : 00;
	5F : 00;
	60 : 64;
	61 : 64;
	62 : 64;
	63 : 64;
	64 : 64;
	65 : 20;
	66 : 20;
	67 : 20;
	68 : 20;
	69 : 20;
	6A : 20;
	6B : 20;
	6C : 20;
	6D : 20;
	6E : 20;
	6F : 20;
	70 : 20;
	71 : 20;
	72 : 20;
	73 : 20;
	74 : 20;
	75 : 20;
	76 : 20;
	77 : 20;
	78 : 20;
	79 : 20;
	7A : 20;
	7B : 20;
	7C : 20;
	7D : 00;
	7E : 00;
	7F : 00;
	80 : 64;
	81 : 64;
	82 : 64;
	83 : 64;
	84 : 64;
	85 : 64;
	86 : 64;
	87 : 64;
	88 : 64;
	89 : 20;
	8A : 20;
	8B : 20;
	8C : 20;
	8D : 20;
	8E : 20;
	8F : 20;
	90 : 20;
	91 : 20;
	92 : 20;
	93 : 20;
	94 : 20;
	95 : 20;
	96 : 20;
	97 : 20;
	98 : 20;
	99 : 20;
	9A : 20;
	9B : 64;
	9C : 64;
	9D : 20;
	9E : 00;
	9F : 00;
	A0 : 64;
	A1 : 64;
	A2 : 64;
	A3 : 64;
	A4 : 64;
	A5 : 8C;
	A6 : 8C;
	A7 : 8C;
	A8 : 8C;
	A9 : 8C;
	AA : 8C;
	AB : 8C;
	AC : 8C;
	AD : 8C;
	AE : 8C;
	AF : 8C;
	B0 : 8C;
	B1 : 8C;
	B2 : 64;
	B3 : 64;
	B4 : 64;
	B5 : 64;
	B6 : 64;
	B7 : 64;
	B8 : 64;
	B9 : 64;
	BA : 64;
	BB : 64;
	BC : 64;
	BD : 00;
	BE : 00;
	BF : 00;
	C0 : 64;
	C1 : 64;
	C2 : 64;
	C3 : 64;
	C4 : 64;
	C5 : 64;
	C6 : 64;
	C7 : 64;
	C8 : 64;
	C9 : 20;
	CA : 20;
	CB : 20;
	CC : 20;
	CD : 20;
	CE : 20;
	CF : 20;
	D0 : 20;
	D1 : 20;
	D2 : 20;
	D3 : 20;
	D4 : 20;
	D5 : 20;
	D6 : 20;
	D7 : 20;
	D8 : 20;
	D9 : 20;
	DA : 20;
	DB : 64;
	DC : 64;
	DD : 20;
	DE : 00;
	DF : 00;
	E0 : 64;
	E1 : 64;
	E2 : 64;
	E3 : 64;
	E4 : 64;
	E5 : 8C;
	E6 : 8C;
	E7 : 8C;
	E8 : 8C;
	E9 : 8C;
	EA : 8C;
	EB : 8C;
	EC : 8C;
	ED : 8C;
	EE : 8C;
	EF : 8C;
	F0 : 8C;
	F1 : 8C;
	F2 : 64;
	F3 : 64;
	F4 : 64;
	F5 : 64;
	F6 : 64;
	F7 : 64;
	F8 : 64;
	F9 : 64;
	FA : 64;
	FB : 64;
	FC : 64;
	FD : 00;
	FE : 00;
	FF : 00;
	100 : 64;
	101 : 64;
	102 : 64;
	103 : 64;
	104 : 64;
	105 : 64;
	106 : 64;
	107 : 64;
	108 : 64;
	109 : 20;
	10A : 20;
	10B : 20;
	10C : 20;
	10D : 20;
	10E : 20;
	10F : 20;
	110 : 20;
	111 : 20;
	112 : 20;
	113 : 20;
	114 : 20;
	115 : 20;
	116 : 20;
	117 : 20;
	118 : 20;
	119 : 20;
	11A : 20;
	11B : 64;
	11C : 64;
	11D : 20;
	11E : 00;
	11F : 00;
	120 : 64;
	121 : 64;
	122 : 64;
	123 : 64;
	124 : 64;
	125 : 8C;
	126 : 8C;
	127 : 8C;
	128 : 8C;
	129 : 8C;
	12A : 8C;
	12B : 8C;
	12C : 8C;
	12D : 8C;
	12E : 8C;
	12F : 8C;
	130 : 8C;
	131 : 8C;
	132 : 64;
	133 : 64;
	134 : 64;
	135 : 64;
	136 : 64;
	137 : 64;
	138 : 64;
	139 : 64;
	13A : 64;
	13B : 64;
	13C : 64;
	13D : 00;
	13E : 00;
	13F : 00;
	140 : 8C;
	141 : 20;
	142 : 20;
	143 : 20;
	144 : 20;
	145 : 20;
	146 : 20;
	147 : 20;
	148 : 20;
	149 : 20;
	14A : 20;
	14B : 20;
	14C : 20;
	14D : 20;
	14E : 20;
	14F : 20;
	150 : 20;
	151 : 20;
	152 : 20;
	153 : 20;
	154 : 20;
	155 : 20;
	156 : 64;
	157 : 64;
	158 : 64;
	159 : 64;
	15A : 64;
	15B : 64;
	15C : 64;
	15D : 20;
	15E : 00;
	15F : 00;
	160 : 20;
	161 : 20;
	162 : 20;
	163 : 20;
	164 : 20;
	165 : 20;
	166 : 20;
	167 : 20;
	168 : 20;
	169 : 20;
	16A : 20;
	16B : 20;
	16C : 20;
	16D : 64;
	16E : 64;
	16F : 64;
	170 : 64;
	171 : 64;
	172 : 64;
	173 : 64;
	174 : 64;
	175 : 8C;
	176 : 8C;
	177 : 8C;
	178 : 8C;
	179 : 8C;
	17A : 8C;
	17B : 8C;
	17C : 8C;
	17D : 00;
	17E : 00;
	17F : 00;
	180 : 8C;
	181 : 20;
	182 : 24;
	183 : 20;
	184 : 20;
	185 : 20;
	186 : 20;
	187 : 20;
	188 : 20;
	189 : 20;
	18A : 20;
	18B : 20;
	18C : 20;
	18D : 20;
	18E : 20;
	18F : 20;
	190 : 20;
	191 : 20;
	192 : 20;
	193 : 20;
	194 : 20;
	195 : 20;
	196 : 64;
	197 : 64;
	198 : 64;
	199 : 64;
	19A : 64;
	19B : 64;
	19C : 64;
	19D : 20;
	19E : 00;
	19F : 00;
	1A0 : 20;
	1A1 : 20;
	1A2 : 20;
	1A3 : 20;
	1A4 : 20;
	1A5 : 20;
	1A6 : 20;
	1A7 : 20;
	1A8 : 20;
	1A9 : 20;
	1AA : 20;
	1AB : 20;
	1AC : 20;
	1AD : 64;
	1AE : 64;
	1AF : 64;
	1B0 : 64;
	1B1 : 64;
	1B2 : 64;
	1B3 : 64;
	1B4 : 64;
	1B5 : 8C;
	1B6 : 8C;
	1B7 : 8C;
	1B8 : 8C;
	1B9 : 8C;
	1BA : 8C;
	1BB : 8C;
	1BC : 8C;
	1BD : 00;
	1BE : 00;
	1BF : 00;
	1C0 : 8C;
	1C1 : 24;
	1C2 : 20;
	1C3 : 20;
	1C4 : 20;
	1C5 : 20;
	1C6 : 20;
	1C7 : 20;
	1C8 : 20;
	1C9 : 20;
	1CA : 20;
	1CB : 20;
	1CC : 20;
	1CD : 20;
	1CE : 20;
	1CF : 20;
	1D0 : 20;
	1D1 : 20;
	1D2 : 20;
	1D3 : 20;
	1D4 : 20;
	1D5 : 20;
	1D6 : 64;
	1D7 : 64;
	1D8 : 64;
	1D9 : 64;
	1DA : 64;
	1DB : 64;
	1DC : 64;
	1DD : 20;
	1DE : 00;
	1DF : 00;
	1E0 : 20;
	1E1 : 20;
	1E2 : 20;
	1E3 : 20;
	1E4 : 20;
	1E5 : 20;
	1E6 : 20;
	1E7 : 20;
	1E8 : 20;
	1E9 : 20;
	1EA : 20;
	1EB : 20;
	1EC : 20;
	1ED : 64;
	1EE : 64;
	1EF : 64;
	1F0 : 64;
	1F1 : 64;
	1F2 : 64;
	1F3 : 64;
	1F4 : 64;
	1F5 : 8C;
	1F6 : 8C;
	1F7 : 8C;
	1F8 : 8C;
	1F9 : 8C;
	1FA : 8C;
	1FB : 8C;
	1FC : 8C;
	1FD : 00;
	1FE : 00;
	1FF : 00;
	200 : 64;
	201 : 64;
	202 : 64;
	203 : 64;
	204 : 64;
	205 : 64;
	206 : 64;
	207 : 64;
	208 : 64;
	209 : 64;
	20A : 64;
	20B : 8C;
	20C : 8C;
	20D : 8C;
	20E : 8C;
	20F : 8C;
	210 : 8C;
	211 : 8C;
	212 : 8C;
	213 : 8C;
	214 : 8C;
	215 : 8C;
	216 : 8C;
	217 : 8C;
	218 : 64;
	219 : 64;
	21A : 64;
	21B : 64;
	21C : 64;
	21D : 20;
	21E : 00;
	21F : 00;
	220 : 64;
	221 : 64;
	222 : 64;
	223 : 64;
	224 : 64;
	225 : 64;
	226 : 64;
	227 : 64;
	228 : 20;
	229 : 20;
	22A : 20;
	22B : 20;
	22C : 20;
	22D : 20;
	22E : 20;
	22F : 20;
	230 : 20;
	231 : 20;
	232 : 20;
	233 : 20;
	234 : 20;
	235 : 20;
	236 : 20;
	237 : 20;
	238 : 20;
	239 : 20;
	23A : 20;
	23B : 20;
	23C : 20;
	23D : 00;
	23E : 00;
	23F : 00;
	240 : 64;
	241 : 64;
	242 : 64;
	243 : 64;
	244 : 64;
	245 : 64;
	246 : 64;
	247 : 64;
	248 : 64;
	249 : 64;
	24A : 64;
	24B : 8C;
	24C : 8C;
	24D : 8C;
	24E : 8C;
	24F : 8C;
	250 : 8C;
	251 : 8C;
	252 : 8C;
	253 : 8C;
	254 : 8C;
	255 : 8C;
	256 : 8C;
	257 : 8C;
	258 : 64;
	259 : 64;
	25A : 64;
	25B : 64;
	25C : 64;
	25D : 20;
	25E : 00;
	25F : 00;
	260 : 64;
	261 : 64;
	262 : 64;
	263 : 64;
	264 : 64;
	265 : 64;
	266 : 64;
	267 : 64;
	268 : 20;
	269 : 20;
	26A : 20;
	26B : 20;
	26C : 20;
	26D : 20;
	26E : 20;
	26F : 20;
	270 : 20;
	271 : 20;
	272 : 20;
	273 : 24;
	274 : 20;
	275 : 20;
	276 : 20;
	277 : 20;
	278 : 20;
	279 : 20;
	27A : 20;
	27B : 20;
	27C : 20;
	27D : 00;
	27E : 00;
	27F : 00;
	280 : 20;
	281 : 20;
	282 : 20;
	283 : 20;
	284 : 20;
	285 : 20;
	286 : 64;
	287 : 64;
	288 : 64;
	289 : 64;
	28A : 64;
	28B : 64;
	28C : 64;
	28D : 64;
	28E : 64;
	28F : 64;
	290 : 20;
	291 : 20;
	292 : 20;
	293 : 20;
	294 : 20;
	295 : 20;
	296 : 20;
	297 : 20;
	298 : 20;
	299 : 20;
	29A : 20;
	29B : 20;
	29C : 20;
	29D : 00;
	29E : 00;
	29F : 00;
	2A0 : 64;
	2A1 : 64;
	2A2 : 64;
	2A3 : 64;
	2A4 : 64;
	2A5 : 64;
	2A6 : 64;
	2A7 : 64;
	2A8 : 64;
	2A9 : 64;
	2AA : 64;
	2AB : 64;
	2AC : 64;
	2AD : 64;
	2AE : 64;
	2AF : 64;
	2B0 : 64;
	2B1 : 64;
	2B2 : 64;
	2B3 : 64;
	2B4 : 64;
	2B5 : 20;
	2B6 : 20;
	2B7 : 20;
	2B8 : 20;
	2B9 : 20;
	2BA : 20;
	2BB : 20;
	2BC : 20;
	2BD : 00;
	2BE : 00;
	2BF : 00;
	2C0 : 20;
	2C1 : 20;
	2C2 : 20;
	2C3 : 20;
	2C4 : 20;
	2C5 : 20;
	2C6 : 64;
	2C7 : 64;
	2C8 : 64;
	2C9 : 64;
	2CA : 64;
	2CB : 64;
	2CC : 64;
	2CD : 64;
	2CE : 64;
	2CF : 64;
	2D0 : 20;
	2D1 : 20;
	2D2 : 20;
	2D3 : 20;
	2D4 : 20;
	2D5 : 20;
	2D6 : 20;
	2D7 : 20;
	2D8 : 20;
	2D9 : 20;
	2DA : 20;
	2DB : 20;
	2DC : 20;
	2DD : 00;
	2DE : 00;
	2DF : 00;
	2E0 : 64;
	2E1 : 64;
	2E2 : 64;
	2E3 : 64;
	2E4 : 64;
	2E5 : 64;
	2E6 : 64;
	2E7 : 64;
	2E8 : 64;
	2E9 : 64;
	2EA : 64;
	2EB : 64;
	2EC : 64;
	2ED : 64;
	2EE : 64;
	2EF : 64;
	2F0 : 64;
	2F1 : 64;
	2F2 : 64;
	2F3 : 64;
	2F4 : 64;
	2F5 : 20;
	2F6 : 20;
	2F7 : 20;
	2F8 : 20;
	2F9 : 20;
	2FA : 20;
	2FB : 20;
	2FC : 20;
	2FD : 00;
	2FE : 00;
	2FF : 00;
	300 : 20;
	301 : 20;
	302 : 20;
	303 : 20;
	304 : 20;
	305 : 20;
	306 : 64;
	307 : 64;
	308 : 64;
	309 : 64;
	30A : 64;
	30B : 64;
	30C : 64;
	30D : 64;
	30E : 64;
	30F : 64;
	310 : 20;
	311 : 20;
	312 : 20;
	313 : 20;
	314 : 20;
	315 : 20;
	316 : 20;
	317 : 20;
	318 : 20;
	319 : 20;
	31A : 20;
	31B : 20;
	31C : 20;
	31D : 00;
	31E : 00;
	31F : 00;
	320 : 64;
	321 : 64;
	322 : 64;
	323 : 64;
	324 : 64;
	325 : 64;
	326 : 64;
	327 : 64;
	328 : 64;
	329 : 64;
	32A : 64;
	32B : 64;
	32C : 64;
	32D : 64;
	32E : 64;
	32F : 64;
	330 : 64;
	331 : 64;
	332 : 64;
	333 : 64;
	334 : 64;
	335 : 20;
	336 : 20;
	337 : 20;
	338 : 20;
	339 : 20;
	33A : 20;
	33B : 20;
	33C : 20;
	33D : 00;
	33E : 00;
	33F : 00;
	340 : 00;
	341 : 00;
	342 : 00;
	343 : 00;
	344 : 00;
	345 : 00;
	346 : 00;
	347 : 00;
	348 : 00;
	349 : 00;
	34A : 00;
	34B : 00;
	34C : 00;
	34D : 00;
	34E : 00;
	34F : 00;
	350 : 00;
	351 : 00;
	352 : 00;
	353 : 00;
	354 : 00;
	355 : 00;
	356 : 00;
	357 : 00;
	358 : 00;
	359 : 00;
	35A : 00;
	35B : 00;
	35C : 00;
	35D : 00;
	35E : 00;
	35F : 00;
	360 : 00;
	361 : 00;
	362 : 00;
	363 : 00;
	364 : 00;
	365 : 00;
	366 : 00;
	367 : 00;
	368 : 00;
	369 : 00;
	36A : 00;
	36B : 00;
	36C : 00;
	36D : 00;
	36E : 00;
	36F : 00;
	370 : 00;
	371 : 00;
	372 : 00;
	373 : 00;
	374 : 00;
	375 : 00;
	376 : 00;
	377 : 00;
	378 : 00;
	379 : 00;
	37A : 00;
	37B : 00;
	37C : 00;
	37D : 00;
	37E : 00;
	37F : 00;
	380 : 00;
	381 : 00;
	382 : 00;
	383 : 00;
	384 : 00;
	385 : 00;
	386 : 00;
	387 : 00;
	388 : 00;
	389 : 00;
	38A : 00;
	38B : 00;
	38C : 00;
	38D : 00;
	38E : 00;
	38F : 00;
	390 : 00;
	391 : 00;
	392 : 00;
	393 : 00;
	394 : 00;
	395 : 00;
	396 : 00;
	397 : 00;
	398 : 00;
	399 : 00;
	39A : 00;
	39B : 00;
	39C : 00;
	39D : 00;
	39E : 00;
	39F : 00;
	3A0 : 00;
	3A1 : 00;
	3A2 : 00;
	3A3 : 00;
	3A4 : 00;
	3A5 : 00;
	3A6 : 00;
	3A7 : 00;
	3A8 : 00;
	3A9 : 00;
	3AA : 00;
	3AB : 00;
	3AC : 00;
	3AD : 00;
	3AE : 00;
	3AF : 00;
	3B0 : 00;
	3B1 : 00;
	3B2 : 00;
	3B3 : 00;
	3B4 : 00;
	3B5 : 00;
	3B6 : 00;
	3B7 : 00;
	3B8 : 00;
	3B9 : 00;
	3BA : 00;
	3BB : 00;
	3BC : 00;
	3BD : 00;
	3BE : 00;
	3BF : 00;
	3C0 : 00;
	3C1 : 00;
	3C2 : 00;
	3C3 : 00;
	3C4 : 00;
	3C5 : 00;
	3C6 : 00;
	3C7 : 00;
	3C8 : 00;
	3C9 : 00;
	3CA : 00;
	3CB : 00;
	3CC : 00;
	3CD : 00;
	3CE : 00;
	3CF : 00;
	3D0 : 00;
	3D1 : 00;
	3D2 : 00;
	3D3 : 00;
	3D4 : 00;
	3D5 : 00;
	3D6 : 00;
	3D7 : 00;
	3D8 : 00;
	3D9 : 00;
	3DA : 00;
	3DB : 00;
	3DC : 00;
	3DD : 00;
	3DE : 00;
	3DF : 00;
	3E0 : 00;
	3E1 : 00;
	3E2 : 00;
	3E3 : 00;
	3E4 : 00;
	3E5 : 00;
	3E6 : 00;
	3E7 : 00;
	3E8 : 00;
	3E9 : 00;
	3EA : 00;
	3EB : 00;
	3EC : 00;
	3ED : 00;
	3EE : 00;
	3EF : 00;
	3F0 : 00;
	3F1 : 00;
	3F2 : 00;
	3F3 : 00;
	3F4 : 00;
	3F5 : 00;
	3F6 : 00;
	3F7 : 00;
	3F8 : 00;
	3F9 : 00;
	3FA : 00;
	3FB : 00;
	3FC : 00;
	3FD : 00;
	3FE : 00;
	3FF : 00;
	400 : 64;
	401 : 64;
	402 : 64;
	403 : 64;
	404 : 64;
	405 : 64;
	406 : 64;
	407 : 64;
	408 : 64;
	409 : 20;
	40A : 20;
	40B : 20;
	40C : 20;
	40D : 20;
	40E : 00;
	40F : 00;
	410 : 20;
	411 : 20;
	412 : 20;
	413 : 20;
	414 : 20;
	415 : 20;
	416 : 64;
	417 : 64;
	418 : 64;
	419 : 64;
	41A : 64;
	41B : 64;
	41C : 64;
	41D : 64;
	41E : 64;
	41F : 64;
	420 : 64;
	421 : 64;
	422 : 64;
	423 : 64;
	424 : 64;
	425 : 64;
	426 : 64;
	427 : 64;
	428 : 20;
	429 : 20;
	42A : 20;
	42B : 20;
	42C : 20;
	42D : 00;
	42E : 00;
	42F : 00;
	430 : 8C;
	431 : 8C;
	432 : 8C;
	433 : 8C;
	434 : 8C;
	435 : 8C;
	436 : 8C;
	437 : 8C;
	438 : 64;
	439 : 64;
	43A : 64;
	43B : 64;
	43C : 64;
	43D : 64;
	43E : 64;
	43F : 64;
	440 : 64;
	441 : 64;
	442 : 64;
	443 : 64;
	444 : 64;
	445 : 64;
	446 : 64;
	447 : 64;
	448 : 64;
	449 : 20;
	44A : 20;
	44B : 20;
	44C : 20;
	44D : 20;
	44E : 00;
	44F : 00;
	450 : 20;
	451 : 20;
	452 : 20;
	453 : 20;
	454 : 20;
	455 : 20;
	456 : 64;
	457 : 64;
	458 : 64;
	459 : 64;
	45A : 64;
	45B : 64;
	45C : 64;
	45D : 64;
	45E : 64;
	45F : 64;
	460 : 64;
	461 : 64;
	462 : 64;
	463 : 64;
	464 : 64;
	465 : 64;
	466 : 64;
	467 : 64;
	468 : 20;
	469 : 20;
	46A : 20;
	46B : 20;
	46C : 20;
	46D : 00;
	46E : 00;
	46F : 00;
	470 : 8C;
	471 : 8C;
	472 : 8C;
	473 : 8C;
	474 : 8C;
	475 : 8C;
	476 : 8C;
	477 : 8C;
	478 : 64;
	479 : 64;
	47A : 64;
	47B : 64;
	47C : 64;
	47D : 64;
	47E : 64;
	47F : 64;
	480 : 64;
	481 : 64;
	482 : 64;
	483 : 64;
	484 : 64;
	485 : 64;
	486 : 64;
	487 : 64;
	488 : 64;
	489 : 20;
	48A : 20;
	48B : 20;
	48C : 20;
	48D : 20;
	48E : 00;
	48F : 00;
	490 : 20;
	491 : 20;
	492 : 20;
	493 : 20;
	494 : 20;
	495 : 20;
	496 : 64;
	497 : 64;
	498 : 64;
	499 : 64;
	49A : 64;
	49B : 64;
	49C : 64;
	49D : 64;
	49E : 64;
	49F : 64;
	4A0 : 64;
	4A1 : 64;
	4A2 : 64;
	4A3 : 64;
	4A4 : 64;
	4A5 : 64;
	4A6 : 64;
	4A7 : 64;
	4A8 : 20;
	4A9 : 20;
	4AA : 20;
	4AB : 20;
	4AC : 20;
	4AD : 00;
	4AE : 00;
	4AF : 00;
	4B0 : 8C;
	4B1 : 8C;
	4B2 : 8C;
	4B3 : 8C;
	4B4 : 8C;
	4B5 : 8C;
	4B6 : 8C;
	4B7 : 8C;
	4B8 : 64;
	4B9 : 64;
	4BA : 64;
	4BB : 64;
	4BC : 64;
	4BD : 64;
	4BE : 64;
	4BF : 64;
	4C0 : 20;
	4C1 : 20;
	4C2 : 20;
	4C3 : 64;
	4C4 : 64;
	4C5 : 64;
	4C6 : 64;
	4C7 : 64;
	4C8 : 64;
	4C9 : 64;
	4CA : 64;
	4CB : 64;
	4CC : 64;
	4CD : 64;
	4CE : 00;
	4CF : 00;
	4D0 : 64;
	4D1 : 64;
	4D2 : 64;
	4D3 : 64;
	4D4 : 64;
	4D5 : 64;
	4D6 : 64;
	4D7 : 64;
	4D8 : 64;
	4D9 : 64;
	4DA : 64;
	4DB : 64;
	4DC : 64;
	4DD : 64;
	4DE : 64;
	4DF : 64;
	4E0 : 24;
	4E1 : 20;
	4E2 : 20;
	4E3 : 20;
	4E4 : 20;
	4E5 : 20;
	4E6 : 20;
	4E7 : 20;
	4E8 : 20;
	4E9 : 20;
	4EA : 20;
	4EB : 20;
	4EC : 20;
	4ED : 00;
	4EE : 00;
	4EF : 00;
	4F0 : 20;
	4F1 : 20;
	4F2 : 20;
	4F3 : 20;
	4F4 : 20;
	4F5 : 20;
	4F6 : 20;
	4F7 : 20;
	4F8 : 20;
	4F9 : 20;
	4FA : 20;
	4FB : 20;
	4FC : 20;
	4FD : 20;
	4FE : 20;
	4FF : 20;
	500 : 20;
	501 : 20;
	502 : 20;
	503 : 64;
	504 : 64;
	505 : 64;
	506 : 64;
	507 : 64;
	508 : 64;
	509 : 64;
	50A : 64;
	50B : 64;
	50C : 64;
	50D : 64;
	50E : 00;
	50F : 00;
	510 : 64;
	511 : 64;
	512 : 64;
	513 : 64;
	514 : 64;
	515 : 64;
	516 : 64;
	517 : 64;
	518 : 64;
	519 : 64;
	51A : 64;
	51B : 64;
	51C : 64;
	51D : 64;
	51E : 64;
	51F : 64;
	520 : 20;
	521 : 20;
	522 : 20;
	523 : 20;
	524 : 20;
	525 : 20;
	526 : 20;
	527 : 20;
	528 : 20;
	529 : 20;
	52A : 20;
	52B : 20;
	52C : 20;
	52D : 00;
	52E : 00;
	52F : 00;
	530 : 20;
	531 : 20;
	532 : 20;
	533 : 20;
	534 : 20;
	535 : 20;
	536 : 20;
	537 : 20;
	538 : 20;
	539 : 20;
	53A : 20;
	53B : 20;
	53C : 20;
	53D : 20;
	53E : 20;
	53F : 20;
	540 : 8C;
	541 : 6C;
	542 : 8C;
	543 : 8C;
	544 : 8C;
	545 : 8C;
	546 : 8C;
	547 : 8C;
	548 : 8C;
	549 : 64;
	54A : 64;
	54B : 64;
	54C : 64;
	54D : 64;
	54E : 00;
	54F : 00;
	550 : 64;
	551 : 64;
	552 : 64;
	553 : 64;
	554 : 64;
	555 : 64;
	556 : 8C;
	557 : 8C;
	558 : 8C;
	559 : 8C;
	55A : 8C;
	55B : 8C;
	55C : 8C;
	55D : 8C;
	55E : 8C;
	55F : 8C;
	560 : 64;
	561 : 64;
	562 : 64;
	563 : 64;
	564 : 64;
	565 : 64;
	566 : 64;
	567 : 64;
	568 : 64;
	569 : 64;
	56A : 64;
	56B : 64;
	56C : 64;
	56D : 00;
	56E : 00;
	56F : 00;
	570 : 64;
	571 : 64;
	572 : 64;
	573 : 64;
	574 : 64;
	575 : 64;
	576 : 64;
	577 : 64;
	578 : 8C;
	579 : 8C;
	57A : 8C;
	57B : 8C;
	57C : 8C;
	57D : 8C;
	57E : 8C;
	57F : 8C;
	580 : 8C;
	581 : 8C;
	582 : 8C;
	583 : 8C;
	584 : 8C;
	585 : 8C;
	586 : 8C;
	587 : 8C;
	588 : 8C;
	589 : 64;
	58A : 64;
	58B : 64;
	58C : 64;
	58D : 64;
	58E : 00;
	58F : 00;
	590 : 64;
	591 : 64;
	592 : 64;
	593 : 64;
	594 : 64;
	595 : 64;
	596 : 8C;
	597 : 8C;
	598 : 8C;
	599 : 8C;
	59A : 8C;
	59B : 8C;
	59C : 8C;
	59D : 8C;
	59E : 8C;
	59F : 8C;
	5A0 : 64;
	5A1 : 64;
	5A2 : 64;
	5A3 : 64;
	5A4 : 64;
	5A5 : 64;
	5A6 : 64;
	5A7 : 64;
	5A8 : 64;
	5A9 : 64;
	5AA : 64;
	5AB : 64;
	5AC : 64;
	5AD : 00;
	5AE : 00;
	5AF : 00;
	5B0 : 64;
	5B1 : 64;
	5B2 : 64;
	5B3 : 64;
	5B4 : 64;
	5B5 : 64;
	5B6 : 64;
	5B7 : 64;
	5B8 : 8C;
	5B9 : 8C;
	5BA : 8C;
	5BB : 8C;
	5BC : 8C;
	5BD : 8C;
	5BE : 8C;
	5BF : 8C;
	5C0 : 8C;
	5C1 : 8C;
	5C2 : 8C;
	5C3 : 8C;
	5C4 : 8C;
	5C5 : 8C;
	5C6 : 8C;
	5C7 : 8C;
	5C8 : 8C;
	5C9 : 64;
	5CA : 64;
	5CB : 64;
	5CC : 64;
	5CD : 64;
	5CE : 00;
	5CF : 00;
	5D0 : 64;
	5D1 : 64;
	5D2 : 64;
	5D3 : 64;
	5D4 : 64;
	5D5 : 64;
	5D6 : 8C;
	5D7 : 8C;
	5D8 : 8C;
	5D9 : 8C;
	5DA : 8C;
	5DB : 8C;
	5DC : 8C;
	5DD : 8C;
	5DE : 8C;
	5DF : 8C;
	5E0 : 64;
	5E1 : 64;
	5E2 : 64;
	5E3 : 64;
	5E4 : 64;
	5E5 : 64;
	5E6 : 64;
	5E7 : 64;
	5E8 : 64;
	5E9 : 64;
	5EA : 64;
	5EB : 64;
	5EC : 64;
	5ED : 00;
	5EE : 00;
	5EF : 00;
	5F0 : 64;
	5F1 : 64;
	5F2 : 64;
	5F3 : 64;
	5F4 : 64;
	5F5 : 64;
	5F6 : 64;
	5F7 : 64;
	5F8 : 8C;
	5F9 : 8C;
	5FA : 8C;
	5FB : 8C;
	5FC : 8C;
	5FD : 8C;
	5FE : 8C;
	5FF : 8C;
	600 : 64;
	601 : 64;
	602 : 64;
	603 : 64;
	604 : 64;
	605 : 64;
	606 : 64;
	607 : 64;
	608 : 64;
	609 : 64;
	60A : 64;
	60B : 64;
	60C : 64;
	60D : 64;
	60E : 00;
	60F : 00;
	610 : 20;
	611 : 20;
	612 : 20;
	613 : 20;
	614 : 20;
	615 : 20;
	616 : 20;
	617 : 20;
	618 : 20;
	619 : 20;
	61A : 20;
	61B : 64;
	61C : 64;
	61D : 64;
	61E : 64;
	61F : 64;
	620 : 64;
	621 : 64;
	622 : 64;
	623 : 20;
	624 : 20;
	625 : 20;
	626 : 20;
	627 : 20;
	628 : 20;
	629 : 20;
	62A : 20;
	62B : 64;
	62C : 64;
	62D : 00;
	62E : 00;
	62F : 00;
	630 : 64;
	631 : 64;
	632 : 64;
	633 : 64;
	634 : 64;
	635 : 64;
	636 : 64;
	637 : 64;
	638 : 64;
	639 : 64;
	63A : 64;
	63B : 64;
	63C : 64;
	63D : 64;
	63E : 64;
	63F : 64;
	640 : 64;
	641 : 64;
	642 : 64;
	643 : 64;
	644 : 64;
	645 : 64;
	646 : 64;
	647 : 64;
	648 : 64;
	649 : 64;
	64A : 64;
	64B : 64;
	64C : 64;
	64D : 64;
	64E : 00;
	64F : 00;
	650 : 20;
	651 : 20;
	652 : 20;
	653 : 20;
	654 : 20;
	655 : 20;
	656 : 20;
	657 : 20;
	658 : 20;
	659 : 20;
	65A : 20;
	65B : 64;
	65C : 64;
	65D : 64;
	65E : 64;
	65F : 64;
	660 : 64;
	661 : 64;
	662 : 64;
	663 : 20;
	664 : 20;
	665 : 20;
	666 : 20;
	667 : 20;
	668 : 20;
	669 : 20;
	66A : 20;
	66B : 64;
	66C : 64;
	66D : 00;
	66E : 00;
	66F : 00;
	670 : 64;
	671 : 64;
	672 : 64;
	673 : 64;
	674 : 64;
	675 : 64;
	676 : 64;
	677 : 64;
	678 : 64;
	679 : 64;
	67A : 64;
	67B : 64;
	67C : 64;
	67D : 64;
	67E : 64;
	67F : 64;
	680 : 64;
	681 : 64;
	682 : 64;
	683 : 64;
	684 : 64;
	685 : 64;
	686 : 64;
	687 : 64;
	688 : 64;
	689 : 64;
	68A : 64;
	68B : 64;
	68C : 64;
	68D : 64;
	68E : 00;
	68F : 00;
	690 : 20;
	691 : 20;
	692 : 20;
	693 : 20;
	694 : 20;
	695 : 20;
	696 : 20;
	697 : 20;
	698 : 20;
	699 : 20;
	69A : 20;
	69B : 64;
	69C : 64;
	69D : 64;
	69E : 64;
	69F : 64;
	6A0 : 64;
	6A1 : 64;
	6A2 : 64;
	6A3 : 20;
	6A4 : 20;
	6A5 : 20;
	6A6 : 20;
	6A7 : 20;
	6A8 : 20;
	6A9 : 20;
	6AA : 20;
	6AB : 64;
	6AC : 64;
	6AD : 00;
	6AE : 00;
	6AF : 00;
	6B0 : 64;
	6B1 : 64;
	6B2 : 64;
	6B3 : 64;
	6B4 : 64;
	6B5 : 64;
	6B6 : 64;
	6B7 : 64;
	6B8 : 64;
	6B9 : 64;
	6BA : 64;
	6BB : 64;
	6BC : 64;
	6BD : 64;
	6BE : 64;
	6BF : 64;
	6C0 : 64;
	6C1 : 20;
	6C2 : 20;
	6C3 : 20;
	6C4 : 20;
	6C5 : 20;
	6C6 : 20;
	6C7 : 20;
	6C8 : 20;
	6C9 : 24;
	6CA : 20;
	6CB : 20;
	6CC : 20;
	6CD : 20;
	6CE : 00;
	6CF : 00;
	6D0 : 64;
	6D1 : 64;
	6D2 : 64;
	6D3 : 64;
	6D4 : 64;
	6D5 : 64;
	6D6 : 20;
	6D7 : 20;
	6D8 : 20;
	6D9 : 20;
	6DA : 20;
	6DB : 20;
	6DC : 20;
	6DD : 64;
	6DE : 64;
	6DF : 64;
	6E0 : 64;
	6E1 : 64;
	6E2 : 64;
	6E3 : 64;
	6E4 : 64;
	6E5 : 8C;
	6E6 : 8C;
	6E7 : 8C;
	6E8 : 8C;
	6E9 : 8C;
	6EA : 8C;
	6EB : 8C;
	6EC : 8C;
	6ED : 00;
	6EE : 00;
	6EF : 00;
	6F0 : 20;
	6F1 : 20;
	6F2 : 20;
	6F3 : 24;
	6F4 : 20;
	6F5 : 64;
	6F6 : 64;
	6F7 : 64;
	6F8 : 64;
	6F9 : 64;
	6FA : 20;
	6FB : 20;
	6FC : 20;
	6FD : 20;
	6FE : 20;
	6FF : 20;
	700 : 64;
	701 : 20;
	702 : 20;
	703 : 20;
	704 : 20;
	705 : 24;
	706 : 20;
	707 : 20;
	708 : 20;
	709 : 20;
	70A : 20;
	70B : 20;
	70C : 20;
	70D : 20;
	70E : 00;
	70F : 00;
	710 : 64;
	711 : 64;
	712 : 64;
	713 : 64;
	714 : 64;
	715 : 64;
	716 : 20;
	717 : 20;
	718 : 20;
	719 : 20;
	71A : 20;
	71B : 20;
	71C : 20;
	71D : 64;
	71E : 64;
	71F : 64;
	720 : 64;
	721 : 64;
	722 : 64;
	723 : 64;
	724 : 64;
	725 : 8C;
	726 : 8C;
	727 : 8C;
	728 : 8C;
	729 : 8C;
	72A : 8C;
	72B : 8C;
	72C : 8C;
	72D : 00;
	72E : 00;
	72F : 00;
	730 : 20;
	731 : 20;
	732 : 20;
	733 : 20;
	734 : 20;
	735 : 64;
	736 : 64;
	737 : 64;
	738 : 64;
	739 : 64;
	73A : 20;
	73B : 20;
	73C : 20;
	73D : 20;
	73E : 20;
	73F : 20;
	740 : 64;
	741 : 20;
	742 : 20;
	743 : 20;
	744 : 20;
	745 : 20;
	746 : 20;
	747 : 20;
	748 : 20;
	749 : 20;
	74A : 20;
	74B : 20;
	74C : 20;
	74D : 20;
	74E : 00;
	74F : 00;
	750 : 64;
	751 : 64;
	752 : 64;
	753 : 64;
	754 : 64;
	755 : 64;
	756 : 20;
	757 : 20;
	758 : 20;
	759 : 20;
	75A : 20;
	75B : 20;
	75C : 20;
	75D : 24;
	75E : 64;
	75F : 64;
	760 : 64;
	761 : 64;
	762 : 64;
	763 : 64;
	764 : 64;
	765 : 84;
	766 : 84;
	767 : 8C;
	768 : 8C;
	769 : 8C;
	76A : 84;
	76B : 8C;
	76C : 8C;
	76D : 00;
	76E : 00;
	76F : 00;
	770 : 20;
	771 : 20;
	772 : 20;
	773 : 20;
	774 : 20;
	775 : 64;
	776 : 64;
	777 : 64;
	778 : 64;
	779 : 64;
	77A : 20;
	77B : 20;
	77C : 20;
	77D : 20;
	77E : 20;
	77F : 20;
	780 : 00;
	781 : 00;
	782 : 00;
	783 : 00;
	784 : 00;
	785 : 00;
	786 : 00;
	787 : 00;
	788 : 00;
	789 : 00;
	78A : 00;
	78B : 00;
	78C : 00;
	78D : 00;
	78E : 00;
	78F : 00;
	790 : 00;
	791 : 00;
	792 : 00;
	793 : 00;
	794 : 00;
	795 : 00;
	796 : 00;
	797 : 00;
	798 : 00;
	799 : 00;
	79A : 00;
	79B : 00;
	79C : 00;
	79D : 00;
	79E : 00;
	79F : 00;
	7A0 : 00;
	7A1 : 00;
	7A2 : 00;
	7A3 : 00;
	7A4 : 00;
	7A5 : 00;
	7A6 : 00;
	7A7 : 00;
	7A8 : 00;
	7A9 : 00;
	7AA : 00;
	7AB : 00;
	7AC : 00;
	7AD : 00;
	7AE : 00;
	7AF : 00;
	7B0 : 00;
	7B1 : 00;
	7B2 : 00;
	7B3 : 00;
	7B4 : 00;
	7B5 : 00;
	7B6 : 00;
	7B7 : 00;
	7B8 : 00;
	7B9 : 00;
	7BA : 00;
	7BB : 00;
	7BC : 00;
	7BD : 00;
	7BE : 00;
	7BF : 00;
	7C0 : 00;
	7C1 : 00;
	7C2 : 00;
	7C3 : 00;
	7C4 : 00;
	7C5 : 00;
	7C6 : 00;
	7C7 : 00;
	7C8 : 00;
	7C9 : 00;
	7CA : 00;
	7CB : 00;
	7CC : 00;
	7CD : 00;
	7CE : 00;
	7CF : 00;
	7D0 : 00;
	7D1 : 00;
	7D2 : 00;
	7D3 : 00;
	7D4 : 00;
	7D5 : 00;
	7D6 : 00;
	7D7 : 00;
	7D8 : 00;
	7D9 : 00;
	7DA : 00;
	7DB : 00;
	7DC : 00;
	7DD : 00;
	7DE : 00;
	7DF : 00;
	7E0 : 00;
	7E1 : 00;
	7E2 : 00;
	7E3 : 00;
	7E4 : 00;
	7E5 : 00;
	7E6 : 00;
	7E7 : 00;
	7E8 : 00;
	7E9 : 00;
	7EA : 00;
	7EB : 00;
	7EC : 00;
	7ED : 00;
	7EE : 00;
	7EF : 00;
	7F0 : 00;
	7F1 : 00;
	7F2 : 00;
	7F3 : 00;
	7F4 : 00;
	7F5 : 00;
	7F6 : 00;
	7F7 : 00;
	7F8 : 00;
	7F9 : 00;
	7FA : 00;
	7FB : 00;
	7FC : 00;
	7FD : 00;
	7FE : 00;
	7FF : 00;
	800 : 00;
	801 : 00;
	802 : 00;
	803 : 00;
	804 : 00;
	805 : 00;
	806 : 00;
	807 : 00;
	808 : 00;
	809 : 00;
	80A : 00;
	80B : 00;
	80C : 00;
	80D : 00;
	80E : 00;
	80F : 00;
	810 : 00;
	811 : 00;
	812 : 00;
	813 : 00;
	814 : 00;
	815 : 00;
	816 : 00;
	817 : 00;
	818 : 00;
	819 : 00;
	81A : 00;
	81B : 00;
	81C : 00;
	81D : 00;
	81E : 00;
	81F : 00;
	820 : 00;
	821 : 00;
	822 : 00;
	823 : 00;
	824 : 00;
	825 : 00;
	826 : 00;
	827 : 00;
	828 : 00;
	829 : 00;
	82A : 00;
	82B : 00;
	82C : 00;
	82D : 00;
	82E : 00;
	82F : 00;
	830 : 00;
	831 : 00;
	832 : 00;
	833 : 00;
	834 : 00;
	835 : 00;
	836 : 00;
	837 : 00;
	838 : 00;
	839 : 00;
	83A : 00;
	83B : 00;
	83C : 00;
	83D : 00;
	83E : 00;
	83F : 00;
	840 : 20;
	841 : 64;
	842 : 64;
	843 : 64;
	844 : 64;
	845 : 64;
	846 : 64;
	847 : 64;
	848 : 64;
	849 : 64;
	84A : 64;
	84B : 64;
	84C : 64;
	84D : 64;
	84E : 64;
	84F : 64;
	850 : 20;
	851 : 20;
	852 : 20;
	853 : 20;
	854 : 20;
	855 : 20;
	856 : 20;
	857 : 20;
	858 : 64;
	859 : 64;
	85A : 64;
	85B : 64;
	85C : 64;
	85D : 20;
	85E : 00;
	85F : 00;
	860 : 64;
	861 : 64;
	862 : 64;
	863 : 20;
	864 : 20;
	865 : 20;
	866 : 20;
	867 : 20;
	868 : 20;
	869 : 20;
	86A : 20;
	86B : 64;
	86C : 64;
	86D : 64;
	86E : 64;
	86F : 64;
	870 : 64;
	871 : 64;
	872 : 20;
	873 : 20;
	874 : 20;
	875 : 20;
	876 : 20;
	877 : 20;
	878 : 20;
	879 : 20;
	87A : 20;
	87B : 20;
	87C : 20;
	87D : 00;
	87E : 00;
	87F : 00;
	880 : 20;
	881 : 64;
	882 : 64;
	883 : 64;
	884 : 64;
	885 : 64;
	886 : 64;
	887 : 64;
	888 : 64;
	889 : 64;
	88A : 64;
	88B : 64;
	88C : 64;
	88D : 64;
	88E : 64;
	88F : 64;
	890 : 20;
	891 : 20;
	892 : 20;
	893 : 20;
	894 : 20;
	895 : 20;
	896 : 20;
	897 : 20;
	898 : 64;
	899 : 64;
	89A : 64;
	89B : 64;
	89C : 64;
	89D : 20;
	89E : 00;
	89F : 00;
	8A0 : 64;
	8A1 : 64;
	8A2 : 64;
	8A3 : 20;
	8A4 : 20;
	8A5 : 20;
	8A6 : 20;
	8A7 : 20;
	8A8 : 20;
	8A9 : 20;
	8AA : 20;
	8AB : 64;
	8AC : 64;
	8AD : 64;
	8AE : 64;
	8AF : 64;
	8B0 : 64;
	8B1 : 64;
	8B2 : 20;
	8B3 : 20;
	8B4 : 20;
	8B5 : 20;
	8B6 : 20;
	8B7 : 20;
	8B8 : 20;
	8B9 : 20;
	8BA : 20;
	8BB : 20;
	8BC : 20;
	8BD : 00;
	8BE : 00;
	8BF : 00;
	8C0 : 8C;
	8C1 : 8C;
	8C2 : 8C;
	8C3 : 8C;
	8C4 : 8C;
	8C5 : 8C;
	8C6 : 8C;
	8C7 : 8C;
	8C8 : 8C;
	8C9 : 8C;
	8CA : 8C;
	8CB : 8C;
	8CC : 8C;
	8CD : 8C;
	8CE : 64;
	8CF : 64;
	8D0 : 64;
	8D1 : 64;
	8D2 : 64;
	8D3 : 64;
	8D4 : 64;
	8D5 : 64;
	8D6 : 64;
	8D7 : 64;
	8D8 : 64;
	8D9 : 64;
	8DA : 64;
	8DB : 64;
	8DC : 64;
	8DD : 20;
	8DE : 00;
	8DF : 00;
	8E0 : 64;
	8E1 : 64;
	8E2 : 64;
	8E3 : 64;
	8E4 : 64;
	8E5 : 64;
	8E6 : 64;
	8E7 : 64;
	8E8 : 8C;
	8E9 : 8C;
	8EA : 8C;
	8EB : 8C;
	8EC : 8C;
	8ED : 8C;
	8EE : 84;
	8EF : 8C;
	8F0 : 64;
	8F1 : 64;
	8F2 : 64;
	8F3 : 64;
	8F4 : 64;
	8F5 : 64;
	8F6 : 64;
	8F7 : 64;
	8F8 : 64;
	8F9 : 64;
	8FA : 64;
	8FB : 64;
	8FC : 64;
	8FD : 00;
	8FE : 00;
	8FF : 00;
	900 : 8C;
	901 : 8C;
	902 : 8C;
	903 : 8C;
	904 : 8C;
	905 : 8C;
	906 : 8C;
	907 : 8C;
	908 : 8C;
	909 : 8C;
	90A : 8C;
	90B : 8C;
	90C : 8C;
	90D : 8C;
	90E : 64;
	90F : 64;
	910 : 64;
	911 : 64;
	912 : 64;
	913 : 64;
	914 : 64;
	915 : 64;
	916 : 64;
	917 : 64;
	918 : 64;
	919 : 64;
	91A : 64;
	91B : 64;
	91C : 64;
	91D : 20;
	91E : 00;
	91F : 00;
	920 : 64;
	921 : 64;
	922 : 64;
	923 : 64;
	924 : 64;
	925 : 64;
	926 : 64;
	927 : 64;
	928 : 8C;
	929 : 8C;
	92A : 8C;
	92B : 8C;
	92C : 8C;
	92D : 8C;
	92E : 8C;
	92F : 8C;
	930 : 64;
	931 : 64;
	932 : 64;
	933 : 64;
	934 : 64;
	935 : 64;
	936 : 64;
	937 : 64;
	938 : 64;
	939 : 64;
	93A : 64;
	93B : 64;
	93C : 64;
	93D : 00;
	93E : 00;
	93F : 00;
	940 : 8C;
	941 : 8C;
	942 : 8C;
	943 : 8C;
	944 : 8C;
	945 : 8C;
	946 : 8C;
	947 : 8C;
	948 : 8C;
	949 : 8C;
	94A : 8C;
	94B : 8C;
	94C : 8C;
	94D : 8C;
	94E : 64;
	94F : 64;
	950 : 64;
	951 : 64;
	952 : 64;
	953 : 64;
	954 : 64;
	955 : 64;
	956 : 64;
	957 : 64;
	958 : 64;
	959 : 64;
	95A : 64;
	95B : 64;
	95C : 64;
	95D : 20;
	95E : 00;
	95F : 00;
	960 : 64;
	961 : 64;
	962 : 64;
	963 : 64;
	964 : 64;
	965 : 64;
	966 : 64;
	967 : 64;
	968 : 8C;
	969 : 8C;
	96A : 8C;
	96B : 8C;
	96C : 8C;
	96D : 8C;
	96E : 8C;
	96F : 8C;
	970 : 64;
	971 : 64;
	972 : 64;
	973 : 64;
	974 : 64;
	975 : 64;
	976 : 64;
	977 : 64;
	978 : 64;
	979 : 64;
	97A : 64;
	97B : 64;
	97C : 64;
	97D : 00;
	97E : 00;
	97F : 00;
	980 : 64;
	981 : 64;
	982 : 64;
	983 : 64;
	984 : 64;
	985 : 64;
	986 : 64;
	987 : 64;
	988 : 64;
	989 : 64;
	98A : 64;
	98B : 64;
	98C : 64;
	98D : 64;
	98E : 20;
	98F : 20;
	990 : 20;
	991 : 20;
	992 : 20;
	993 : 20;
	994 : 20;
	995 : 20;
	996 : 20;
	997 : 20;
	998 : 20;
	999 : 20;
	99A : 20;
	99B : 20;
	99C : 20;
	99D : 00;
	99E : 00;
	99F : 00;
	9A0 : 20;
	9A1 : 20;
	9A2 : 20;
	9A3 : 20;
	9A4 : 20;
	9A5 : 20;
	9A6 : 20;
	9A7 : 20;
	9A8 : 20;
	9A9 : 20;
	9AA : 20;
	9AB : 64;
	9AC : 64;
	9AD : 64;
	9AE : 64;
	9AF : 64;
	9B0 : 64;
	9B1 : 64;
	9B2 : 64;
	9B3 : 64;
	9B4 : 64;
	9B5 : 64;
	9B6 : 64;
	9B7 : 64;
	9B8 : 64;
	9B9 : 64;
	9BA : 64;
	9BB : 64;
	9BC : 64;
	9BD : 00;
	9BE : 00;
	9BF : 00;
	9C0 : 64;
	9C1 : 64;
	9C2 : 64;
	9C3 : 64;
	9C4 : 64;
	9C5 : 64;
	9C6 : 64;
	9C7 : 64;
	9C8 : 64;
	9C9 : 64;
	9CA : 64;
	9CB : 64;
	9CC : 64;
	9CD : 64;
	9CE : 20;
	9CF : 20;
	9D0 : 20;
	9D1 : 20;
	9D2 : 20;
	9D3 : 20;
	9D4 : 20;
	9D5 : 20;
	9D6 : 20;
	9D7 : 20;
	9D8 : 20;
	9D9 : 20;
	9DA : 20;
	9DB : 20;
	9DC : 20;
	9DD : 00;
	9DE : 00;
	9DF : 00;
	9E0 : 20;
	9E1 : 20;
	9E2 : 20;
	9E3 : 20;
	9E4 : 20;
	9E5 : 20;
	9E6 : 20;
	9E7 : 20;
	9E8 : 20;
	9E9 : 20;
	9EA : 20;
	9EB : 64;
	9EC : 64;
	9ED : 64;
	9EE : 64;
	9EF : 64;
	9F0 : 64;
	9F1 : 64;
	9F2 : 64;
	9F3 : 64;
	9F4 : 64;
	9F5 : 64;
	9F6 : 64;
	9F7 : 64;
	9F8 : 64;
	9F9 : 64;
	9FA : 64;
	9FB : 64;
	9FC : 64;
	9FD : 00;
	9FE : 00;
	9FF : 00;
	A00 : 64;
	A01 : 64;
	A02 : 64;
	A03 : 64;
	A04 : 64;
	A05 : 64;
	A06 : 64;
	A07 : 64;
	A08 : 64;
	A09 : 64;
	A0A : 64;
	A0B : 64;
	A0C : 64;
	A0D : 64;
	A0E : 20;
	A0F : 20;
	A10 : 20;
	A11 : 20;
	A12 : 20;
	A13 : 20;
	A14 : 20;
	A15 : 20;
	A16 : 20;
	A17 : 20;
	A18 : 20;
	A19 : 20;
	A1A : 20;
	A1B : 20;
	A1C : 20;
	A1D : 00;
	A1E : 00;
	A1F : 00;
	A20 : 20;
	A21 : 20;
	A22 : 20;
	A23 : 20;
	A24 : 20;
	A25 : 20;
	A26 : 20;
	A27 : 20;
	A28 : 20;
	A29 : 20;
	A2A : 20;
	A2B : 64;
	A2C : 64;
	A2D : 64;
	A2E : 64;
	A2F : 64;
	A30 : 64;
	A31 : 64;
	A32 : 64;
	A33 : 64;
	A34 : 64;
	A35 : 64;
	A36 : 64;
	A37 : 64;
	A38 : 64;
	A39 : 64;
	A3A : 64;
	A3B : 64;
	A3C : 64;
	A3D : 00;
	A3E : 00;
	A3F : 00;
	A40 : 20;
	A41 : 20;
	A42 : 20;
	A43 : 20;
	A44 : 20;
	A45 : 20;
	A46 : 64;
	A47 : 64;
	A48 : 64;
	A49 : 20;
	A4A : 20;
	A4B : 20;
	A4C : 20;
	A4D : 20;
	A4E : 20;
	A4F : 20;
	A50 : 20;
	A51 : 20;
	A52 : 20;
	A53 : 64;
	A54 : 64;
	A55 : 64;
	A56 : 64;
	A57 : 64;
	A58 : 64;
	A59 : 64;
	A5A : 64;
	A5B : 64;
	A5C : 64;
	A5D : 20;
	A5E : 00;
	A5F : 00;
	A60 : 64;
	A61 : 64;
	A62 : 64;
	A63 : 64;
	A64 : 64;
	A65 : 64;
	A66 : 64;
	A67 : 64;
	A68 : 64;
	A69 : 64;
	A6A : 64;
	A6B : 64;
	A6C : 64;
	A6D : 64;
	A6E : 64;
	A6F : 64;
	A70 : 64;
	A71 : 64;
	A72 : 20;
	A73 : 20;
	A74 : 20;
	A75 : 20;
	A76 : 20;
	A77 : 20;
	A78 : 20;
	A79 : 20;
	A7A : 20;
	A7B : 20;
	A7C : 20;
	A7D : 00;
	A7E : 00;
	A7F : 00;
	A80 : 20;
	A81 : 20;
	A82 : 20;
	A83 : 20;
	A84 : 20;
	A85 : 20;
	A86 : 64;
	A87 : 64;
	A88 : 64;
	A89 : 20;
	A8A : 20;
	A8B : 20;
	A8C : 20;
	A8D : 20;
	A8E : 20;
	A8F : 20;
	A90 : 20;
	A91 : 20;
	A92 : 20;
	A93 : 64;
	A94 : 64;
	A95 : 64;
	A96 : 64;
	A97 : 64;
	A98 : 64;
	A99 : 64;
	A9A : 64;
	A9B : 64;
	A9C : 64;
	A9D : 20;
	A9E : 00;
	A9F : 00;
	AA0 : 64;
	AA1 : 64;
	AA2 : 64;
	AA3 : 64;
	AA4 : 64;
	AA5 : 64;
	AA6 : 64;
	AA7 : 64;
	AA8 : 64;
	AA9 : 64;
	AAA : 64;
	AAB : 64;
	AAC : 64;
	AAD : 64;
	AAE : 64;
	AAF : 64;
	AB0 : 64;
	AB1 : 64;
	AB2 : 20;
	AB3 : 20;
	AB4 : 20;
	AB5 : 20;
	AB6 : 20;
	AB7 : 20;
	AB8 : 20;
	AB9 : 20;
	ABA : 20;
	ABB : 20;
	ABC : 20;
	ABD : 00;
	ABE : 00;
	ABF : 00;
	AC0 : 20;
	AC1 : 20;
	AC2 : 20;
	AC3 : 20;
	AC4 : 20;
	AC5 : 20;
	AC6 : 64;
	AC7 : 64;
	AC8 : 64;
	AC9 : 20;
	ACA : 20;
	ACB : 20;
	ACC : 20;
	ACD : 20;
	ACE : 20;
	ACF : 20;
	AD0 : 20;
	AD1 : 20;
	AD2 : 20;
	AD3 : 64;
	AD4 : 64;
	AD5 : 64;
	AD6 : 64;
	AD7 : 64;
	AD8 : 64;
	AD9 : 64;
	ADA : 64;
	ADB : 64;
	ADC : 64;
	ADD : 20;
	ADE : 00;
	ADF : 00;
	AE0 : 64;
	AE1 : 64;
	AE2 : 64;
	AE3 : 64;
	AE4 : 64;
	AE5 : 64;
	AE6 : 64;
	AE7 : 64;
	AE8 : 64;
	AE9 : 64;
	AEA : 64;
	AEB : 64;
	AEC : 64;
	AED : 64;
	AEE : 64;
	AEF : 64;
	AF0 : 64;
	AF1 : 64;
	AF2 : 20;
	AF3 : 20;
	AF4 : 20;
	AF5 : 20;
	AF6 : 20;
	AF7 : 20;
	AF8 : 20;
	AF9 : 20;
	AFA : 20;
	AFB : 20;
	AFC : 20;
	AFD : 00;
	AFE : 00;
	AFF : 00;
	B00 : 64;
	B01 : 64;
	B02 : 64;
	B03 : 64;
	B04 : 64;
	B05 : 64;
	B06 : 64;
	B07 : 64;
	B08 : 64;
	B09 : 64;
	B0A : 64;
	B0B : 64;
	B0C : 64;
	B0D : 64;
	B0E : 8C;
	B0F : 8C;
	B10 : 8C;
	B11 : 8C;
	B12 : 8C;
	B13 : 8C;
	B14 : 8C;
	B15 : 8C;
	B16 : 8C;
	B17 : 8C;
	B18 : 64;
	B19 : 64;
	B1A : 64;
	B1B : 64;
	B1C : 64;
	B1D : 20;
	B1E : 00;
	B1F : 00;
	B20 : 64;
	B21 : 64;
	B22 : 64;
	B23 : 64;
	B24 : 64;
	B25 : 64;
	B26 : 64;
	B27 : 64;
	B28 : 8C;
	B29 : 8C;
	B2A : 8C;
	B2B : 8C;
	B2C : 8C;
	B2D : 8C;
	B2E : 8C;
	B2F : 8C;
	B30 : 8C;
	B31 : 8C;
	B32 : 8C;
	B33 : 8C;
	B34 : 8C;
	B35 : 8C;
	B36 : 8C;
	B37 : 8C;
	B38 : 64;
	B39 : 64;
	B3A : 64;
	B3B : 64;
	B3C : 64;
	B3D : 00;
	B3E : 00;
	B3F : 00;
	B40 : 64;
	B41 : 64;
	B42 : 64;
	B43 : 64;
	B44 : 64;
	B45 : 64;
	B46 : 64;
	B47 : 64;
	B48 : 64;
	B49 : 64;
	B4A : 64;
	B4B : 64;
	B4C : 64;
	B4D : 64;
	B4E : 8C;
	B4F : 8C;
	B50 : 8C;
	B51 : 8C;
	B52 : 8C;
	B53 : 8C;
	B54 : 8C;
	B55 : 8C;
	B56 : 8C;
	B57 : 8C;
	B58 : 64;
	B59 : 64;
	B5A : 64;
	B5B : 64;
	B5C : 64;
	B5D : 20;
	B5E : 00;
	B5F : 00;
	B60 : 64;
	B61 : 64;
	B62 : 64;
	B63 : 64;
	B64 : 64;
	B65 : 64;
	B66 : 64;
	B67 : 64;
	B68 : 6C;
	B69 : 8C;
	B6A : 8C;
	B6B : 8C;
	B6C : 8C;
	B6D : 8C;
	B6E : 8C;
	B6F : 8C;
	B70 : 8C;
	B71 : 8C;
	B72 : 8C;
	B73 : 8C;
	B74 : 8C;
	B75 : 8C;
	B76 : 8C;
	B77 : 8C;
	B78 : 64;
	B79 : 64;
	B7A : 64;
	B7B : 64;
	B7C : 64;
	B7D : 00;
	B7E : 00;
	B7F : 00;
	B80 : 20;
	B81 : 20;
	B82 : 20;
	B83 : 20;
	B84 : 20;
	B85 : 20;
	B86 : 20;
	B87 : 20;
	B88 : 20;
	B89 : 20;
	B8A : 20;
	B8B : 20;
	B8C : 20;
	B8D : 20;
	B8E : 20;
	B8F : 20;
	B90 : 20;
	B91 : 20;
	B92 : 20;
	B93 : 20;
	B94 : 20;
	B95 : 20;
	B96 : 20;
	B97 : 20;
	B98 : 20;
	B99 : 20;
	B9A : 20;
	B9B : 20;
	B9C : 20;
	B9D : 00;
	B9E : 00;
	B9F : 00;
	BA0 : 20;
	BA1 : 20;
	BA2 : 20;
	BA3 : 20;
	BA4 : 20;
	BA5 : 20;
	BA6 : 20;
	BA7 : 20;
	BA8 : 20;
	BA9 : 20;
	BAA : 20;
	BAB : 20;
	BAC : 20;
	BAD : 20;
	BAE : 20;
	BAF : 20;
	BB0 : 20;
	BB1 : 20;
	BB2 : 20;
	BB3 : 20;
	BB4 : 20;
	BB5 : 20;
	BB6 : 20;
	BB7 : 20;
	BB8 : 20;
	BB9 : 20;
	BBA : 20;
	BBB : 20;
	BBC : 20;
	BBD : 00;
	BBE : 00;
	BBF : 00;
	BC0 : 00;
	BC1 : 00;
	BC2 : 00;
	BC3 : 00;
	BC4 : 00;
	BC5 : 00;
	BC6 : 00;
	BC7 : 00;
	BC8 : 00;
	BC9 : 00;
	BCA : 00;
	BCB : 00;
	BCC : 00;
	BCD : 00;
	BCE : 00;
	BCF : 00;
	BD0 : 00;
	BD1 : 00;
	BD2 : 00;
	BD3 : 00;
	BD4 : 00;
	BD5 : 00;
	BD6 : 00;
	BD7 : 00;
	BD8 : 00;
	BD9 : 00;
	BDA : 00;
	BDB : 00;
	BDC : 00;
	BDD : 00;
	BDE : 00;
	BDF : 00;
	BE0 : 00;
	BE1 : 00;
	BE2 : 00;
	BE3 : 00;
	BE4 : 00;
	BE5 : 00;
	BE6 : 00;
	BE7 : 00;
	BE8 : 00;
	BE9 : 00;
	BEA : 00;
	BEB : 00;
	BEC : 00;
	BED : 00;
	BEE : 00;
	BEF : 00;
	BF0 : 00;
	BF1 : 00;
	BF2 : 00;
	BF3 : 00;
	BF4 : 00;
	BF5 : 00;
	BF6 : 00;
	BF7 : 00;
	BF8 : 00;
	BF9 : 00;
	BFA : 00;
	BFB : 00;
	BFC : 00;
	BFD : 00;
	BFE : 00;
	BFF : 00;
	C00 : 00;
	C01 : 00;
	C02 : 00;
	C03 : 00;
	C04 : 00;
	C05 : 00;
	C06 : 00;
	C07 : 00;
	C08 : 00;
	C09 : 00;
	C0A : 00;
	C0B : 00;
	C0C : 00;
	C0D : 00;
	C0E : 00;
	C0F : 00;
	C10 : 00;
	C11 : 00;
	C12 : 00;
	C13 : 00;
	C14 : 00;
	C15 : 00;
	C16 : 00;
	C17 : 00;
	C18 : 00;
	C19 : 00;
	C1A : 00;
	C1B : 00;
	C1C : 00;
	C1D : 00;
	C1E : 00;
	C1F : 00;
	C20 : 00;
	C21 : 00;
	C22 : 00;
	C23 : 00;
	C24 : 00;
	C25 : 00;
	C26 : 00;
	C27 : 00;
	C28 : 00;
	C29 : 00;
	C2A : 00;
	C2B : 00;
	C2C : 00;
	C2D : 00;
	C2E : 00;
	C2F : 00;
	C30 : 00;
	C31 : 00;
	C32 : 00;
	C33 : 00;
	C34 : 00;
	C35 : 00;
	C36 : 00;
	C37 : 00;
	C38 : 00;
	C39 : 00;
	C3A : 00;
	C3B : 00;
	C3C : 00;
	C3D : 00;
	C3E : 00;
	C3F : 00;
	C40 : 8C;
	C41 : 64;
	C42 : 64;
	C43 : 64;
	C44 : 64;
	C45 : 64;
	C46 : 24;
	C47 : 20;
	C48 : 20;
	C49 : 20;
	C4A : 20;
	C4B : 64;
	C4C : 64;
	C4D : 64;
	C4E : 00;
	C4F : 00;
	C50 : 64;
	C51 : 24;
	C52 : 64;
	C53 : 20;
	C54 : 20;
	C55 : 20;
	C56 : 20;
	C57 : 20;
	C58 : 20;
	C59 : 20;
	C5A : 20;
	C5B : 64;
	C5C : 64;
	C5D : 64;
	C5E : 64;
	C5F : 64;
	C60 : 8C;
	C61 : 8C;
	C62 : 8C;
	C63 : 8C;
	C64 : 8C;
	C65 : 8C;
	C66 : 8C;
	C67 : 8C;
	C68 : 8C;
	C69 : 84;
	C6A : 8C;
	C6B : 64;
	C6C : 64;
	C6D : 00;
	C6E : 00;
	C6F : 00;
	C70 : 64;
	C71 : 24;
	C72 : 8C;
	C73 : 8C;
	C74 : 8C;
	C75 : 8C;
	C76 : 8C;
	C77 : 8C;
	C78 : 8C;
	C79 : 8C;
	C7A : 8C;
	C7B : 8C;
	C7C : 8C;
	C7D : 64;
	C7E : 64;
	C7F : 64;
	C80 : 8C;
	C81 : 64;
	C82 : 64;
	C83 : 64;
	C84 : 64;
	C85 : 64;
	C86 : 20;
	C87 : 20;
	C88 : 20;
	C89 : 20;
	C8A : 20;
	C8B : 64;
	C8C : 64;
	C8D : 64;
	C8E : 00;
	C8F : 00;
	C90 : 64;
	C91 : 64;
	C92 : 64;
	C93 : 20;
	C94 : 20;
	C95 : 20;
	C96 : 20;
	C97 : 20;
	C98 : 20;
	C99 : 20;
	C9A : 20;
	C9B : 64;
	C9C : 64;
	C9D : 64;
	C9E : 64;
	C9F : 64;
	CA0 : 8C;
	CA1 : 8C;
	CA2 : 8C;
	CA3 : 6C;
	CA4 : 8C;
	CA5 : 8C;
	CA6 : 8C;
	CA7 : 8C;
	CA8 : 8C;
	CA9 : 8C;
	CAA : 8C;
	CAB : 64;
	CAC : 64;
	CAD : 00;
	CAE : 00;
	CAF : 00;
	CB0 : 64;
	CB1 : 64;
	CB2 : 8C;
	CB3 : 8C;
	CB4 : 8C;
	CB5 : 8C;
	CB6 : 8C;
	CB7 : 8C;
	CB8 : 8C;
	CB9 : 8C;
	CBA : 8C;
	CBB : 8C;
	CBC : 8C;
	CBD : 64;
	CBE : 64;
	CBF : 64;
	CC0 : 8C;
	CC1 : 64;
	CC2 : 64;
	CC3 : 64;
	CC4 : 64;
	CC5 : 64;
	CC6 : 20;
	CC7 : 20;
	CC8 : 20;
	CC9 : 20;
	CCA : 20;
	CCB : 64;
	CCC : 64;
	CCD : 64;
	CCE : 00;
	CCF : 00;
	CD0 : 64;
	CD1 : 64;
	CD2 : 64;
	CD3 : 20;
	CD4 : 20;
	CD5 : 20;
	CD6 : 20;
	CD7 : 20;
	CD8 : 20;
	CD9 : 20;
	CDA : 20;
	CDB : 64;
	CDC : 64;
	CDD : 64;
	CDE : 64;
	CDF : 64;
	CE0 : 8C;
	CE1 : 8C;
	CE2 : 8C;
	CE3 : 8C;
	CE4 : 8C;
	CE5 : 8C;
	CE6 : 8C;
	CE7 : 8C;
	CE8 : 8C;
	CE9 : 8C;
	CEA : 8C;
	CEB : 64;
	CEC : 64;
	CED : 00;
	CEE : 00;
	CEF : 00;
	CF0 : 64;
	CF1 : 64;
	CF2 : 8C;
	CF3 : 8C;
	CF4 : 8C;
	CF5 : 8C;
	CF6 : 8C;
	CF7 : 8C;
	CF8 : 8C;
	CF9 : 8C;
	CFA : 8C;
	CFB : 8C;
	CFC : 8C;
	CFD : 64;
	CFE : 64;
	CFF : 64;
	D00 : 64;
	D01 : 64;
	D02 : 64;
	D03 : 64;
	D04 : 64;
	D05 : 64;
	D06 : 64;
	D07 : 64;
	D08 : 64;
	D09 : 64;
	D0A : 64;
	D0B : 64;
	D0C : 64;
	D0D : 64;
	D0E : 00;
	D0F : 00;
	D10 : 20;
	D11 : 20;
	D12 : 20;
	D13 : 20;
	D14 : 20;
	D15 : 20;
	D16 : 20;
	D17 : 20;
	D18 : 20;
	D19 : 20;
	D1A : 20;
	D1B : 20;
	D1C : 20;
	D1D : 20;
	D1E : 20;
	D1F : 20;
	D20 : 20;
	D21 : 20;
	D22 : 20;
	D23 : 20;
	D24 : 20;
	D25 : 20;
	D26 : 20;
	D27 : 20;
	D28 : 64;
	D29 : 64;
	D2A : 64;
	D2B : 64;
	D2C : 64;
	D2D : 00;
	D2E : 00;
	D2F : 00;
	D30 : 20;
	D31 : 20;
	D32 : 20;
	D33 : 20;
	D34 : 20;
	D35 : 20;
	D36 : 20;
	D37 : 20;
	D38 : 20;
	D39 : 20;
	D3A : 20;
	D3B : 20;
	D3C : 20;
	D3D : 20;
	D3E : 20;
	D3F : 20;
	D40 : 64;
	D41 : 64;
	D42 : 64;
	D43 : 64;
	D44 : 64;
	D45 : 64;
	D46 : 64;
	D47 : 64;
	D48 : 64;
	D49 : 64;
	D4A : 64;
	D4B : 64;
	D4C : 64;
	D4D : 64;
	D4E : 00;
	D4F : 00;
	D50 : 20;
	D51 : 20;
	D52 : 20;
	D53 : 20;
	D54 : 20;
	D55 : 20;
	D56 : 20;
	D57 : 20;
	D58 : 20;
	D59 : 20;
	D5A : 20;
	D5B : 20;
	D5C : 20;
	D5D : 20;
	D5E : 20;
	D5F : 20;
	D60 : 20;
	D61 : 20;
	D62 : 20;
	D63 : 20;
	D64 : 20;
	D65 : 20;
	D66 : 20;
	D67 : 20;
	D68 : 64;
	D69 : 64;
	D6A : 64;
	D6B : 64;
	D6C : 64;
	D6D : 00;
	D6E : 00;
	D6F : 00;
	D70 : 20;
	D71 : 20;
	D72 : 20;
	D73 : 20;
	D74 : 20;
	D75 : 20;
	D76 : 20;
	D77 : 20;
	D78 : 20;
	D79 : 20;
	D7A : 20;
	D7B : 20;
	D7C : 20;
	D7D : 20;
	D7E : 20;
	D7F : 20;
	D80 : 64;
	D81 : 64;
	D82 : 64;
	D83 : 64;
	D84 : 64;
	D85 : 64;
	D86 : 64;
	D87 : 64;
	D88 : 64;
	D89 : 64;
	D8A : 64;
	D8B : 64;
	D8C : 64;
	D8D : 64;
	D8E : 00;
	D8F : 00;
	D90 : 20;
	D91 : 20;
	D92 : 20;
	D93 : 20;
	D94 : 20;
	D95 : 20;
	D96 : 20;
	D97 : 20;
	D98 : 20;
	D99 : 20;
	D9A : 20;
	D9B : 20;
	D9C : 20;
	D9D : 20;
	D9E : 20;
	D9F : 20;
	DA0 : 20;
	DA1 : 20;
	DA2 : 20;
	DA3 : 20;
	DA4 : 20;
	DA5 : 20;
	DA6 : 20;
	DA7 : 20;
	DA8 : 64;
	DA9 : 64;
	DAA : 64;
	DAB : 64;
	DAC : 64;
	DAD : 00;
	DAE : 00;
	DAF : 00;
	DB0 : 20;
	DB1 : 20;
	DB2 : 20;
	DB3 : 20;
	DB4 : 20;
	DB5 : 20;
	DB6 : 20;
	DB7 : 20;
	DB8 : 24;
	DB9 : 20;
	DBA : 20;
	DBB : 20;
	DBC : 20;
	DBD : 20;
	DBE : 20;
	DBF : 20;
	DC0 : 64;
	DC1 : 8C;
	DC2 : 8C;
	DC3 : 64;
	DC4 : 64;
	DC5 : 64;
	DC6 : 64;
	DC7 : 64;
	DC8 : 64;
	DC9 : 64;
	DCA : 64;
	DCB : 64;
	DCC : 64;
	DCD : 64;
	DCE : 00;
	DCF : 00;
	DD0 : 64;
	DD1 : 64;
	DD2 : 64;
	DD3 : 64;
	DD4 : 64;
	DD5 : 64;
	DD6 : 64;
	DD7 : 64;
	DD8 : 64;
	DD9 : 64;
	DDA : 64;
	DDB : 64;
	DDC : 64;
	DDD : 64;
	DDE : 64;
	DDF : 64;
	DE0 : 64;
	DE1 : 64;
	DE2 : 64;
	DE3 : 64;
	DE4 : 64;
	DE5 : 64;
	DE6 : 64;
	DE7 : 64;
	DE8 : 64;
	DE9 : 64;
	DEA : 64;
	DEB : 64;
	DEC : 64;
	DED : 00;
	DEE : 00;
	DEF : 00;
	DF0 : 64;
	DF1 : 64;
	DF2 : 64;
	DF3 : 64;
	DF4 : 64;
	DF5 : 64;
	DF6 : 64;
	DF7 : 6C;
	DF8 : 8C;
	DF9 : 8C;
	DFA : 8C;
	DFB : 8C;
	DFC : 8C;
	DFD : 8C;
	DFE : 8C;
	DFF : 8C;
	E00 : 64;
	E01 : 8C;
	E02 : 8C;
	E03 : 64;
	E04 : 64;
	E05 : 64;
	E06 : 64;
	E07 : 64;
	E08 : 64;
	E09 : 64;
	E0A : 64;
	E0B : 64;
	E0C : 64;
	E0D : 64;
	E0E : 00;
	E0F : 00;
	E10 : 64;
	E11 : 64;
	E12 : 64;
	E13 : 64;
	E14 : 64;
	E15 : 64;
	E16 : 64;
	E17 : 64;
	E18 : 64;
	E19 : 64;
	E1A : 64;
	E1B : 64;
	E1C : 64;
	E1D : 64;
	E1E : 64;
	E1F : 64;
	E20 : 64;
	E21 : 64;
	E22 : 64;
	E23 : 64;
	E24 : 64;
	E25 : 64;
	E26 : 64;
	E27 : 64;
	E28 : 64;
	E29 : 64;
	E2A : 64;
	E2B : 64;
	E2C : 64;
	E2D : 00;
	E2E : 00;
	E2F : 00;
	E30 : 64;
	E31 : 64;
	E32 : 64;
	E33 : 64;
	E34 : 64;
	E35 : 64;
	E36 : 64;
	E37 : 6C;
	E38 : 8C;
	E39 : 8C;
	E3A : 8C;
	E3B : 8C;
	E3C : 8C;
	E3D : 8C;
	E3E : 8C;
	E3F : 6C;
	E40 : 64;
	E41 : 8C;
	E42 : 8C;
	E43 : 64;
	E44 : 64;
	E45 : 64;
	E46 : 64;
	E47 : 64;
	E48 : 64;
	E49 : 64;
	E4A : 64;
	E4B : 64;
	E4C : 64;
	E4D : 64;
	E4E : 00;
	E4F : 00;
	E50 : 64;
	E51 : 64;
	E52 : 64;
	E53 : 64;
	E54 : 64;
	E55 : 64;
	E56 : 64;
	E57 : 64;
	E58 : 64;
	E59 : 64;
	E5A : 64;
	E5B : 64;
	E5C : 64;
	E5D : 64;
	E5E : 64;
	E5F : 64;
	E60 : 64;
	E61 : 64;
	E62 : 64;
	E63 : 64;
	E64 : 64;
	E65 : 64;
	E66 : 64;
	E67 : 64;
	E68 : 64;
	E69 : 64;
	E6A : 64;
	E6B : 64;
	E6C : 64;
	E6D : 00;
	E6E : 00;
	E6F : 00;
	E70 : 64;
	E71 : 64;
	E72 : 64;
	E73 : 64;
	E74 : 64;
	E75 : 64;
	E76 : 64;
	E77 : 6C;
	E78 : 8C;
	E79 : 8C;
	E7A : 8C;
	E7B : 8C;
	E7C : 84;
	E7D : 84;
	E7E : 8C;
	E7F : 8C;
	E80 : 20;
	E81 : 20;
	E82 : 20;
	E83 : 20;
	E84 : 20;
	E85 : 20;
	E86 : 20;
	E87 : 20;
	E88 : 20;
	E89 : 20;
	E8A : 20;
	E8B : 64;
	E8C : 64;
	E8D : 64;
	E8E : 00;
	E8F : 00;
	E90 : 64;
	E91 : 64;
	E92 : 64;
	E93 : 8C;
	E94 : 8C;
	E95 : 8C;
	E96 : 8C;
	E97 : 8C;
	E98 : 8C;
	E99 : 8C;
	E9A : 8C;
	E9B : 64;
	E9C : 64;
	E9D : 64;
	E9E : 64;
	E9F : 64;
	EA0 : 64;
	EA1 : 64;
	EA2 : 64;
	EA3 : 20;
	EA4 : 20;
	EA5 : 20;
	EA6 : 20;
	EA7 : 20;
	EA8 : 20;
	EA9 : 20;
	EAA : 20;
	EAB : 20;
	EAC : 20;
	EAD : 00;
	EAE : 00;
	EAF : 00;
	EB0 : 64;
	EB1 : 64;
	EB2 : 64;
	EB3 : 64;
	EB4 : 64;
	EB5 : 64;
	EB6 : 64;
	EB7 : 64;
	EB8 : 64;
	EB9 : 64;
	EBA : 64;
	EBB : 64;
	EBC : 64;
	EBD : 20;
	EBE : 20;
	EBF : 20;
	EC0 : 20;
	EC1 : 24;
	EC2 : 20;
	EC3 : 20;
	EC4 : 20;
	EC5 : 20;
	EC6 : 20;
	EC7 : 20;
	EC8 : 20;
	EC9 : 20;
	ECA : 20;
	ECB : 64;
	ECC : 64;
	ECD : 64;
	ECE : 00;
	ECF : 00;
	ED0 : 64;
	ED1 : 64;
	ED2 : 64;
	ED3 : 8C;
	ED4 : 8C;
	ED5 : 8C;
	ED6 : 8C;
	ED7 : 8C;
	ED8 : 8C;
	ED9 : 8C;
	EDA : 8C;
	EDB : 64;
	EDC : 64;
	EDD : 64;
	EDE : 64;
	EDF : 64;
	EE0 : 64;
	EE1 : 64;
	EE2 : 64;
	EE3 : 20;
	EE4 : 20;
	EE5 : 20;
	EE6 : 20;
	EE7 : 20;
	EE8 : 20;
	EE9 : 20;
	EEA : 20;
	EEB : 20;
	EEC : 20;
	EED : 00;
	EEE : 00;
	EEF : 00;
	EF0 : 64;
	EF1 : 64;
	EF2 : 64;
	EF3 : 64;
	EF4 : 64;
	EF5 : 64;
	EF6 : 64;
	EF7 : 64;
	EF8 : 64;
	EF9 : 64;
	EFA : 64;
	EFB : 64;
	EFC : 64;
	EFD : 20;
	EFE : 20;
	EFF : 20;
	F00 : 20;
	F01 : 64;
	F02 : 64;
	F03 : 64;
	F04 : 64;
	F05 : 64;
	F06 : 64;
	F07 : 64;
	F08 : 64;
	F09 : 64;
	F0A : 64;
	F0B : 64;
	F0C : 64;
	F0D : 64;
	F0E : 00;
	F0F : 00;
	F10 : 64;
	F11 : 64;
	F12 : 64;
	F13 : 64;
	F14 : 64;
	F15 : 64;
	F16 : 64;
	F17 : 64;
	F18 : 20;
	F19 : 20;
	F1A : 20;
	F1B : 20;
	F1C : 20;
	F1D : 20;
	F1E : 20;
	F1F : 20;
	F20 : 20;
	F21 : 20;
	F22 : 20;
	F23 : 64;
	F24 : 64;
	F25 : 64;
	F26 : 64;
	F27 : 64;
	F28 : 64;
	F29 : 64;
	F2A : 64;
	F2B : 64;
	F2C : 64;
	F2D : 00;
	F2E : 00;
	F2F : 00;
	F30 : 64;
	F31 : 64;
	F32 : 64;
	F33 : 64;
	F34 : 64;
	F35 : 20;
	F36 : 20;
	F37 : 20;
	F38 : 20;
	F39 : 20;
	F3A : 20;
	F3B : 20;
	F3C : 20;
	F3D : 20;
	F3E : 20;
	F3F : 20;
	F40 : 20;
	F41 : 64;
	F42 : 64;
	F43 : 64;
	F44 : 64;
	F45 : 64;
	F46 : 64;
	F47 : 64;
	F48 : 64;
	F49 : 64;
	F4A : 64;
	F4B : 64;
	F4C : 64;
	F4D : 64;
	F4E : 00;
	F4F : 00;
	F50 : 64;
	F51 : 64;
	F52 : 64;
	F53 : 64;
	F54 : 64;
	F55 : 64;
	F56 : 64;
	F57 : 64;
	F58 : 20;
	F59 : 20;
	F5A : 20;
	F5B : 20;
	F5C : 20;
	F5D : 20;
	F5E : 20;
	F5F : 20;
	F60 : 20;
	F61 : 20;
	F62 : 20;
	F63 : 64;
	F64 : 64;
	F65 : 64;
	F66 : 64;
	F67 : 64;
	F68 : 64;
	F69 : 64;
	F6A : 64;
	F6B : 64;
	F6C : 64;
	F6D : 00;
	F6E : 00;
	F6F : 00;
	F70 : 64;
	F71 : 64;
	F72 : 64;
	F73 : 64;
	F74 : 64;
	F75 : 20;
	F76 : 20;
	F77 : 20;
	F78 : 20;
	F79 : 20;
	F7A : 20;
	F7B : 20;
	F7C : 20;
	F7D : 20;
	F7E : 20;
	F7F : 20;
	F80 : 20;
	F81 : 64;
	F82 : 64;
	F83 : 64;
	F84 : 64;
	F85 : 64;
	F86 : 64;
	F87 : 64;
	F88 : 64;
	F89 : 64;
	F8A : 64;
	F8B : 64;
	F8C : 64;
	F8D : 64;
	F8E : 00;
	F8F : 00;
	F90 : 64;
	F91 : 64;
	F92 : 64;
	F93 : 64;
	F94 : 64;
	F95 : 64;
	F96 : 64;
	F97 : 64;
	F98 : 20;
	F99 : 20;
	F9A : 20;
	F9B : 20;
	F9C : 20;
	F9D : 20;
	F9E : 20;
	F9F : 20;
	FA0 : 20;
	FA1 : 20;
	FA2 : 20;
	FA3 : 64;
	FA4 : 64;
	FA5 : 64;
	FA6 : 64;
	FA7 : 64;
	FA8 : 64;
	FA9 : 64;
	FAA : 64;
	FAB : 64;
	FAC : 64;
	FAD : 00;
	FAE : 00;
	FAF : 00;
	FB0 : 64;
	FB1 : 64;
	FB2 : 64;
	FB3 : 64;
	FB4 : 64;
	FB5 : 20;
	FB6 : 20;
	FB7 : 20;
	FB8 : 20;
	FB9 : 20;
	FBA : 20;
	FBB : 20;
	FBC : 20;
	FBD : 20;
	FBE : 20;
	FBF : 20;
	FC0 : 00;
	FC1 : 00;
	FC2 : 00;
	FC3 : 00;
	FC4 : 00;
	FC5 : 00;
	FC6 : 00;
	FC7 : 00;
	FC8 : 00;
	FC9 : 00;
	FCA : 00;
	FCB : 00;
	FCC : 00;
	FCD : 00;
	FCE : 00;
	FCF : 00;
	FD0 : 00;
	FD1 : 00;
	FD2 : 00;
	FD3 : 00;
	FD4 : 00;
	FD5 : 00;
	FD6 : 00;
	FD7 : 00;
	FD8 : 00;
	FD9 : 00;
	FDA : 00;
	FDB : 00;
	FDC : 00;
	FDD : 00;
	FDE : 00;
	FDF : 00;
	FE0 : 00;
	FE1 : 00;
	FE2 : 00;
	FE3 : 00;
	FE4 : 00;
	FE5 : 00;
	FE6 : 00;
	FE7 : 00;
	FE8 : 00;
	FE9 : 00;
	FEA : 00;
	FEB : 00;
	FEC : 00;
	FED : 00;
	FEE : 00;
	FEF : 00;
	FF0 : 00;
	FF1 : 00;
	FF2 : 00;
	FF3 : 00;
	FF4 : 00;
	FF5 : 00;
	FF6 : 00;
	FF7 : 00;
	FF8 : 00;
	FF9 : 00;
	FFA : 00;
	FFB : 00;
	FFC : 00;
	FFD : 00;
	FFE : 00;
	FFF : 00;
	1000 : 6D;
	1001 : 6D;
	1002 : 6D;
	1003 : 6D;
	1004 : 6D;
	1005 : 6D;
	1006 : 6D;
	1007 : 6D;
	1008 : 6D;
	1009 : 6D;
	100A : 6D;
	100B : 6D;
	100C : 6D;
	100D : 24;
	100E : 24;
	100F : 24;
	1010 : 6D;
	1011 : 6D;
	1012 : 6D;
	1013 : 00;
	1014 : 00;
	1015 : 00;
	1016 : 00;
	1017 : 00;
	1018 : 00;
	1019 : 00;
	101A : 00;
	101B : 24;
	101C : 24;
	101D : 6D;
	101E : 6D;
	101F : 6D;
	1020 : 24;
	1021 : 24;
	1022 : 24;
	1023 : 24;
	1024 : 24;
	1025 : 24;
	1026 : 24;
	1027 : 24;
	1028 : 00;
	1029 : 00;
	102A : 00;
	102B : 00;
	102C : 00;
	102D : 00;
	102E : 00;
	102F : 00;
	1030 : 24;
	1031 : 24;
	1032 : 24;
	1033 : 6D;
	1034 : 6D;
	1035 : 6D;
	1036 : 6D;
	1037 : 6D;
	1038 : 6D;
	1039 : 6D;
	103A : 6D;
	103B : 6D;
	103C : 6D;
	103D : 6D;
	103E : 6D;
	103F : 6D;
	1040 : 6D;
	1041 : 6D;
	1042 : 6D;
	1043 : 6D;
	1044 : 6D;
	1045 : 6D;
	1046 : 6D;
	1047 : 6D;
	1048 : 6D;
	1049 : 6D;
	104A : 6D;
	104B : 6D;
	104C : 6D;
	104D : 25;
	104E : 25;
	104F : 25;
	1050 : 6D;
	1051 : 6D;
	1052 : 6D;
	1053 : 00;
	1054 : 00;
	1055 : 00;
	1056 : 00;
	1057 : 00;
	1058 : 00;
	1059 : 00;
	105A : 00;
	105B : 25;
	105C : 25;
	105D : 6D;
	105E : 6D;
	105F : 6D;
	1060 : 25;
	1061 : 25;
	1062 : 25;
	1063 : 24;
	1064 : 24;
	1065 : 25;
	1066 : 25;
	1067 : 25;
	1068 : 00;
	1069 : 00;
	106A : 00;
	106B : 00;
	106C : 00;
	106D : 00;
	106E : 00;
	106F : 00;
	1070 : 24;
	1071 : 25;
	1072 : 25;
	1073 : 6D;
	1074 : 6D;
	1075 : 6D;
	1076 : 6D;
	1077 : 6D;
	1078 : 6D;
	1079 : 6D;
	107A : 6D;
	107B : 6D;
	107C : 6D;
	107D : 6D;
	107E : 6D;
	107F : 6D;
	1080 : 6D;
	1081 : 6D;
	1082 : 6D;
	1083 : 6D;
	1084 : 6D;
	1085 : 6D;
	1086 : 6D;
	1087 : 6D;
	1088 : 6D;
	1089 : 6D;
	108A : 6D;
	108B : 6D;
	108C : 6D;
	108D : 25;
	108E : 25;
	108F : 25;
	1090 : 6D;
	1091 : 6D;
	1092 : 6D;
	1093 : 00;
	1094 : 00;
	1095 : 00;
	1096 : 00;
	1097 : 00;
	1098 : 00;
	1099 : 00;
	109A : 00;
	109B : 24;
	109C : 24;
	109D : 6D;
	109E : 6D;
	109F : 6D;
	10A0 : 25;
	10A1 : 24;
	10A2 : 24;
	10A3 : 24;
	10A4 : 24;
	10A5 : 25;
	10A6 : 24;
	10A7 : 24;
	10A8 : 00;
	10A9 : 00;
	10AA : 00;
	10AB : 00;
	10AC : 00;
	10AD : 00;
	10AE : 00;
	10AF : 00;
	10B0 : 24;
	10B1 : 24;
	10B2 : 24;
	10B3 : 6D;
	10B4 : 6D;
	10B5 : 6D;
	10B6 : 6D;
	10B7 : 6D;
	10B8 : 6D;
	10B9 : 6D;
	10BA : 6D;
	10BB : 6D;
	10BC : 6D;
	10BD : 6D;
	10BE : 6D;
	10BF : 6D;
	10C0 : 6D;
	10C1 : 6D;
	10C2 : 6D;
	10C3 : 6D;
	10C4 : 6D;
	10C5 : 6D;
	10C6 : 6D;
	10C7 : 6D;
	10C8 : 6D;
	10C9 : 6D;
	10CA : 6D;
	10CB : 24;
	10CC : 24;
	10CD : 6D;
	10CE : 6D;
	10CF : 6D;
	10D0 : 25;
	10D1 : 25;
	10D2 : 25;
	10D3 : 00;
	10D4 : 00;
	10D5 : 00;
	10D6 : 00;
	10D7 : 00;
	10D8 : 00;
	10D9 : 00;
	10DA : 00;
	10DB : 00;
	10DC : 00;
	10DD : 00;
	10DE : 00;
	10DF : 00;
	10E0 : 00;
	10E1 : 00;
	10E2 : 00;
	10E3 : 00;
	10E4 : 00;
	10E5 : 00;
	10E6 : 00;
	10E7 : 00;
	10E8 : 00;
	10E9 : 00;
	10EA : 00;
	10EB : 00;
	10EC : 00;
	10ED : 00;
	10EE : 00;
	10EF : 00;
	10F0 : 00;
	10F1 : 00;
	10F2 : 00;
	10F3 : 00;
	10F4 : 00;
	10F5 : 00;
	10F6 : 25;
	10F7 : 25;
	10F8 : 6D;
	10F9 : 6D;
	10FA : 6D;
	10FB : 6D;
	10FC : 6D;
	10FD : 6D;
	10FE : 6D;
	10FF : 6D;
	1100 : 6D;
	1101 : 6D;
	1102 : 6D;
	1103 : 6D;
	1104 : 6D;
	1105 : 6D;
	1106 : 6D;
	1107 : 6D;
	1108 : 6D;
	1109 : 6D;
	110A : 6D;
	110B : 25;
	110C : 25;
	110D : 6D;
	110E : 6D;
	110F : 6D;
	1110 : 24;
	1111 : 25;
	1112 : 25;
	1113 : 00;
	1114 : 00;
	1115 : 00;
	1116 : 00;
	1117 : 00;
	1118 : 00;
	1119 : 00;
	111A : 00;
	111B : 00;
	111C : 00;
	111D : 00;
	111E : 00;
	111F : 00;
	1120 : 00;
	1121 : 00;
	1122 : 00;
	1123 : 00;
	1124 : 00;
	1125 : 00;
	1126 : 00;
	1127 : 00;
	1128 : 00;
	1129 : 00;
	112A : 00;
	112B : 00;
	112C : 00;
	112D : 00;
	112E : 00;
	112F : 00;
	1130 : 00;
	1131 : 00;
	1132 : 00;
	1133 : 00;
	1134 : 00;
	1135 : 00;
	1136 : 24;
	1137 : 25;
	1138 : 6D;
	1139 : 6D;
	113A : 6D;
	113B : 6D;
	113C : 6D;
	113D : 6D;
	113E : 6D;
	113F : 6D;
	1140 : 6D;
	1141 : 6D;
	1142 : 6D;
	1143 : 6D;
	1144 : 6D;
	1145 : 2D;
	1146 : 6D;
	1147 : 2D;
	1148 : 6D;
	1149 : 6D;
	114A : 6D;
	114B : 24;
	114C : 24;
	114D : 2D;
	114E : 6D;
	114F : 6D;
	1150 : 00;
	1151 : 04;
	1152 : 24;
	1153 : 00;
	1154 : 00;
	1155 : 00;
	1156 : 00;
	1157 : 00;
	1158 : 00;
	1159 : 00;
	115A : 00;
	115B : 00;
	115C : 00;
	115D : 25;
	115E : 25;
	115F : 25;
	1160 : 6D;
	1161 : 6D;
	1162 : 6D;
	1163 : 25;
	1164 : 24;
	1165 : 25;
	1166 : 25;
	1167 : 25;
	1168 : 25;
	1169 : 25;
	116A : 25;
	116B : 24;
	116C : 24;
	116D : 25;
	116E : 25;
	116F : 25;
	1170 : 25;
	1171 : 24;
	1172 : 25;
	1173 : 00;
	1174 : 00;
	1175 : 00;
	1176 : 04;
	1177 : 04;
	1178 : 24;
	1179 : 24;
	117A : 24;
	117B : 6D;
	117C : 2D;
	117D : 2D;
	117E : 2D;
	117F : 2D;
	1180 : 6D;
	1181 : 6D;
	1182 : 6D;
	1183 : 6D;
	1184 : 6D;
	1185 : 25;
	1186 : 25;
	1187 : 25;
	1188 : 6D;
	1189 : 6D;
	118A : 6D;
	118B : 24;
	118C : 25;
	118D : 25;
	118E : 25;
	118F : 25;
	1190 : 00;
	1191 : 00;
	1192 : 00;
	1193 : 00;
	1194 : 00;
	1195 : 00;
	1196 : 00;
	1197 : 00;
	1198 : 00;
	1199 : 00;
	119A : 00;
	119B : 00;
	119C : 00;
	119D : 6D;
	119E : 91;
	119F : 6D;
	11A0 : B6;
	11A1 : B6;
	11A2 : B6;
	11A3 : 6D;
	11A4 : 6D;
	11A5 : 6D;
	11A6 : 6D;
	11A7 : 71;
	11A8 : 71;
	11A9 : 6D;
	11AA : 6D;
	11AB : 6D;
	11AC : 6D;
	11AD : 6D;
	11AE : 71;
	11AF : 71;
	11B0 : 6D;
	11B1 : 6D;
	11B2 : 6D;
	11B3 : 00;
	11B4 : 00;
	11B5 : 00;
	11B6 : 00;
	11B7 : 00;
	11B8 : 00;
	11B9 : 00;
	11BA : 00;
	11BB : 25;
	11BC : 25;
	11BD : 25;
	11BE : 25;
	11BF : 25;
	11C0 : 6D;
	11C1 : 6D;
	11C2 : 6D;
	11C3 : 6D;
	11C4 : 6D;
	11C5 : 25;
	11C6 : 25;
	11C7 : 25;
	11C8 : 6D;
	11C9 : 6D;
	11CA : 6D;
	11CB : 25;
	11CC : 25;
	11CD : 25;
	11CE : 24;
	11CF : 24;
	11D0 : 00;
	11D1 : 00;
	11D2 : 00;
	11D3 : 00;
	11D4 : 00;
	11D5 : 00;
	11D6 : 00;
	11D7 : 00;
	11D8 : 00;
	11D9 : 00;
	11DA : 00;
	11DB : 00;
	11DC : 00;
	11DD : 6D;
	11DE : 71;
	11DF : 6D;
	11E0 : B6;
	11E1 : B6;
	11E2 : B6;
	11E3 : 6D;
	11E4 : 6D;
	11E5 : 6D;
	11E6 : 6D;
	11E7 : 6D;
	11E8 : 71;
	11E9 : 6D;
	11EA : 6D;
	11EB : 6D;
	11EC : 6D;
	11ED : 6D;
	11EE : 6D;
	11EF : 6D;
	11F0 : 6D;
	11F1 : 6D;
	11F2 : 6D;
	11F3 : 00;
	11F4 : 00;
	11F5 : 00;
	11F6 : 00;
	11F7 : 00;
	11F8 : 00;
	11F9 : 00;
	11FA : 00;
	11FB : 25;
	11FC : 25;
	11FD : 25;
	11FE : 25;
	11FF : 25;
	1200 : 00;
	1201 : 00;
	1202 : 00;
	1203 : 00;
	1204 : 00;
	1205 : 00;
	1206 : 00;
	1207 : 00;
	1208 : 00;
	1209 : 00;
	120A : 00;
	120B : 00;
	120C : 00;
	120D : 00;
	120E : 00;
	120F : 00;
	1210 : 00;
	1211 : 00;
	1212 : 00;
	1213 : 00;
	1214 : 00;
	1215 : 00;
	1216 : 00;
	1217 : 00;
	1218 : 71;
	1219 : 91;
	121A : 91;
	121B : 92;
	121C : 92;
	121D : 92;
	121E : 92;
	121F : 92;
	1220 : 6D;
	1221 : 6D;
	1222 : 6D;
	1223 : 92;
	1224 : 92;
	1225 : 92;
	1226 : 92;
	1227 : 92;
	1228 : 6D;
	1229 : 6D;
	122A : 6D;
	122B : 92;
	122C : 92;
	122D : 92;
	122E : 6D;
	122F : 6D;
	1230 : 92;
	1231 : 92;
	1232 : 92;
	1233 : 6D;
	1234 : 6D;
	1235 : 6D;
	1236 : 6D;
	1237 : 6D;
	1238 : 24;
	1239 : 00;
	123A : 00;
	123B : 00;
	123C : 00;
	123D : 00;
	123E : 00;
	123F : 00;
	1240 : 00;
	1241 : 00;
	1242 : 00;
	1243 : 00;
	1244 : 00;
	1245 : 00;
	1246 : 00;
	1247 : 00;
	1248 : 00;
	1249 : 00;
	124A : 00;
	124B : 00;
	124C : 00;
	124D : 00;
	124E : 00;
	124F : 00;
	1250 : 00;
	1251 : 00;
	1252 : 00;
	1253 : 00;
	1254 : 00;
	1255 : 00;
	1256 : 00;
	1257 : 00;
	1258 : 71;
	1259 : 6D;
	125A : 6D;
	125B : 92;
	125C : 92;
	125D : 92;
	125E : 92;
	125F : 92;
	1260 : 6D;
	1261 : 6D;
	1262 : 6D;
	1263 : 92;
	1264 : 92;
	1265 : 92;
	1266 : 92;
	1267 : 92;
	1268 : 6D;
	1269 : 6D;
	126A : 6D;
	126B : 92;
	126C : 92;
	126D : 92;
	126E : 6D;
	126F : 6D;
	1270 : 92;
	1271 : 92;
	1272 : 92;
	1273 : 6D;
	1274 : 6D;
	1275 : 6D;
	1276 : 6D;
	1277 : 6D;
	1278 : 24;
	1279 : 00;
	127A : 00;
	127B : 00;
	127C : 00;
	127D : 00;
	127E : 00;
	127F : 00;
	1280 : 00;
	1281 : 00;
	1282 : 00;
	1283 : 00;
	1284 : 00;
	1285 : 00;
	1286 : 00;
	1287 : 00;
	1288 : 00;
	1289 : 00;
	128A : 00;
	128B : 00;
	128C : 00;
	128D : 00;
	128E : 00;
	128F : 00;
	1290 : 00;
	1291 : 00;
	1292 : 00;
	1293 : 00;
	1294 : 00;
	1295 : 00;
	1296 : 00;
	1297 : 00;
	1298 : 6D;
	1299 : 6D;
	129A : 6D;
	129B : 92;
	129C : 92;
	129D : 92;
	129E : 92;
	129F : 92;
	12A0 : 6D;
	12A1 : 6D;
	12A2 : 6D;
	12A3 : 92;
	12A4 : 92;
	12A5 : 92;
	12A6 : 92;
	12A7 : 92;
	12A8 : 6D;
	12A9 : 6D;
	12AA : 6D;
	12AB : 92;
	12AC : 92;
	12AD : 92;
	12AE : 6D;
	12AF : 6D;
	12B0 : 92;
	12B1 : 92;
	12B2 : 92;
	12B3 : 6D;
	12B4 : 6D;
	12B5 : 6D;
	12B6 : 6D;
	12B7 : 6D;
	12B8 : 04;
	12B9 : 00;
	12BA : 00;
	12BB : 00;
	12BC : 00;
	12BD : 00;
	12BE : 00;
	12BF : 00;
	12C0 : 6D;
	12C1 : 71;
	12C2 : 92;
	12C3 : 71;
	12C4 : 71;
	12C5 : 6D;
	12C6 : 6D;
	12C7 : 6D;
	12C8 : 71;
	12C9 : 71;
	12CA : 92;
	12CB : 6D;
	12CC : 6D;
	12CD : 00;
	12CE : 00;
	12CF : 00;
	12D0 : 00;
	12D1 : 00;
	12D2 : 00;
	12D3 : 71;
	12D4 : 6D;
	12D5 : 6D;
	12D6 : 6D;
	12D7 : 6D;
	12D8 : B6;
	12D9 : B6;
	12DA : B6;
	12DB : 6D;
	12DC : 6D;
	12DD : 6D;
	12DE : 6D;
	12DF : 6D;
	12E0 : 6D;
	12E1 : 6D;
	12E2 : 6D;
	12E3 : 6D;
	12E4 : 6D;
	12E5 : 6D;
	12E6 : 6D;
	12E7 : 6D;
	12E8 : 6D;
	12E9 : 6D;
	12EA : 6D;
	12EB : 6D;
	12EC : 6D;
	12ED : 6D;
	12EE : 6D;
	12EF : 6D;
	12F0 : 6D;
	12F1 : 6D;
	12F2 : 6D;
	12F3 : 92;
	12F4 : 92;
	12F5 : 92;
	12F6 : 25;
	12F7 : 25;
	12F8 : 00;
	12F9 : 00;
	12FA : 00;
	12FB : 00;
	12FC : 00;
	12FD : 00;
	12FE : 00;
	12FF : 00;
	1300 : 6D;
	1301 : 6D;
	1302 : 92;
	1303 : 71;
	1304 : 6D;
	1305 : 6D;
	1306 : 6D;
	1307 : 6D;
	1308 : 6D;
	1309 : 71;
	130A : 91;
	130B : 6D;
	130C : 6D;
	130D : 00;
	130E : 00;
	130F : 00;
	1310 : 00;
	1311 : 00;
	1312 : 00;
	1313 : 6D;
	1314 : 6D;
	1315 : 6D;
	1316 : 6D;
	1317 : 6D;
	1318 : B6;
	1319 : B6;
	131A : B6;
	131B : 6D;
	131C : 6D;
	131D : 6D;
	131E : 6D;
	131F : 6D;
	1320 : 6D;
	1321 : 6D;
	1322 : 6D;
	1323 : 6D;
	1324 : 6D;
	1325 : 6D;
	1326 : 6D;
	1327 : 6D;
	1328 : 6D;
	1329 : 6D;
	132A : 6D;
	132B : 6D;
	132C : 6D;
	132D : 6D;
	132E : 6D;
	132F : 6D;
	1330 : 6D;
	1331 : 6D;
	1332 : 6D;
	1333 : 92;
	1334 : 92;
	1335 : 92;
	1336 : 25;
	1337 : 25;
	1338 : 00;
	1339 : 00;
	133A : 00;
	133B : 00;
	133C : 00;
	133D : 00;
	133E : 00;
	133F : 00;
	1340 : 92;
	1341 : 92;
	1342 : 92;
	1343 : 92;
	1344 : 92;
	1345 : 6D;
	1346 : 6D;
	1347 : 6D;
	1348 : 6D;
	1349 : 6D;
	134A : 6D;
	134B : 6D;
	134C : 6D;
	134D : 25;
	134E : 25;
	134F : 25;
	1350 : 00;
	1351 : 00;
	1352 : 00;
	1353 : 6D;
	1354 : 6D;
	1355 : 92;
	1356 : 92;
	1357 : 92;
	1358 : 92;
	1359 : 92;
	135A : 92;
	135B : 6D;
	135C : 6D;
	135D : 6D;
	135E : 6D;
	135F : 6D;
	1360 : 6D;
	1361 : 6D;
	1362 : 6D;
	1363 : 6D;
	1364 : 6D;
	1365 : 6D;
	1366 : 6D;
	1367 : 6D;
	1368 : 6D;
	1369 : 6D;
	136A : 6D;
	136B : 6D;
	136C : 6D;
	136D : 6D;
	136E : 6D;
	136F : 6D;
	1370 : 6D;
	1371 : 2D;
	1372 : 25;
	1373 : 6D;
	1374 : 6D;
	1375 : 6D;
	1376 : 00;
	1377 : 04;
	1378 : 00;
	1379 : 00;
	137A : 00;
	137B : 00;
	137C : 00;
	137D : 00;
	137E : 25;
	137F : 25;
	1380 : B6;
	1381 : B6;
	1382 : B6;
	1383 : 92;
	1384 : 92;
	1385 : 6D;
	1386 : 6D;
	1387 : 6D;
	1388 : 6D;
	1389 : 6D;
	138A : 6D;
	138B : 6D;
	138C : 6D;
	138D : 71;
	138E : 6D;
	138F : 71;
	1390 : 00;
	1391 : 00;
	1392 : 00;
	1393 : 6D;
	1394 : 6D;
	1395 : 92;
	1396 : B6;
	1397 : B6;
	1398 : 6D;
	1399 : 6D;
	139A : 6D;
	139B : 6D;
	139C : 6D;
	139D : 6D;
	139E : 6D;
	139F : 6D;
	13A0 : 6D;
	13A1 : 6D;
	13A2 : 6D;
	13A3 : 6D;
	13A4 : 6D;
	13A5 : 6D;
	13A6 : 6D;
	13A7 : 6D;
	13A8 : 6D;
	13A9 : 6D;
	13AA : 6D;
	13AB : 6D;
	13AC : 6D;
	13AD : 6D;
	13AE : 6D;
	13AF : 6D;
	13B0 : 25;
	13B1 : 25;
	13B2 : 25;
	13B3 : 25;
	13B4 : 24;
	13B5 : 25;
	13B6 : 00;
	13B7 : 00;
	13B8 : 00;
	13B9 : 00;
	13BA : 00;
	13BB : 00;
	13BC : 00;
	13BD : 00;
	13BE : 71;
	13BF : 71;
	13C0 : B6;
	13C1 : B6;
	13C2 : B6;
	13C3 : 92;
	13C4 : 92;
	13C5 : 6D;
	13C6 : 6D;
	13C7 : 6D;
	13C8 : 6D;
	13C9 : 6D;
	13CA : 6D;
	13CB : 6D;
	13CC : 6D;
	13CD : 71;
	13CE : 71;
	13CF : 71;
	13D0 : 00;
	13D1 : 00;
	13D2 : 00;
	13D3 : 6D;
	13D4 : 6D;
	13D5 : 92;
	13D6 : B6;
	13D7 : B6;
	13D8 : 6D;
	13D9 : 6D;
	13DA : 6D;
	13DB : 6D;
	13DC : 6D;
	13DD : 6D;
	13DE : 6D;
	13DF : 6D;
	13E0 : 6D;
	13E1 : 6D;
	13E2 : 6D;
	13E3 : 6D;
	13E4 : 6D;
	13E5 : 6D;
	13E6 : 6D;
	13E7 : 6D;
	13E8 : 6D;
	13E9 : 6D;
	13EA : 6D;
	13EB : 6D;
	13EC : 6D;
	13ED : 6D;
	13EE : 6D;
	13EF : 6D;
	13F0 : 25;
	13F1 : 24;
	13F2 : 25;
	13F3 : 25;
	13F4 : 25;
	13F5 : 25;
	13F6 : 00;
	13F7 : 00;
	13F8 : 00;
	13F9 : 00;
	13FA : 00;
	13FB : 00;
	13FC : 00;
	13FD : 00;
	13FE : 6D;
	13FF : 6D;
	1400 : 6D;
	1401 : 6D;
	1402 : 6D;
	1403 : 6D;
	1404 : 6D;
	1405 : B6;
	1406 : B6;
	1407 : B6;
	1408 : 92;
	1409 : 92;
	140A : 92;
	140B : 6D;
	140C : 6D;
	140D : 6D;
	140E : 6D;
	140F : 6D;
	1410 : 00;
	1411 : 00;
	1412 : 00;
	1413 : 6D;
	1414 : 6D;
	1415 : 92;
	1416 : 92;
	1417 : 92;
	1418 : 6D;
	1419 : 6D;
	141A : 6D;
	141B : 6D;
	141C : 6D;
	141D : 6D;
	141E : 6D;
	141F : 6D;
	1420 : 6D;
	1421 : 6D;
	1422 : 6D;
	1423 : 6D;
	1424 : 6D;
	1425 : 6D;
	1426 : 6D;
	1427 : 6D;
	1428 : 6D;
	1429 : 6D;
	142A : 6D;
	142B : 6D;
	142C : 6D;
	142D : 6D;
	142E : 24;
	142F : 25;
	1430 : 25;
	1431 : 25;
	1432 : 24;
	1433 : 00;
	1434 : 00;
	1435 : 00;
	1436 : 00;
	1437 : 00;
	1438 : 00;
	1439 : 00;
	143A : 00;
	143B : 92;
	143C : 71;
	143D : 91;
	143E : 71;
	143F : 71;
	1440 : 6D;
	1441 : 6D;
	1442 : 6D;
	1443 : 6D;
	1444 : 6D;
	1445 : B6;
	1446 : B6;
	1447 : B6;
	1448 : 92;
	1449 : 92;
	144A : 92;
	144B : 6D;
	144C : 6D;
	144D : 6D;
	144E : 6D;
	144F : 6D;
	1450 : 00;
	1451 : 00;
	1452 : 00;
	1453 : 6D;
	1454 : 6D;
	1455 : 92;
	1456 : 92;
	1457 : 92;
	1458 : 6D;
	1459 : 6D;
	145A : 6D;
	145B : 6D;
	145C : 6D;
	145D : 6D;
	145E : 6D;
	145F : 6D;
	1460 : 6D;
	1461 : 6D;
	1462 : 6D;
	1463 : 6D;
	1464 : 6D;
	1465 : 6D;
	1466 : 6D;
	1467 : 6D;
	1468 : 6D;
	1469 : 6D;
	146A : 6D;
	146B : 6D;
	146C : 6D;
	146D : 6D;
	146E : 25;
	146F : 24;
	1470 : 25;
	1471 : 24;
	1472 : 25;
	1473 : 00;
	1474 : 00;
	1475 : 00;
	1476 : 00;
	1477 : 00;
	1478 : 00;
	1479 : 00;
	147A : 00;
	147B : 71;
	147C : 6D;
	147D : 6D;
	147E : 71;
	147F : 6D;
	1480 : 6D;
	1481 : 6D;
	1482 : 6D;
	1483 : 6D;
	1484 : 6D;
	1485 : B6;
	1486 : B6;
	1487 : B6;
	1488 : 92;
	1489 : 92;
	148A : 92;
	148B : 6D;
	148C : 6D;
	148D : 6D;
	148E : 6D;
	148F : 6D;
	1490 : 00;
	1491 : 00;
	1492 : 00;
	1493 : 6D;
	1494 : 6D;
	1495 : 92;
	1496 : 92;
	1497 : 92;
	1498 : 6D;
	1499 : 6D;
	149A : 6D;
	149B : 6D;
	149C : 6D;
	149D : 6D;
	149E : 6D;
	149F : 6D;
	14A0 : 6D;
	14A1 : 6D;
	14A2 : 6D;
	14A3 : 6D;
	14A4 : 6D;
	14A5 : 6D;
	14A6 : 6D;
	14A7 : 6D;
	14A8 : 6D;
	14A9 : 6D;
	14AA : 6D;
	14AB : 6D;
	14AC : 6D;
	14AD : 6D;
	14AE : 25;
	14AF : 25;
	14B0 : 25;
	14B1 : 25;
	14B2 : 25;
	14B3 : 00;
	14B4 : 00;
	14B5 : 00;
	14B6 : 00;
	14B7 : 00;
	14B8 : 00;
	14B9 : 00;
	14BA : 00;
	14BB : 92;
	14BC : 71;
	14BD : 91;
	14BE : 71;
	14BF : 71;
	14C0 : 6D;
	14C1 : 6D;
	14C2 : 6D;
	14C3 : 6D;
	14C4 : 6D;
	14C5 : 6D;
	14C6 : 6D;
	14C7 : 6D;
	14C8 : 6D;
	14C9 : 6D;
	14CA : 71;
	14CB : 92;
	14CC : 92;
	14CD : 71;
	14CE : 6D;
	14CF : 6D;
	14D0 : 00;
	14D1 : 00;
	14D2 : 00;
	14D3 : 00;
	14D4 : 00;
	14D5 : 25;
	14D6 : 6D;
	14D7 : 6D;
	14D8 : 92;
	14D9 : 92;
	14DA : 92;
	14DB : 6D;
	14DC : 6D;
	14DD : 25;
	14DE : 25;
	14DF : 24;
	14E0 : 6D;
	14E1 : 6D;
	14E2 : 6D;
	14E3 : 6D;
	14E4 : 6D;
	14E5 : 6D;
	14E6 : 25;
	14E7 : 24;
	14E8 : 25;
	14E9 : 24;
	14EA : 25;
	14EB : 00;
	14EC : 00;
	14ED : 00;
	14EE : 00;
	14EF : 00;
	14F0 : 00;
	14F1 : 00;
	14F2 : 00;
	14F3 : 00;
	14F4 : 00;
	14F5 : 00;
	14F6 : 00;
	14F7 : 00;
	14F8 : 00;
	14F9 : 00;
	14FA : 00;
	14FB : 6D;
	14FC : 6D;
	14FD : 6D;
	14FE : B6;
	14FF : B6;
	1500 : 6D;
	1501 : 6D;
	1502 : 6D;
	1503 : 6D;
	1504 : 6D;
	1505 : 6D;
	1506 : 6D;
	1507 : 6D;
	1508 : 6D;
	1509 : 6D;
	150A : 71;
	150B : 92;
	150C : 92;
	150D : 6D;
	150E : 6D;
	150F : 6D;
	1510 : 00;
	1511 : 00;
	1512 : 00;
	1513 : 00;
	1514 : 00;
	1515 : 2D;
	1516 : 6D;
	1517 : 6D;
	1518 : 92;
	1519 : 92;
	151A : 92;
	151B : 6D;
	151C : 6D;
	151D : 25;
	151E : 25;
	151F : 25;
	1520 : 6D;
	1521 : 6D;
	1522 : 6D;
	1523 : 6D;
	1524 : 6D;
	1525 : 6D;
	1526 : 25;
	1527 : 25;
	1528 : 25;
	1529 : 25;
	152A : 25;
	152B : 00;
	152C : 00;
	152D : 00;
	152E : 00;
	152F : 00;
	1530 : 00;
	1531 : 00;
	1532 : 00;
	1533 : 00;
	1534 : 00;
	1535 : 00;
	1536 : 00;
	1537 : 00;
	1538 : 00;
	1539 : 00;
	153A : 00;
	153B : 6D;
	153C : 6D;
	153D : 6D;
	153E : B6;
	153F : B6;
	1540 : 6D;
	1541 : 6D;
	1542 : 6D;
	1543 : 6D;
	1544 : 6D;
	1545 : 6D;
	1546 : 6D;
	1547 : 6D;
	1548 : 6D;
	1549 : 6D;
	154A : 6D;
	154B : 6D;
	154C : 6D;
	154D : 92;
	154E : 92;
	154F : 92;
	1550 : 2D;
	1551 : 6D;
	1552 : 6D;
	1553 : 00;
	1554 : 00;
	1555 : 24;
	1556 : 04;
	1557 : 24;
	1558 : 6D;
	1559 : 6D;
	155A : 6D;
	155B : 25;
	155C : 25;
	155D : 6D;
	155E : 6D;
	155F : 6D;
	1560 : 25;
	1561 : 25;
	1562 : 25;
	1563 : 25;
	1564 : 25;
	1565 : 25;
	1566 : 00;
	1567 : 00;
	1568 : 00;
	1569 : 00;
	156A : 00;
	156B : 00;
	156C : 00;
	156D : 24;
	156E : 6D;
	156F : 6D;
	1570 : 6D;
	1571 : 25;
	1572 : 25;
	1573 : 25;
	1574 : 25;
	1575 : 25;
	1576 : 00;
	1577 : 00;
	1578 : 00;
	1579 : 00;
	157A : 00;
	157B : 6D;
	157C : 6D;
	157D : 6D;
	157E : 92;
	157F : 71;
	1580 : 6D;
	1581 : 6D;
	1582 : 6D;
	1583 : 6D;
	1584 : 6D;
	1585 : 6D;
	1586 : 6D;
	1587 : 6D;
	1588 : 6D;
	1589 : 6D;
	158A : 6D;
	158B : 6D;
	158C : 6D;
	158D : 92;
	158E : 92;
	158F : 92;
	1590 : 6D;
	1591 : 6D;
	1592 : 6D;
	1593 : 00;
	1594 : 00;
	1595 : 00;
	1596 : 00;
	1597 : 00;
	1598 : 6D;
	1599 : 6D;
	159A : 6D;
	159B : 25;
	159C : 25;
	159D : 6D;
	159E : 6D;
	159F : 6D;
	15A0 : 25;
	15A1 : 25;
	15A2 : 25;
	15A3 : 25;
	15A4 : 24;
	15A5 : 24;
	15A6 : 00;
	15A7 : 00;
	15A8 : 00;
	15A9 : 00;
	15AA : 00;
	15AB : 00;
	15AC : 00;
	15AD : 25;
	15AE : 6D;
	15AF : 6D;
	15B0 : 6D;
	15B1 : 6D;
	15B2 : 6D;
	15B3 : 6D;
	15B4 : 6D;
	15B5 : 6D;
	15B6 : 00;
	15B7 : 00;
	15B8 : 00;
	15B9 : 00;
	15BA : 00;
	15BB : 6D;
	15BC : 6D;
	15BD : 6D;
	15BE : 6D;
	15BF : 6D;
	15C0 : 6D;
	15C1 : 6D;
	15C2 : 6D;
	15C3 : 6D;
	15C4 : 6D;
	15C5 : 6D;
	15C6 : 6D;
	15C7 : 6D;
	15C8 : 6D;
	15C9 : 6D;
	15CA : 6D;
	15CB : 6D;
	15CC : 6D;
	15CD : 92;
	15CE : 92;
	15CF : 92;
	15D0 : 6D;
	15D1 : 6D;
	15D2 : 91;
	15D3 : 00;
	15D4 : 00;
	15D5 : 00;
	15D6 : 00;
	15D7 : 00;
	15D8 : 6D;
	15D9 : 6D;
	15DA : 6D;
	15DB : 25;
	15DC : 25;
	15DD : 6D;
	15DE : 6D;
	15DF : 6D;
	15E0 : 25;
	15E1 : 25;
	15E2 : 25;
	15E3 : 25;
	15E4 : 25;
	15E5 : 24;
	15E6 : 00;
	15E7 : 00;
	15E8 : 00;
	15E9 : 00;
	15EA : 00;
	15EB : 00;
	15EC : 00;
	15ED : 25;
	15EE : 6D;
	15EF : 6D;
	15F0 : 6D;
	15F1 : 6D;
	15F2 : 6D;
	15F3 : 6D;
	15F4 : 6D;
	15F5 : 6D;
	15F6 : 00;
	15F7 : 00;
	15F8 : 00;
	15F9 : 00;
	15FA : 00;
	15FB : 6D;
	15FC : 6D;
	15FD : 6D;
	15FE : 6D;
	15FF : 6D;
	1600 : 6D;
	1601 : 6D;
	1602 : 6D;
	1603 : 6D;
	1604 : 6D;
	1605 : 6D;
	1606 : 6D;
	1607 : 6D;
	1608 : 6D;
	1609 : 6D;
	160A : 6D;
	160B : 6D;
	160C : 6D;
	160D : 92;
	160E : 92;
	160F : 92;
	1610 : 6D;
	1611 : 6D;
	1612 : 6D;
	1613 : 00;
	1614 : 00;
	1615 : 00;
	1616 : 00;
	1617 : 00;
	1618 : 00;
	1619 : 00;
	161A : 00;
	161B : 00;
	161C : 00;
	161D : 00;
	161E : 00;
	161F : 00;
	1620 : 00;
	1621 : 00;
	1622 : 00;
	1623 : 00;
	1624 : 00;
	1625 : 00;
	1626 : 00;
	1627 : 00;
	1628 : 6D;
	1629 : 6D;
	162A : 6D;
	162B : 92;
	162C : 96;
	162D : 92;
	162E : 92;
	162F : 92;
	1630 : 92;
	1631 : 92;
	1632 : 92;
	1633 : 92;
	1634 : 92;
	1635 : 92;
	1636 : 6D;
	1637 : 6D;
	1638 : 04;
	1639 : 00;
	163A : 00;
	163B : 6D;
	163C : 6D;
	163D : 6D;
	163E : 92;
	163F : 92;
	1640 : 6D;
	1641 : 6D;
	1642 : 6D;
	1643 : 6D;
	1644 : 6D;
	1645 : 6D;
	1646 : 6D;
	1647 : 6D;
	1648 : 6D;
	1649 : 6D;
	164A : 6D;
	164B : 6D;
	164C : 6D;
	164D : 92;
	164E : 92;
	164F : 92;
	1650 : 6D;
	1651 : 6D;
	1652 : 6D;
	1653 : 00;
	1654 : 00;
	1655 : 00;
	1656 : 00;
	1657 : 00;
	1658 : 00;
	1659 : 00;
	165A : 00;
	165B : 00;
	165C : 00;
	165D : 00;
	165E : 00;
	165F : 00;
	1660 : 00;
	1661 : 00;
	1662 : 00;
	1663 : 00;
	1664 : 00;
	1665 : 00;
	1666 : 00;
	1667 : 00;
	1668 : 71;
	1669 : 6D;
	166A : 6D;
	166B : B6;
	166C : B6;
	166D : B6;
	166E : 92;
	166F : 92;
	1670 : 92;
	1671 : 92;
	1672 : 92;
	1673 : 92;
	1674 : 92;
	1675 : 92;
	1676 : 6D;
	1677 : 6D;
	1678 : 04;
	1679 : 00;
	167A : 00;
	167B : 6D;
	167C : 6D;
	167D : 6D;
	167E : 92;
	167F : 92;
	1680 : 6D;
	1681 : 6D;
	1682 : 6D;
	1683 : 6D;
	1684 : 6D;
	1685 : 6D;
	1686 : 6D;
	1687 : 6D;
	1688 : 6D;
	1689 : 6D;
	168A : 6D;
	168B : 6D;
	168C : 6D;
	168D : 92;
	168E : 92;
	168F : 92;
	1690 : 6D;
	1691 : 6D;
	1692 : 6D;
	1693 : 00;
	1694 : 00;
	1695 : 00;
	1696 : 00;
	1697 : 00;
	1698 : 00;
	1699 : 00;
	169A : 00;
	169B : 00;
	169C : 00;
	169D : 00;
	169E : 00;
	169F : 00;
	16A0 : 00;
	16A1 : 00;
	16A2 : 00;
	16A3 : 00;
	16A4 : 00;
	16A5 : 00;
	16A6 : 00;
	16A7 : 00;
	16A8 : 92;
	16A9 : 91;
	16AA : 71;
	16AB : B6;
	16AC : B6;
	16AD : 96;
	16AE : 92;
	16AF : 92;
	16B0 : 92;
	16B1 : 92;
	16B2 : 92;
	16B3 : 92;
	16B4 : 92;
	16B5 : 92;
	16B6 : 6D;
	16B7 : 6D;
	16B8 : 24;
	16B9 : 00;
	16BA : 00;
	16BB : 6D;
	16BC : 6D;
	16BD : 6D;
	16BE : 92;
	16BF : 92;
	16C0 : 6D;
	16C1 : 6D;
	16C2 : 6D;
	16C3 : 6D;
	16C4 : 6D;
	16C5 : 6D;
	16C6 : 6D;
	16C7 : 6D;
	16C8 : 6D;
	16C9 : 6D;
	16CA : 6D;
	16CB : 6D;
	16CC : 6D;
	16CD : 6D;
	16CE : 6D;
	16CF : 6D;
	16D0 : 25;
	16D1 : 24;
	16D2 : 25;
	16D3 : 00;
	16D4 : 00;
	16D5 : 00;
	16D6 : 00;
	16D7 : 00;
	16D8 : 92;
	16D9 : 6D;
	16DA : 6D;
	16DB : 6D;
	16DC : 6D;
	16DD : 6D;
	16DE : 6D;
	16DF : 6D;
	16E0 : 00;
	16E1 : 00;
	16E2 : 00;
	16E3 : 00;
	16E4 : 00;
	16E5 : 24;
	16E6 : 6D;
	16E7 : 71;
	16E8 : B6;
	16E9 : B6;
	16EA : B7;
	16EB : 6D;
	16EC : 6D;
	16ED : 6D;
	16EE : 6D;
	16EF : 6D;
	16F0 : 6D;
	16F1 : 6D;
	16F2 : 6D;
	16F3 : 6D;
	16F4 : 6D;
	16F5 : 6D;
	16F6 : 92;
	16F7 : 92;
	16F8 : 24;
	16F9 : 00;
	16FA : 00;
	16FB : 6D;
	16FC : 6D;
	16FD : 6D;
	16FE : 6D;
	16FF : 6D;
	1700 : 6D;
	1701 : 6D;
	1702 : 6D;
	1703 : 6D;
	1704 : 6D;
	1705 : 6D;
	1706 : 6D;
	1707 : 6D;
	1708 : 6D;
	1709 : 6D;
	170A : 6D;
	170B : 6D;
	170C : 6D;
	170D : 6D;
	170E : 6D;
	170F : 6D;
	1710 : 24;
	1711 : 25;
	1712 : 25;
	1713 : 00;
	1714 : 00;
	1715 : 00;
	1716 : 00;
	1717 : 00;
	1718 : 71;
	1719 : 71;
	171A : 6D;
	171B : 6D;
	171C : 6D;
	171D : 6D;
	171E : 6D;
	171F : 6D;
	1720 : 00;
	1721 : 00;
	1722 : 00;
	1723 : 00;
	1724 : 00;
	1725 : 24;
	1726 : 71;
	1727 : 71;
	1728 : B6;
	1729 : B6;
	172A : B6;
	172B : 6D;
	172C : 6D;
	172D : 6D;
	172E : 6D;
	172F : 6D;
	1730 : 6D;
	1731 : 6D;
	1732 : 6D;
	1733 : 6D;
	1734 : 6D;
	1735 : 6D;
	1736 : 92;
	1737 : 92;
	1738 : 24;
	1739 : 00;
	173A : 00;
	173B : 6D;
	173C : 6D;
	173D : 6D;
	173E : 6D;
	173F : 6D;
	1740 : 6D;
	1741 : 6D;
	1742 : 6D;
	1743 : 6D;
	1744 : 6D;
	1745 : 6D;
	1746 : 6D;
	1747 : 6D;
	1748 : 6D;
	1749 : 6D;
	174A : 6D;
	174B : 6D;
	174C : 6D;
	174D : 6D;
	174E : 6D;
	174F : 6D;
	1750 : 25;
	1751 : 25;
	1752 : 25;
	1753 : 00;
	1754 : 00;
	1755 : 00;
	1756 : 00;
	1757 : 00;
	1758 : 91;
	1759 : 92;
	175A : 71;
	175B : 6D;
	175C : 6D;
	175D : 6D;
	175E : 6D;
	175F : 6D;
	1760 : 24;
	1761 : 00;
	1762 : 00;
	1763 : 00;
	1764 : 00;
	1765 : 25;
	1766 : 6D;
	1767 : 71;
	1768 : B6;
	1769 : B6;
	176A : B6;
	176B : 6D;
	176C : 6D;
	176D : 6D;
	176E : 6D;
	176F : 6D;
	1770 : 6D;
	1771 : 6D;
	1772 : 6D;
	1773 : 6D;
	1774 : 6D;
	1775 : 6D;
	1776 : 92;
	1777 : 92;
	1778 : 24;
	1779 : 00;
	177A : 00;
	177B : 6D;
	177C : 6D;
	177D : 6D;
	177E : 6D;
	177F : 6D;
	1780 : 6D;
	1781 : 6D;
	1782 : 6D;
	1783 : 6D;
	1784 : 6D;
	1785 : 6D;
	1786 : 6D;
	1787 : 6D;
	1788 : 6D;
	1789 : 6D;
	178A : 6D;
	178B : 92;
	178C : 92;
	178D : 25;
	178E : 25;
	178F : 25;
	1790 : 00;
	1791 : 00;
	1792 : 00;
	1793 : 00;
	1794 : 00;
	1795 : 6D;
	1796 : 6D;
	1797 : 6D;
	1798 : 92;
	1799 : 92;
	179A : 92;
	179B : 92;
	179C : 92;
	179D : 92;
	179E : 92;
	179F : 92;
	17A0 : 6D;
	17A1 : 6D;
	17A2 : 6D;
	17A3 : 00;
	17A4 : 00;
	17A5 : 24;
	17A6 : 6D;
	17A7 : 6D;
	17A8 : 92;
	17A9 : 92;
	17AA : 92;
	17AB : 6D;
	17AC : 6D;
	17AD : 6D;
	17AE : 6D;
	17AF : 6D;
	17B0 : 6D;
	17B1 : 6D;
	17B2 : 6D;
	17B3 : 6D;
	17B4 : 6D;
	17B5 : 6D;
	17B6 : 92;
	17B7 : 92;
	17B8 : 24;
	17B9 : 00;
	17BA : 00;
	17BB : 6D;
	17BC : 6D;
	17BD : 6D;
	17BE : 6D;
	17BF : 6D;
	17C0 : 6D;
	17C1 : 6D;
	17C2 : 6D;
	17C3 : 6D;
	17C4 : 6D;
	17C5 : 6D;
	17C6 : 6D;
	17C7 : 6D;
	17C8 : 6D;
	17C9 : 6D;
	17CA : 71;
	17CB : 92;
	17CC : 92;
	17CD : 25;
	17CE : 25;
	17CF : 25;
	17D0 : 00;
	17D1 : 00;
	17D2 : 00;
	17D3 : 00;
	17D4 : 00;
	17D5 : 6D;
	17D6 : 6D;
	17D7 : 6D;
	17D8 : 92;
	17D9 : 92;
	17DA : 92;
	17DB : 92;
	17DC : 92;
	17DD : 92;
	17DE : 92;
	17DF : 92;
	17E0 : 6D;
	17E1 : 6D;
	17E2 : 6D;
	17E3 : 00;
	17E4 : 00;
	17E5 : 24;
	17E6 : 6D;
	17E7 : 6D;
	17E8 : 92;
	17E9 : 92;
	17EA : 92;
	17EB : 6D;
	17EC : 6D;
	17ED : 6D;
	17EE : 6D;
	17EF : 6D;
	17F0 : 6D;
	17F1 : 6D;
	17F2 : 6D;
	17F3 : 6D;
	17F4 : 6D;
	17F5 : 6D;
	17F6 : 92;
	17F7 : 92;
	17F8 : 24;
	17F9 : 00;
	17FA : 00;
	17FB : 6D;
	17FC : 6D;
	17FD : 6D;
	17FE : 6D;
	17FF : 6D;
	1800 : 6D;
	1801 : 6D;
	1802 : 6D;
	1803 : 6D;
	1804 : 6D;
	1805 : 6D;
	1806 : 6D;
	1807 : 6D;
	1808 : 6D;
	1809 : 6D;
	180A : 6D;
	180B : 25;
	180C : 25;
	180D : 00;
	180E : 00;
	180F : 00;
	1810 : 00;
	1811 : 00;
	1812 : 00;
	1813 : 6D;
	1814 : 6D;
	1815 : 96;
	1816 : B6;
	1817 : B6;
	1818 : 6D;
	1819 : 6D;
	181A : 6D;
	181B : 6D;
	181C : 6D;
	181D : 92;
	181E : 92;
	181F : 92;
	1820 : 6D;
	1821 : 6D;
	1822 : 6D;
	1823 : 00;
	1824 : 00;
	1825 : 24;
	1826 : 6D;
	1827 : 6D;
	1828 : 92;
	1829 : 92;
	182A : 92;
	182B : 6D;
	182C : 6D;
	182D : 6D;
	182E : 6D;
	182F : 6D;
	1830 : 6D;
	1831 : 6D;
	1832 : 6D;
	1833 : 6D;
	1834 : 6D;
	1835 : 6D;
	1836 : 6D;
	1837 : 6D;
	1838 : 00;
	1839 : 00;
	183A : 00;
	183B : 6D;
	183C : 6D;
	183D : 6D;
	183E : 6D;
	183F : 6D;
	1840 : 6D;
	1841 : 6D;
	1842 : 6D;
	1843 : 6D;
	1844 : 6D;
	1845 : 6D;
	1846 : 6D;
	1847 : 6D;
	1848 : 6D;
	1849 : 6D;
	184A : 2D;
	184B : 24;
	184C : 25;
	184D : 00;
	184E : 00;
	184F : 00;
	1850 : 00;
	1851 : 00;
	1852 : 00;
	1853 : 71;
	1854 : 6D;
	1855 : 96;
	1856 : B6;
	1857 : B6;
	1858 : 6D;
	1859 : 6D;
	185A : 6D;
	185B : 6D;
	185C : 6D;
	185D : 92;
	185E : 92;
	185F : 92;
	1860 : 6D;
	1861 : 6D;
	1862 : 6D;
	1863 : 00;
	1864 : 00;
	1865 : 24;
	1866 : 6D;
	1867 : 6D;
	1868 : 92;
	1869 : 92;
	186A : 92;
	186B : 6D;
	186C : 6D;
	186D : 6D;
	186E : 6D;
	186F : 6D;
	1870 : 6D;
	1871 : 6D;
	1872 : 6D;
	1873 : 6D;
	1874 : 6D;
	1875 : 6D;
	1876 : 6D;
	1877 : 6D;
	1878 : 00;
	1879 : 00;
	187A : 00;
	187B : 6D;
	187C : 6D;
	187D : 6D;
	187E : 6D;
	187F : 6D;
	1880 : 6D;
	1881 : 6D;
	1882 : 6D;
	1883 : 6D;
	1884 : 6D;
	1885 : 6D;
	1886 : 6D;
	1887 : 6D;
	1888 : 6D;
	1889 : 6D;
	188A : 6D;
	188B : 25;
	188C : 25;
	188D : 00;
	188E : 00;
	188F : 00;
	1890 : 00;
	1891 : 00;
	1892 : 00;
	1893 : 71;
	1894 : 92;
	1895 : 96;
	1896 : B6;
	1897 : B6;
	1898 : 6D;
	1899 : 6D;
	189A : 6D;
	189B : 6D;
	189C : 6D;
	189D : 92;
	189E : 92;
	189F : 92;
	18A0 : 71;
	18A1 : 6D;
	18A2 : 6D;
	18A3 : 00;
	18A4 : 00;
	18A5 : 24;
	18A6 : 6D;
	18A7 : 6D;
	18A8 : 92;
	18A9 : 92;
	18AA : 92;
	18AB : 6D;
	18AC : 6D;
	18AD : 6D;
	18AE : 6D;
	18AF : 6D;
	18B0 : 6D;
	18B1 : 6D;
	18B2 : 6D;
	18B3 : 6D;
	18B4 : 6D;
	18B5 : 6D;
	18B6 : 6D;
	18B7 : 6D;
	18B8 : 24;
	18B9 : 00;
	18BA : 00;
	18BB : 6D;
	18BC : 6D;
	18BD : 6D;
	18BE : 6D;
	18BF : 6D;
	18C0 : 6D;
	18C1 : 6D;
	18C2 : 6D;
	18C3 : 6D;
	18C4 : 6D;
	18C5 : 6D;
	18C6 : 6D;
	18C7 : 6D;
	18C8 : 92;
	18C9 : 92;
	18CA : 92;
	18CB : 25;
	18CC : 25;
	18CD : 00;
	18CE : 00;
	18CF : 00;
	18D0 : 6D;
	18D1 : 6D;
	18D2 : 6D;
	18D3 : B6;
	18D4 : B6;
	18D5 : 92;
	18D6 : 6D;
	18D7 : 6D;
	18D8 : 6D;
	18D9 : 6D;
	18DA : 6D;
	18DB : 6D;
	18DC : 6D;
	18DD : 6D;
	18DE : 6D;
	18DF : 6D;
	18E0 : 92;
	18E1 : 92;
	18E2 : 92;
	18E3 : 00;
	18E4 : 00;
	18E5 : 25;
	18E6 : B6;
	18E7 : B6;
	18E8 : 6D;
	18E9 : 6D;
	18EA : 6D;
	18EB : 6D;
	18EC : 6D;
	18ED : 6D;
	18EE : 6D;
	18EF : 6D;
	18F0 : 6D;
	18F1 : 6D;
	18F2 : 6D;
	18F3 : 6D;
	18F4 : 6D;
	18F5 : 6D;
	18F6 : 92;
	18F7 : 92;
	18F8 : 24;
	18F9 : 00;
	18FA : 00;
	18FB : 6D;
	18FC : 6D;
	18FD : 6D;
	18FE : 6D;
	18FF : 6D;
	1900 : 6D;
	1901 : 6D;
	1902 : 6D;
	1903 : 6D;
	1904 : 6D;
	1905 : 6D;
	1906 : 6D;
	1907 : 6D;
	1908 : 92;
	1909 : 92;
	190A : 92;
	190B : 25;
	190C : 25;
	190D : 00;
	190E : 00;
	190F : 00;
	1910 : 71;
	1911 : 6D;
	1912 : 71;
	1913 : B6;
	1914 : B6;
	1915 : 92;
	1916 : 6D;
	1917 : 6D;
	1918 : 6D;
	1919 : 6D;
	191A : 6D;
	191B : 6D;
	191C : 6D;
	191D : 6D;
	191E : 6D;
	191F : 6D;
	1920 : 92;
	1921 : 92;
	1922 : 92;
	1923 : 00;
	1924 : 00;
	1925 : 2D;
	1926 : B6;
	1927 : B6;
	1928 : 6D;
	1929 : 6D;
	192A : 6D;
	192B : 6D;
	192C : 6D;
	192D : 6D;
	192E : 6D;
	192F : 6D;
	1930 : 6D;
	1931 : 6D;
	1932 : 6D;
	1933 : 6D;
	1934 : 6D;
	1935 : 6D;
	1936 : 92;
	1937 : 92;
	1938 : 24;
	1939 : 00;
	193A : 00;
	193B : 6D;
	193C : 6D;
	193D : 6D;
	193E : 6D;
	193F : 6D;
	1940 : 6D;
	1941 : 6D;
	1942 : 6D;
	1943 : 6D;
	1944 : 6D;
	1945 : 6D;
	1946 : 6D;
	1947 : 6D;
	1948 : 91;
	1949 : 71;
	194A : 6D;
	194B : 24;
	194C : 24;
	194D : 00;
	194E : 00;
	194F : 00;
	1950 : 71;
	1951 : 6D;
	1952 : 71;
	1953 : B6;
	1954 : B6;
	1955 : 92;
	1956 : 6D;
	1957 : 6D;
	1958 : 6D;
	1959 : 6D;
	195A : 6D;
	195B : 6D;
	195C : 6D;
	195D : 6D;
	195E : 6D;
	195F : 6D;
	1960 : 92;
	1961 : 92;
	1962 : 92;
	1963 : 00;
	1964 : 00;
	1965 : 25;
	1966 : B6;
	1967 : B6;
	1968 : 6D;
	1969 : 6D;
	196A : 6D;
	196B : 6D;
	196C : 6D;
	196D : 6D;
	196E : 6D;
	196F : 6D;
	1970 : 6D;
	1971 : 6D;
	1972 : 6D;
	1973 : 6D;
	1974 : 6D;
	1975 : 6D;
	1976 : 92;
	1977 : 92;
	1978 : 24;
	1979 : 00;
	197A : 00;
	197B : 6D;
	197C : 6D;
	197D : 6D;
	197E : 6D;
	197F : 6D;
	1980 : 6D;
	1981 : 6D;
	1982 : 6D;
	1983 : 6D;
	1984 : 6D;
	1985 : 92;
	1986 : 92;
	1987 : 92;
	1988 : 25;
	1989 : 24;
	198A : 25;
	198B : 00;
	198C : 00;
	198D : 00;
	198E : 00;
	198F : 00;
	1990 : 6D;
	1991 : 6D;
	1992 : 6D;
	1993 : 92;
	1994 : 92;
	1995 : 92;
	1996 : 6D;
	1997 : 6D;
	1998 : 6D;
	1999 : 6D;
	199A : 6D;
	199B : 6D;
	199C : 6D;
	199D : 6D;
	199E : 6D;
	199F : 6D;
	19A0 : 92;
	19A1 : 92;
	19A2 : 92;
	19A3 : 00;
	19A4 : 00;
	19A5 : 25;
	19A6 : 92;
	19A7 : 92;
	19A8 : 6D;
	19A9 : 6D;
	19AA : 6D;
	19AB : 6D;
	19AC : 6D;
	19AD : 6D;
	19AE : 6D;
	19AF : 6D;
	19B0 : 6D;
	19B1 : 6D;
	19B2 : 6D;
	19B3 : 92;
	19B4 : 92;
	19B5 : 92;
	19B6 : 6D;
	19B7 : 6D;
	19B8 : 04;
	19B9 : 00;
	19BA : 00;
	19BB : 25;
	19BC : 25;
	19BD : 25;
	19BE : 6D;
	19BF : 6D;
	19C0 : 6D;
	19C1 : 6D;
	19C2 : 6D;
	19C3 : 6D;
	19C4 : 6D;
	19C5 : 92;
	19C6 : 92;
	19C7 : 92;
	19C8 : 24;
	19C9 : 24;
	19CA : 25;
	19CB : 00;
	19CC : 00;
	19CD : 00;
	19CE : 00;
	19CF : 00;
	19D0 : 6D;
	19D1 : 6D;
	19D2 : 6D;
	19D3 : 92;
	19D4 : 92;
	19D5 : 71;
	19D6 : 6D;
	19D7 : 6D;
	19D8 : 6D;
	19D9 : 6D;
	19DA : 6D;
	19DB : 6D;
	19DC : 6D;
	19DD : 6D;
	19DE : 6D;
	19DF : 6D;
	19E0 : 92;
	19E1 : 92;
	19E2 : 92;
	19E3 : 00;
	19E4 : 00;
	19E5 : 25;
	19E6 : 92;
	19E7 : 92;
	19E8 : 6D;
	19E9 : 6D;
	19EA : 6D;
	19EB : 6D;
	19EC : 6D;
	19ED : 6D;
	19EE : 6D;
	19EF : 6D;
	19F0 : 6D;
	19F1 : 6D;
	19F2 : 6D;
	19F3 : 92;
	19F4 : 92;
	19F5 : 92;
	19F6 : 6D;
	19F7 : 6D;
	19F8 : 04;
	19F9 : 00;
	19FA : 00;
	19FB : 25;
	19FC : 25;
	19FD : 25;
	19FE : 6D;
	19FF : 6D;
	1A00 : 6D;
	1A01 : 6D;
	1A02 : 6D;
	1A03 : 24;
	1A04 : 25;
	1A05 : 92;
	1A06 : 92;
	1A07 : 92;
	1A08 : 24;
	1A09 : 24;
	1A0A : 25;
	1A0B : 00;
	1A0C : 00;
	1A0D : 6D;
	1A0E : 71;
	1A0F : 71;
	1A10 : 92;
	1A11 : 92;
	1A12 : 92;
	1A13 : 6D;
	1A14 : 6D;
	1A15 : 6D;
	1A16 : 6D;
	1A17 : 6D;
	1A18 : 6D;
	1A19 : 6D;
	1A1A : 6D;
	1A1B : 6D;
	1A1C : 6D;
	1A1D : 92;
	1A1E : 92;
	1A1F : 92;
	1A20 : 25;
	1A21 : 25;
	1A22 : 25;
	1A23 : 00;
	1A24 : 00;
	1A25 : 24;
	1A26 : 6D;
	1A27 : 6D;
	1A28 : 92;
	1A29 : 92;
	1A2A : 92;
	1A2B : 6D;
	1A2C : 6D;
	1A2D : 6D;
	1A2E : 6D;
	1A2F : 6D;
	1A30 : 92;
	1A31 : 92;
	1A32 : 92;
	1A33 : 24;
	1A34 : 24;
	1A35 : 24;
	1A36 : 00;
	1A37 : 00;
	1A38 : 00;
	1A39 : 00;
	1A3A : 00;
	1A3B : 00;
	1A3C : 00;
	1A3D : 00;
	1A3E : 25;
	1A3F : 24;
	1A40 : 6D;
	1A41 : 6D;
	1A42 : 6D;
	1A43 : 24;
	1A44 : 24;
	1A45 : 92;
	1A46 : 92;
	1A47 : 92;
	1A48 : 24;
	1A49 : 24;
	1A4A : 25;
	1A4B : 00;
	1A4C : 00;
	1A4D : 6D;
	1A4E : 71;
	1A4F : 71;
	1A50 : 92;
	1A51 : 92;
	1A52 : 92;
	1A53 : 6D;
	1A54 : 6D;
	1A55 : 6D;
	1A56 : 6D;
	1A57 : 6D;
	1A58 : 6D;
	1A59 : 6D;
	1A5A : 6D;
	1A5B : 6D;
	1A5C : 6D;
	1A5D : 92;
	1A5E : 92;
	1A5F : 92;
	1A60 : 25;
	1A61 : 24;
	1A62 : 25;
	1A63 : 00;
	1A64 : 00;
	1A65 : 24;
	1A66 : 6D;
	1A67 : 6D;
	1A68 : 92;
	1A69 : 92;
	1A6A : 92;
	1A6B : 6D;
	1A6C : 6D;
	1A6D : 6D;
	1A6E : 6D;
	1A6F : 6D;
	1A70 : 92;
	1A71 : 92;
	1A72 : 92;
	1A73 : 24;
	1A74 : 24;
	1A75 : 24;
	1A76 : 00;
	1A77 : 00;
	1A78 : 00;
	1A79 : 00;
	1A7A : 00;
	1A7B : 00;
	1A7C : 00;
	1A7D : 00;
	1A7E : 25;
	1A7F : 24;
	1A80 : 6D;
	1A81 : 6D;
	1A82 : 6D;
	1A83 : 24;
	1A84 : 24;
	1A85 : 92;
	1A86 : 92;
	1A87 : 92;
	1A88 : 25;
	1A89 : 25;
	1A8A : 25;
	1A8B : 00;
	1A8C : 00;
	1A8D : 6D;
	1A8E : 6D;
	1A8F : 6D;
	1A90 : 92;
	1A91 : 92;
	1A92 : 92;
	1A93 : 6D;
	1A94 : 6D;
	1A95 : 6D;
	1A96 : 6D;
	1A97 : 6D;
	1A98 : 6D;
	1A99 : 6D;
	1A9A : 6D;
	1A9B : 6D;
	1A9C : 6D;
	1A9D : 92;
	1A9E : 92;
	1A9F : 92;
	1AA0 : 25;
	1AA1 : 25;
	1AA2 : 25;
	1AA3 : 00;
	1AA4 : 00;
	1AA5 : 24;
	1AA6 : 6D;
	1AA7 : 6D;
	1AA8 : 92;
	1AA9 : 92;
	1AAA : 92;
	1AAB : 6D;
	1AAC : 6D;
	1AAD : 6D;
	1AAE : 6D;
	1AAF : 6D;
	1AB0 : 92;
	1AB1 : 92;
	1AB2 : 92;
	1AB3 : 24;
	1AB4 : 25;
	1AB5 : 25;
	1AB6 : 00;
	1AB7 : 00;
	1AB8 : 00;
	1AB9 : 00;
	1ABA : 00;
	1ABB : 00;
	1ABC : 00;
	1ABD : 00;
	1ABE : 25;
	1ABF : 25;
	1AC0 : 24;
	1AC1 : 24;
	1AC2 : 25;
	1AC3 : 6D;
	1AC4 : 6D;
	1AC5 : 25;
	1AC6 : 25;
	1AC7 : 25;
	1AC8 : 00;
	1AC9 : 00;
	1ACA : 00;
	1ACB : 00;
	1ACC : 00;
	1ACD : 6D;
	1ACE : 6D;
	1ACF : 6D;
	1AD0 : 92;
	1AD1 : 92;
	1AD2 : 92;
	1AD3 : 6D;
	1AD4 : 6D;
	1AD5 : 6D;
	1AD6 : 6D;
	1AD7 : 6D;
	1AD8 : 6D;
	1AD9 : 6D;
	1ADA : 6D;
	1ADB : 6D;
	1ADC : 6D;
	1ADD : 6D;
	1ADE : 6D;
	1ADF : 6D;
	1AE0 : 25;
	1AE1 : 25;
	1AE2 : 25;
	1AE3 : 00;
	1AE4 : 00;
	1AE5 : 04;
	1AE6 : 25;
	1AE7 : 25;
	1AE8 : 6D;
	1AE9 : 6D;
	1AEA : 6D;
	1AEB : 6D;
	1AEC : 6D;
	1AED : 6D;
	1AEE : 6D;
	1AEF : 6D;
	1AF0 : 6D;
	1AF1 : 6D;
	1AF2 : 6D;
	1AF3 : 24;
	1AF4 : 25;
	1AF5 : 25;
	1AF6 : 00;
	1AF7 : 00;
	1AF8 : 00;
	1AF9 : 00;
	1AFA : 00;
	1AFB : 00;
	1AFC : 00;
	1AFD : 00;
	1AFE : 00;
	1AFF : 00;
	1B00 : 24;
	1B01 : 25;
	1B02 : 25;
	1B03 : 6D;
	1B04 : 6D;
	1B05 : 25;
	1B06 : 24;
	1B07 : 25;
	1B08 : 00;
	1B09 : 00;
	1B0A : 00;
	1B0B : 00;
	1B0C : 00;
	1B0D : 6D;
	1B0E : 6D;
	1B0F : 6D;
	1B10 : 92;
	1B11 : 92;
	1B12 : 92;
	1B13 : 6D;
	1B14 : 6D;
	1B15 : 6D;
	1B16 : 6D;
	1B17 : 6D;
	1B18 : 6D;
	1B19 : 6D;
	1B1A : 6D;
	1B1B : 6D;
	1B1C : 6D;
	1B1D : 6D;
	1B1E : 6D;
	1B1F : 6D;
	1B20 : 25;
	1B21 : 25;
	1B22 : 25;
	1B23 : 00;
	1B24 : 00;
	1B25 : 04;
	1B26 : 25;
	1B27 : 25;
	1B28 : 6D;
	1B29 : 6D;
	1B2A : 6D;
	1B2B : 6D;
	1B2C : 6D;
	1B2D : 6D;
	1B2E : 6D;
	1B2F : 6D;
	1B30 : 6D;
	1B31 : 6D;
	1B32 : 6D;
	1B33 : 25;
	1B34 : 25;
	1B35 : 24;
	1B36 : 00;
	1B37 : 00;
	1B38 : 00;
	1B39 : 00;
	1B3A : 00;
	1B3B : 00;
	1B3C : 00;
	1B3D : 00;
	1B3E : 00;
	1B3F : 00;
	1B40 : 24;
	1B41 : 24;
	1B42 : 25;
	1B43 : 2D;
	1B44 : 25;
	1B45 : 25;
	1B46 : 24;
	1B47 : 24;
	1B48 : 00;
	1B49 : 00;
	1B4A : 24;
	1B4B : 25;
	1B4C : 25;
	1B4D : 92;
	1B4E : 92;
	1B4F : 92;
	1B50 : 92;
	1B51 : 92;
	1B52 : 92;
	1B53 : 6D;
	1B54 : 6D;
	1B55 : 6D;
	1B56 : 6D;
	1B57 : 6D;
	1B58 : 6D;
	1B59 : 6D;
	1B5A : 6D;
	1B5B : 6D;
	1B5C : 6D;
	1B5D : 6D;
	1B5E : 6D;
	1B5F : 6D;
	1B60 : 24;
	1B61 : 24;
	1B62 : 24;
	1B63 : 00;
	1B64 : 00;
	1B65 : 24;
	1B66 : 24;
	1B67 : 24;
	1B68 : 6D;
	1B69 : 6D;
	1B6A : 6D;
	1B6B : 6D;
	1B6C : 6D;
	1B6D : 6D;
	1B6E : 6D;
	1B6F : 6D;
	1B70 : 6D;
	1B71 : 6D;
	1B72 : 6D;
	1B73 : 24;
	1B74 : 24;
	1B75 : 24;
	1B76 : 00;
	1B77 : 00;
	1B78 : 25;
	1B79 : 25;
	1B7A : 25;
	1B7B : 25;
	1B7C : 25;
	1B7D : 25;
	1B7E : 00;
	1B7F : 00;
	1B80 : 00;
	1B81 : 00;
	1B82 : 00;
	1B83 : 00;
	1B84 : 00;
	1B85 : 00;
	1B86 : 00;
	1B87 : 00;
	1B88 : 00;
	1B89 : 00;
	1B8A : 24;
	1B8B : 6D;
	1B8C : 71;
	1B8D : B6;
	1B8E : B6;
	1B8F : B6;
	1B90 : 6D;
	1B91 : 6D;
	1B92 : 6D;
	1B93 : 6D;
	1B94 : 6D;
	1B95 : 6D;
	1B96 : 6D;
	1B97 : 6D;
	1B98 : 6D;
	1B99 : 6D;
	1B9A : 6D;
	1B9B : 6D;
	1B9C : 6D;
	1B9D : 25;
	1B9E : 25;
	1B9F : 25;
	1BA0 : 00;
	1BA1 : 00;
	1BA2 : 00;
	1BA3 : 00;
	1BA4 : 00;
	1BA5 : 00;
	1BA6 : 00;
	1BA7 : 00;
	1BA8 : 25;
	1BA9 : 25;
	1BAA : 24;
	1BAB : 6D;
	1BAC : 6D;
	1BAD : 6D;
	1BAE : 25;
	1BAF : 25;
	1BB0 : 25;
	1BB1 : 25;
	1BB2 : 25;
	1BB3 : 00;
	1BB4 : 00;
	1BB5 : 00;
	1BB6 : 00;
	1BB7 : 00;
	1BB8 : 6D;
	1BB9 : 6D;
	1BBA : 71;
	1BBB : 71;
	1BBC : 6D;
	1BBD : 6D;
	1BBE : 00;
	1BBF : 00;
	1BC0 : 00;
	1BC1 : 00;
	1BC2 : 00;
	1BC3 : 00;
	1BC4 : 00;
	1BC5 : 00;
	1BC6 : 00;
	1BC7 : 00;
	1BC8 : 00;
	1BC9 : 00;
	1BCA : 24;
	1BCB : 6D;
	1BCC : 71;
	1BCD : B6;
	1BCE : B6;
	1BCF : B6;
	1BD0 : 6D;
	1BD1 : 6D;
	1BD2 : 6D;
	1BD3 : 6D;
	1BD4 : 6D;
	1BD5 : 6D;
	1BD6 : 6D;
	1BD7 : 6D;
	1BD8 : 6D;
	1BD9 : 6D;
	1BDA : 6D;
	1BDB : 6D;
	1BDC : 6D;
	1BDD : 25;
	1BDE : 25;
	1BDF : 25;
	1BE0 : 00;
	1BE1 : 00;
	1BE2 : 00;
	1BE3 : 00;
	1BE4 : 00;
	1BE5 : 00;
	1BE6 : 00;
	1BE7 : 00;
	1BE8 : 25;
	1BE9 : 25;
	1BEA : 24;
	1BEB : 6D;
	1BEC : 6D;
	1BED : 6D;
	1BEE : 24;
	1BEF : 25;
	1BF0 : 25;
	1BF1 : 24;
	1BF2 : 25;
	1BF3 : 00;
	1BF4 : 00;
	1BF5 : 00;
	1BF6 : 00;
	1BF7 : 00;
	1BF8 : 6D;
	1BF9 : 6D;
	1BFA : 6D;
	1BFB : 6D;
	1BFC : 6D;
	1BFD : 6D;
	1BFE : 00;
	1BFF : 00;
	1C00 : 91;
	1C01 : 71;
	1C02 : 6D;
	1C03 : 00;
	1C04 : 00;
	1C05 : 00;
	1C06 : 00;
	1C07 : 00;
	1C08 : 00;
	1C09 : 00;
	1C0A : 24;
	1C0B : 6D;
	1C0C : 6D;
	1C0D : 92;
	1C0E : 92;
	1C0F : 92;
	1C10 : 6D;
	1C11 : 6D;
	1C12 : 6D;
	1C13 : 6D;
	1C14 : 6D;
	1C15 : 6D;
	1C16 : 6D;
	1C17 : 6D;
	1C18 : 6D;
	1C19 : 6D;
	1C1A : 6D;
	1C1B : 25;
	1C1C : 24;
	1C1D : 00;
	1C1E : 00;
	1C1F : 00;
	1C20 : 00;
	1C21 : 00;
	1C22 : 00;
	1C23 : 00;
	1C24 : 00;
	1C25 : 00;
	1C26 : 00;
	1C27 : 00;
	1C28 : 00;
	1C29 : 00;
	1C2A : 00;
	1C2B : 00;
	1C2C : 00;
	1C2D : 00;
	1C2E : 00;
	1C2F : 00;
	1C30 : 00;
	1C31 : 00;
	1C32 : 00;
	1C33 : 00;
	1C34 : 00;
	1C35 : 00;
	1C36 : 6D;
	1C37 : 6D;
	1C38 : 6D;
	1C39 : 6D;
	1C3A : 6D;
	1C3B : 6D;
	1C3C : 6D;
	1C3D : 6D;
	1C3E : 6D;
	1C3F : 6D;
	1C40 : 6D;
	1C41 : 6D;
	1C42 : 6D;
	1C43 : 00;
	1C44 : 00;
	1C45 : 00;
	1C46 : 00;
	1C47 : 00;
	1C48 : 00;
	1C49 : 00;
	1C4A : 24;
	1C4B : 6D;
	1C4C : 6D;
	1C4D : 92;
	1C4E : 92;
	1C4F : 92;
	1C50 : 6D;
	1C51 : 6D;
	1C52 : 6D;
	1C53 : 6D;
	1C54 : 6D;
	1C55 : 6D;
	1C56 : 6D;
	1C57 : 6D;
	1C58 : 6D;
	1C59 : 6D;
	1C5A : 6D;
	1C5B : 24;
	1C5C : 24;
	1C5D : 00;
	1C5E : 00;
	1C5F : 00;
	1C60 : 00;
	1C61 : 00;
	1C62 : 00;
	1C63 : 00;
	1C64 : 00;
	1C65 : 00;
	1C66 : 00;
	1C67 : 00;
	1C68 : 00;
	1C69 : 00;
	1C6A : 00;
	1C6B : 00;
	1C6C : 00;
	1C6D : 00;
	1C6E : 00;
	1C6F : 00;
	1C70 : 00;
	1C71 : 00;
	1C72 : 00;
	1C73 : 00;
	1C74 : 00;
	1C75 : 00;
	1C76 : 6D;
	1C77 : 6D;
	1C78 : 6D;
	1C79 : 6D;
	1C7A : 6D;
	1C7B : 6D;
	1C7C : 6D;
	1C7D : 6D;
	1C7E : 6D;
	1C7F : 6D;
	1C80 : 91;
	1C81 : 6D;
	1C82 : 6D;
	1C83 : 00;
	1C84 : 00;
	1C85 : 00;
	1C86 : 00;
	1C87 : 00;
	1C88 : 00;
	1C89 : 00;
	1C8A : 24;
	1C8B : 6D;
	1C8C : 6D;
	1C8D : 92;
	1C8E : 92;
	1C8F : 92;
	1C90 : 6D;
	1C91 : 6D;
	1C92 : 6D;
	1C93 : 6D;
	1C94 : 6D;
	1C95 : 6D;
	1C96 : 6D;
	1C97 : 6D;
	1C98 : 6D;
	1C99 : 6D;
	1C9A : 6D;
	1C9B : 24;
	1C9C : 25;
	1C9D : 00;
	1C9E : 00;
	1C9F : 00;
	1CA0 : 00;
	1CA1 : 00;
	1CA2 : 00;
	1CA3 : 00;
	1CA4 : 00;
	1CA5 : 00;
	1CA6 : 00;
	1CA7 : 00;
	1CA8 : 00;
	1CA9 : 00;
	1CAA : 00;
	1CAB : 00;
	1CAC : 00;
	1CAD : 00;
	1CAE : 00;
	1CAF : 00;
	1CB0 : 00;
	1CB1 : 00;
	1CB2 : 00;
	1CB3 : 00;
	1CB4 : 00;
	1CB5 : 00;
	1CB6 : 6D;
	1CB7 : 6D;
	1CB8 : 6D;
	1CB9 : 6D;
	1CBA : 6D;
	1CBB : 6D;
	1CBC : 6D;
	1CBD : 6D;
	1CBE : 6D;
	1CBF : 6D;
	1CC0 : B6;
	1CC1 : B6;
	1CC2 : B6;
	1CC3 : 6D;
	1CC4 : 6D;
	1CC5 : 00;
	1CC6 : 00;
	1CC7 : 00;
	1CC8 : 00;
	1CC9 : 00;
	1CCA : 24;
	1CCB : 6D;
	1CCC : 6D;
	1CCD : 6D;
	1CCE : 6D;
	1CCF : 6D;
	1CD0 : 92;
	1CD1 : 92;
	1CD2 : 92;
	1CD3 : 6D;
	1CD4 : 6D;
	1CD5 : 6D;
	1CD6 : 6D;
	1CD7 : 6D;
	1CD8 : 25;
	1CD9 : 25;
	1CDA : 24;
	1CDB : 00;
	1CDC : 00;
	1CDD : 00;
	1CDE : 00;
	1CDF : 00;
	1CE0 : 6D;
	1CE1 : 71;
	1CE2 : 71;
	1CE3 : 6D;
	1CE4 : 6D;
	1CE5 : 6D;
	1CE6 : 6D;
	1CE7 : 6D;
	1CE8 : 6D;
	1CE9 : 6D;
	1CEA : 6D;
	1CEB : 00;
	1CEC : 00;
	1CED : 00;
	1CEE : 00;
	1CEF : 00;
	1CF0 : 00;
	1CF1 : 00;
	1CF2 : 00;
	1CF3 : 71;
	1CF4 : 71;
	1CF5 : 6D;
	1CF6 : 6D;
	1CF7 : 6D;
	1CF8 : B6;
	1CF9 : B6;
	1CFA : B6;
	1CFB : 92;
	1CFC : 92;
	1CFD : 92;
	1CFE : 6D;
	1CFF : 6D;
	1D00 : B6;
	1D01 : B6;
	1D02 : B6;
	1D03 : 6D;
	1D04 : 6D;
	1D05 : 00;
	1D06 : 00;
	1D07 : 00;
	1D08 : 00;
	1D09 : 00;
	1D0A : 24;
	1D0B : 6D;
	1D0C : 6D;
	1D0D : 6D;
	1D0E : 6D;
	1D0F : 6D;
	1D10 : 92;
	1D11 : 92;
	1D12 : 92;
	1D13 : 6D;
	1D14 : 6D;
	1D15 : 6D;
	1D16 : 6D;
	1D17 : 6D;
	1D18 : 25;
	1D19 : 24;
	1D1A : 24;
	1D1B : 00;
	1D1C : 00;
	1D1D : 00;
	1D1E : 00;
	1D1F : 00;
	1D20 : 6D;
	1D21 : 71;
	1D22 : 6D;
	1D23 : 6D;
	1D24 : 6D;
	1D25 : 6D;
	1D26 : 6D;
	1D27 : 71;
	1D28 : 6D;
	1D29 : 6D;
	1D2A : 6D;
	1D2B : 00;
	1D2C : 00;
	1D2D : 00;
	1D2E : 00;
	1D2F : 00;
	1D30 : 00;
	1D31 : 00;
	1D32 : 00;
	1D33 : 71;
	1D34 : 6D;
	1D35 : 71;
	1D36 : 6D;
	1D37 : 6D;
	1D38 : B6;
	1D39 : B6;
	1D3A : B6;
	1D3B : 92;
	1D3C : 92;
	1D3D : 92;
	1D3E : 6D;
	1D3F : 6D;
	1D40 : 92;
	1D41 : 92;
	1D42 : 92;
	1D43 : 92;
	1D44 : 92;
	1D45 : 2D;
	1D46 : 2D;
	1D47 : 25;
	1D48 : 00;
	1D49 : 00;
	1D4A : 24;
	1D4B : 6D;
	1D4C : 6D;
	1D4D : 6D;
	1D4E : 6D;
	1D4F : 6D;
	1D50 : 71;
	1D51 : 71;
	1D52 : 91;
	1D53 : 6D;
	1D54 : 6D;
	1D55 : 6D;
	1D56 : 2D;
	1D57 : 2D;
	1D58 : 24;
	1D59 : 24;
	1D5A : 24;
	1D5B : 00;
	1D5C : 00;
	1D5D : 25;
	1D5E : 2D;
	1D5F : 25;
	1D60 : 92;
	1D61 : 92;
	1D62 : 92;
	1D63 : 92;
	1D64 : 92;
	1D65 : 92;
	1D66 : 92;
	1D67 : 92;
	1D68 : 6D;
	1D69 : 6D;
	1D6A : 6D;
	1D6B : 25;
	1D6C : 25;
	1D6D : 24;
	1D6E : 00;
	1D6F : 00;
	1D70 : 25;
	1D71 : 6D;
	1D72 : 2D;
	1D73 : 6D;
	1D74 : 6D;
	1D75 : 6D;
	1D76 : 92;
	1D77 : 92;
	1D78 : 92;
	1D79 : 92;
	1D7A : 92;
	1D7B : 92;
	1D7C : 92;
	1D7D : 91;
	1D7E : 6D;
	1D7F : 6D;
	1D80 : 6D;
	1D81 : 6D;
	1D82 : 6D;
	1D83 : 92;
	1D84 : 92;
	1D85 : 6D;
	1D86 : 6D;
	1D87 : 92;
	1D88 : 00;
	1D89 : 00;
	1D8A : 04;
	1D8B : 25;
	1D8C : 24;
	1D8D : 6D;
	1D8E : 6D;
	1D8F : 6D;
	1D90 : 6D;
	1D91 : 6D;
	1D92 : 6D;
	1D93 : 6D;
	1D94 : 6D;
	1D95 : 6D;
	1D96 : 25;
	1D97 : 25;
	1D98 : 00;
	1D99 : 00;
	1D9A : 00;
	1D9B : 00;
	1D9C : 00;
	1D9D : 6D;
	1D9E : 6D;
	1D9F : 6D;
	1DA0 : B6;
	1DA1 : B6;
	1DA2 : B6;
	1DA3 : 92;
	1DA4 : 92;
	1DA5 : 92;
	1DA6 : 92;
	1DA7 : 92;
	1DA8 : 6D;
	1DA9 : 6D;
	1DAA : 6D;
	1DAB : 6D;
	1DAC : 6D;
	1DAD : 25;
	1DAE : 00;
	1DAF : 00;
	1DB0 : 6D;
	1DB1 : 6D;
	1DB2 : 91;
	1DB3 : 6D;
	1DB4 : 6D;
	1DB5 : 6D;
	1DB6 : B6;
	1DB7 : B6;
	1DB8 : 71;
	1DB9 : 6D;
	1DBA : 6D;
	1DBB : 6D;
	1DBC : 6D;
	1DBD : 6D;
	1DBE : 6D;
	1DBF : 6D;
	1DC0 : 6D;
	1DC1 : 6D;
	1DC2 : 6D;
	1DC3 : 92;
	1DC4 : 92;
	1DC5 : 6D;
	1DC6 : 6D;
	1DC7 : 71;
	1DC8 : 00;
	1DC9 : 00;
	1DCA : 00;
	1DCB : 25;
	1DCC : 25;
	1DCD : 6D;
	1DCE : 6D;
	1DCF : 6D;
	1DD0 : 6D;
	1DD1 : 6D;
	1DD2 : 6D;
	1DD3 : 6D;
	1DD4 : 6D;
	1DD5 : 2D;
	1DD6 : 25;
	1DD7 : 24;
	1DD8 : 00;
	1DD9 : 00;
	1DDA : 00;
	1DDB : 00;
	1DDC : 00;
	1DDD : 6D;
	1DDE : 71;
	1DDF : 6D;
	1DE0 : B6;
	1DE1 : B6;
	1DE2 : B6;
	1DE3 : 92;
	1DE4 : 92;
	1DE5 : 92;
	1DE6 : 92;
	1DE7 : 92;
	1DE8 : 6D;
	1DE9 : 6D;
	1DEA : 6D;
	1DEB : 6D;
	1DEC : 6D;
	1DED : 25;
	1DEE : 00;
	1DEF : 00;
	1DF0 : 6D;
	1DF1 : 71;
	1DF2 : 71;
	1DF3 : 6D;
	1DF4 : 6D;
	1DF5 : 6D;
	1DF6 : B6;
	1DF7 : B6;
	1DF8 : 91;
	1DF9 : 6D;
	1DFA : 6D;
	1DFB : 6D;
	1DFC : 6D;
	1DFD : 6D;
	1DFE : 6D;
	1DFF : 6D;
	1E00 : 6D;
	1E01 : 6D;
	1E02 : 71;
	1E03 : 92;
	1E04 : 92;
	1E05 : 6D;
	1E06 : 6D;
	1E07 : 6D;
	1E08 : 00;
	1E09 : 00;
	1E0A : 00;
	1E0B : 00;
	1E0C : 00;
	1E0D : 25;
	1E0E : 25;
	1E0F : 25;
	1E10 : 6D;
	1E11 : 6D;
	1E12 : 6D;
	1E13 : 25;
	1E14 : 25;
	1E15 : 24;
	1E16 : 00;
	1E17 : 00;
	1E18 : 00;
	1E19 : 00;
	1E1A : 00;
	1E1B : 6D;
	1E1C : 6D;
	1E1D : 96;
	1E1E : 96;
	1E1F : 96;
	1E20 : 92;
	1E21 : 91;
	1E22 : 92;
	1E23 : 6D;
	1E24 : 6D;
	1E25 : 71;
	1E26 : 71;
	1E27 : 71;
	1E28 : 92;
	1E29 : 92;
	1E2A : 92;
	1E2B : 6D;
	1E2C : 6D;
	1E2D : 25;
	1E2E : 00;
	1E2F : 00;
	1E30 : 6D;
	1E31 : 6D;
	1E32 : 6D;
	1E33 : 92;
	1E34 : 92;
	1E35 : 92;
	1E36 : 92;
	1E37 : 92;
	1E38 : 6D;
	1E39 : 6D;
	1E3A : 6D;
	1E3B : 6D;
	1E3C : 6D;
	1E3D : 6D;
	1E3E : 6D;
	1E3F : 6D;
	1E40 : 6D;
	1E41 : 6D;
	1E42 : 6D;
	1E43 : 92;
	1E44 : 92;
	1E45 : 6D;
	1E46 : 6D;
	1E47 : 6D;
	1E48 : 00;
	1E49 : 00;
	1E4A : 00;
	1E4B : 00;
	1E4C : 00;
	1E4D : 24;
	1E4E : 24;
	1E4F : 24;
	1E50 : 6D;
	1E51 : 6D;
	1E52 : 6D;
	1E53 : 25;
	1E54 : 24;
	1E55 : 00;
	1E56 : 00;
	1E57 : 00;
	1E58 : 00;
	1E59 : 00;
	1E5A : 00;
	1E5B : 6D;
	1E5C : 6D;
	1E5D : B6;
	1E5E : B6;
	1E5F : B6;
	1E60 : 6D;
	1E61 : 6D;
	1E62 : 6D;
	1E63 : 6D;
	1E64 : 6D;
	1E65 : 6D;
	1E66 : 6D;
	1E67 : 6D;
	1E68 : 92;
	1E69 : 92;
	1E6A : 92;
	1E6B : 6D;
	1E6C : 6D;
	1E6D : 25;
	1E6E : 00;
	1E6F : 00;
	1E70 : 6D;
	1E71 : 6D;
	1E72 : 6D;
	1E73 : 92;
	1E74 : 92;
	1E75 : 92;
	1E76 : 6D;
	1E77 : 6D;
	1E78 : 6D;
	1E79 : 6D;
	1E7A : 6D;
	1E7B : 6D;
	1E7C : 6D;
	1E7D : 6D;
	1E7E : 6D;
	1E7F : 2D;
	1E80 : 6D;
	1E81 : 6D;
	1E82 : 6D;
	1E83 : 92;
	1E84 : 92;
	1E85 : 6D;
	1E86 : 6D;
	1E87 : 6D;
	1E88 : 00;
	1E89 : 00;
	1E8A : 00;
	1E8B : 00;
	1E8C : 00;
	1E8D : 24;
	1E8E : 24;
	1E8F : 25;
	1E90 : 6D;
	1E91 : 6D;
	1E92 : 6D;
	1E93 : 25;
	1E94 : 24;
	1E95 : 00;
	1E96 : 00;
	1E97 : 00;
	1E98 : 00;
	1E99 : 00;
	1E9A : 00;
	1E9B : 71;
	1E9C : 6D;
	1E9D : B6;
	1E9E : B6;
	1E9F : B6;
	1EA0 : 6D;
	1EA1 : 6D;
	1EA2 : 6D;
	1EA3 : 6D;
	1EA4 : 6D;
	1EA5 : 6D;
	1EA6 : 6D;
	1EA7 : 6D;
	1EA8 : 92;
	1EA9 : 92;
	1EAA : 92;
	1EAB : 6D;
	1EAC : 6D;
	1EAD : 25;
	1EAE : 00;
	1EAF : 00;
	1EB0 : 6D;
	1EB1 : 6D;
	1EB2 : 6D;
	1EB3 : 92;
	1EB4 : 92;
	1EB5 : 92;
	1EB6 : 6D;
	1EB7 : 6D;
	1EB8 : 6D;
	1EB9 : 6D;
	1EBA : 6D;
	1EBB : 6D;
	1EBC : 6D;
	1EBD : 6D;
	1EBE : 6D;
	1EBF : 6D;
	1EC0 : 6D;
	1EC1 : 6D;
	1EC2 : 6D;
	1EC3 : 6D;
	1EC4 : 6D;
	1EC5 : 92;
	1EC6 : 92;
	1EC7 : 92;
	1EC8 : 6D;
	1EC9 : 6D;
	1ECA : 6D;
	1ECB : 00;
	1ECC : 00;
	1ECD : 00;
	1ECE : 00;
	1ECF : 00;
	1ED0 : 00;
	1ED1 : 00;
	1ED2 : 00;
	1ED3 : 00;
	1ED4 : 00;
	1ED5 : 00;
	1ED6 : 00;
	1ED7 : 00;
	1ED8 : 71;
	1ED9 : 6D;
	1EDA : 6D;
	1EDB : 92;
	1EDC : 92;
	1EDD : 6D;
	1EDE : 6D;
	1EDF : 6D;
	1EE0 : 6D;
	1EE1 : 6D;
	1EE2 : 6D;
	1EE3 : 6D;
	1EE4 : 6D;
	1EE5 : 6D;
	1EE6 : 6D;
	1EE7 : 6D;
	1EE8 : 6D;
	1EE9 : 6D;
	1EEA : 6D;
	1EEB : 25;
	1EEC : 24;
	1EED : 24;
	1EEE : 00;
	1EEF : 00;
	1EF0 : 6D;
	1EF1 : 6D;
	1EF2 : 71;
	1EF3 : 6D;
	1EF4 : 6D;
	1EF5 : 6D;
	1EF6 : 6D;
	1EF7 : 6D;
	1EF8 : 6D;
	1EF9 : 6D;
	1EFA : 6D;
	1EFB : 6D;
	1EFC : 6D;
	1EFD : 6D;
	1EFE : 6D;
	1EFF : 6D;
	1F00 : 6D;
	1F01 : 6D;
	1F02 : 6D;
	1F03 : 6D;
	1F04 : 6D;
	1F05 : 92;
	1F06 : 92;
	1F07 : 92;
	1F08 : 6D;
	1F09 : 6D;
	1F0A : 6D;
	1F0B : 00;
	1F0C : 00;
	1F0D : 00;
	1F0E : 00;
	1F0F : 00;
	1F10 : 00;
	1F11 : 00;
	1F12 : 00;
	1F13 : 00;
	1F14 : 00;
	1F15 : 00;
	1F16 : 00;
	1F17 : 00;
	1F18 : 72;
	1F19 : 6D;
	1F1A : 72;
	1F1B : 92;
	1F1C : 92;
	1F1D : 6D;
	1F1E : 6D;
	1F1F : 6D;
	1F20 : 6D;
	1F21 : 6D;
	1F22 : 6D;
	1F23 : 6D;
	1F24 : 6D;
	1F25 : 6D;
	1F26 : 6D;
	1F27 : 6D;
	1F28 : 6D;
	1F29 : 6D;
	1F2A : 6D;
	1F2B : 25;
	1F2C : 25;
	1F2D : 24;
	1F2E : 00;
	1F2F : 00;
	1F30 : 6D;
	1F31 : 71;
	1F32 : 6D;
	1F33 : 6D;
	1F34 : 6D;
	1F35 : 6D;
	1F36 : 6D;
	1F37 : 6D;
	1F38 : 6D;
	1F39 : 6D;
	1F3A : 6D;
	1F3B : 6D;
	1F3C : 6D;
	1F3D : 6D;
	1F3E : 2D;
	1F3F : 2D;
	1F40 : 6D;
	1F41 : 6D;
	1F42 : 6D;
	1F43 : 6D;
	1F44 : 6D;
	1F45 : 92;
	1F46 : 92;
	1F47 : 92;
	1F48 : 6D;
	1F49 : 6D;
	1F4A : 6D;
	1F4B : 00;
	1F4C : 00;
	1F4D : 00;
	1F4E : 00;
	1F4F : 00;
	1F50 : 00;
	1F51 : 00;
	1F52 : 00;
	1F53 : 00;
	1F54 : 00;
	1F55 : 00;
	1F56 : 00;
	1F57 : 00;
	1F58 : 91;
	1F59 : 71;
	1F5A : 92;
	1F5B : 92;
	1F5C : 92;
	1F5D : 71;
	1F5E : 6D;
	1F5F : 6D;
	1F60 : 6D;
	1F61 : 6D;
	1F62 : 6D;
	1F63 : 6D;
	1F64 : 6D;
	1F65 : 6D;
	1F66 : 6D;
	1F67 : 6D;
	1F68 : 6D;
	1F69 : 6D;
	1F6A : 6D;
	1F6B : 24;
	1F6C : 25;
	1F6D : 24;
	1F6E : 00;
	1F6F : 00;
	1F70 : 6D;
	1F71 : 6D;
	1F72 : 6D;
	1F73 : 6D;
	1F74 : 6D;
	1F75 : 6D;
	1F76 : 6D;
	1F77 : 6D;
	1F78 : 6D;
	1F79 : 6D;
	1F7A : 6D;
	1F7B : 6D;
	1F7C : 6D;
	1F7D : 6D;
	1F7E : 6D;
	1F7F : 6D;
	1F80 : 6D;
	1F81 : 2D;
	1F82 : 6D;
	1F83 : 6D;
	1F84 : 6D;
	1F85 : 6D;
	1F86 : 6D;
	1F87 : 6D;
	1F88 : 6D;
	1F89 : 6D;
	1F8A : 6D;
	1F8B : 6D;
	1F8C : 6D;
	1F8D : 00;
	1F8E : 00;
	1F8F : 00;
	1F90 : 00;
	1F91 : 00;
	1F92 : 00;
	1F93 : 00;
	1F94 : 00;
	1F95 : 00;
	1F96 : 00;
	1F97 : 00;
	1F98 : 6D;
	1F99 : 6D;
	1F9A : 6D;
	1F9B : 6D;
	1F9C : 6D;
	1F9D : 6D;
	1F9E : 6D;
	1F9F : 6D;
	1FA0 : 6D;
	1FA1 : 6D;
	1FA2 : 6D;
	1FA3 : 6D;
	1FA4 : 6D;
	1FA5 : 6D;
	1FA6 : 6D;
	1FA7 : 6D;
	1FA8 : 6D;
	1FA9 : 6D;
	1FAA : 6D;
	1FAB : 00;
	1FAC : 00;
	1FAD : 00;
	1FAE : 00;
	1FAF : 00;
	1FB0 : 6D;
	1FB1 : 6D;
	1FB2 : 6D;
	1FB3 : 92;
	1FB4 : 92;
	1FB5 : 92;
	1FB6 : 6D;
	1FB7 : 6D;
	1FB8 : 6D;
	1FB9 : 6D;
	1FBA : 6D;
	1FBB : 6D;
	1FBC : 6D;
	1FBD : 6D;
	1FBE : 6D;
	1FBF : 6D;
	1FC0 : 6D;
	1FC1 : 6D;
	1FC2 : 6D;
	1FC3 : 6D;
	1FC4 : 6D;
	1FC5 : 6D;
	1FC6 : 6D;
	1FC7 : 6D;
	1FC8 : 6D;
	1FC9 : 6D;
	1FCA : 6D;
	1FCB : 6D;
	1FCC : 6D;
	1FCD : 00;
	1FCE : 00;
	1FCF : 00;
	1FD0 : 00;
	1FD1 : 00;
	1FD2 : 00;
	1FD3 : 00;
	1FD4 : 00;
	1FD5 : 00;
	1FD6 : 00;
	1FD7 : 00;
	1FD8 : 71;
	1FD9 : 71;
	1FDA : 6D;
	1FDB : 6D;
	1FDC : 6D;
	1FDD : 6D;
	1FDE : 6D;
	1FDF : 6D;
	1FE0 : 6D;
	1FE1 : 6D;
	1FE2 : 6D;
	1FE3 : 6D;
	1FE4 : 6D;
	1FE5 : 6D;
	1FE6 : 6D;
	1FE7 : 6D;
	1FE8 : 6D;
	1FE9 : 6D;
	1FEA : 6D;
	1FEB : 00;
	1FEC : 00;
	1FED : 00;
	1FEE : 00;
	1FEF : 00;
	1FF0 : 6D;
	1FF1 : 6D;
	1FF2 : 6D;
	1FF3 : 92;
	1FF4 : 92;
	1FF5 : 92;
	1FF6 : 6D;
	1FF7 : 6D;
	1FF8 : 6D;
	1FF9 : 6D;
	1FFA : 6D;
	1FFB : 6D;
	1FFC : 6D;
	1FFD : 6D;
	1FFE : 6D;
	1FFF : 6D;
	2000 : 6D;
	2001 : 6D;
	2002 : 6D;
	2003 : 6D;
	2004 : 6D;
	2005 : 6D;
	2006 : 6D;
	2007 : 6D;
	2008 : 8D;
	2009 : 91;
	200A : 91;
	200B : 91;
	200C : B1;
	200D : 6C;
	200E : 6C;
	200F : 6C;
	2010 : B1;
	2011 : B1;
	2012 : B1;
	2013 : 20;
	2014 : 20;
	2015 : 20;
	2016 : 20;
	2017 : 20;
	2018 : 20;
	2019 : 24;
	201A : 20;
	201B : 8C;
	201C : AC;
	201D : D5;
	201E : D5;
	201F : D5;
	2020 : 8C;
	2021 : 8C;
	2022 : 8C;
	2023 : 8C;
	2024 : 8C;
	2025 : 8C;
	2026 : 8C;
	2027 : 8C;
	2028 : 20;
	2029 : 20;
	202A : 20;
	202B : 20;
	202C : 20;
	202D : 20;
	202E : 00;
	202F : 20;
	2030 : 6C;
	2031 : 6C;
	2032 : 6C;
	2033 : 91;
	2034 : 91;
	2035 : 91;
	2036 : 91;
	2037 : 91;
	2038 : 6D;
	2039 : 6D;
	203A : 6D;
	203B : 6D;
	203C : 6D;
	203D : 6D;
	203E : 6D;
	203F : 6D;
	2040 : 6D;
	2041 : 6D;
	2042 : 6D;
	2043 : 6D;
	2044 : 6D;
	2045 : 6D;
	2046 : 6D;
	2047 : 6D;
	2048 : 91;
	2049 : 91;
	204A : 91;
	204B : 91;
	204C : 91;
	204D : 6C;
	204E : 6C;
	204F : 8C;
	2050 : B1;
	2051 : B1;
	2052 : B1;
	2053 : 20;
	2054 : 20;
	2055 : 20;
	2056 : 20;
	2057 : 20;
	2058 : 20;
	2059 : 20;
	205A : 20;
	205B : AC;
	205C : AC;
	205D : D5;
	205E : F5;
	205F : F5;
	2060 : AC;
	2061 : AC;
	2062 : AC;
	2063 : AC;
	2064 : 8C;
	2065 : 8C;
	2066 : 8C;
	2067 : 8C;
	2068 : 20;
	2069 : 20;
	206A : 20;
	206B : 20;
	206C : 20;
	206D : 20;
	206E : 20;
	206F : 00;
	2070 : 6C;
	2071 : 6C;
	2072 : 6C;
	2073 : B1;
	2074 : 91;
	2075 : 91;
	2076 : 91;
	2077 : 91;
	2078 : 6D;
	2079 : 6D;
	207A : 6D;
	207B : 6D;
	207C : 6D;
	207D : 6D;
	207E : 6D;
	207F : 6D;
	2080 : 6D;
	2081 : 6D;
	2082 : 6D;
	2083 : 6D;
	2084 : 6D;
	2085 : 6D;
	2086 : 6D;
	2087 : 6D;
	2088 : 91;
	2089 : 91;
	208A : 91;
	208B : 91;
	208C : B1;
	208D : 6C;
	208E : 8C;
	208F : 8C;
	2090 : D1;
	2091 : D1;
	2092 : B1;
	2093 : 24;
	2094 : 20;
	2095 : 20;
	2096 : 20;
	2097 : 20;
	2098 : 24;
	2099 : 20;
	209A : 20;
	209B : AC;
	209C : B0;
	209D : F5;
	209E : F5;
	209F : F5;
	20A0 : AC;
	20A1 : 8C;
	20A2 : AC;
	20A3 : AC;
	20A4 : AC;
	20A5 : AC;
	20A6 : AC;
	20A7 : AC;
	20A8 : 24;
	20A9 : 20;
	20AA : 20;
	20AB : 20;
	20AC : 20;
	20AD : 20;
	20AE : 20;
	20AF : 20;
	20B0 : 8D;
	20B1 : 6C;
	20B2 : 6C;
	20B3 : B1;
	20B4 : 91;
	20B5 : 91;
	20B6 : 91;
	20B7 : 91;
	20B8 : 6D;
	20B9 : 6D;
	20BA : 6D;
	20BB : 6D;
	20BC : 6D;
	20BD : 6D;
	20BE : 6D;
	20BF : 6D;
	20C0 : 6D;
	20C1 : 6D;
	20C2 : 6D;
	20C3 : 6D;
	20C4 : 6D;
	20C5 : 6D;
	20C6 : 8D;
	20C7 : 91;
	20C8 : 6D;
	20C9 : 8D;
	20CA : 6D;
	20CB : 6C;
	20CC : 6C;
	20CD : B1;
	20CE : B1;
	20CF : D1;
	20D0 : 8C;
	20D1 : 8C;
	20D2 : 8D;
	20D3 : 20;
	20D4 : 20;
	20D5 : 20;
	20D6 : 20;
	20D7 : 24;
	20D8 : 24;
	20D9 : 24;
	20DA : 24;
	20DB : 24;
	20DC : 24;
	20DD : 24;
	20DE : 24;
	20DF : 24;
	20E0 : 24;
	20E1 : 24;
	20E2 : 24;
	20E3 : 24;
	20E4 : 24;
	20E5 : 24;
	20E6 : 24;
	20E7 : 24;
	20E8 : 24;
	20E9 : 24;
	20EA : 20;
	20EB : 20;
	20EC : 20;
	20ED : 20;
	20EE : 20;
	20EF : 20;
	20F0 : 20;
	20F1 : 20;
	20F2 : 00;
	20F3 : 00;
	20F4 : 00;
	20F5 : 00;
	20F6 : 6C;
	20F7 : 6C;
	20F8 : 91;
	20F9 : 8D;
	20FA : 6D;
	20FB : 6D;
	20FC : 6D;
	20FD : 6D;
	20FE : 6D;
	20FF : 6D;
	2100 : 6D;
	2101 : 6D;
	2102 : 6D;
	2103 : 6D;
	2104 : 6D;
	2105 : 8D;
	2106 : 91;
	2107 : 91;
	2108 : 6D;
	2109 : 8D;
	210A : 6D;
	210B : 6C;
	210C : 6C;
	210D : B1;
	210E : B1;
	210F : D1;
	2110 : 8C;
	2111 : 8D;
	2112 : 8D;
	2113 : 20;
	2114 : 20;
	2115 : 20;
	2116 : 24;
	2117 : 24;
	2118 : 24;
	2119 : 24;
	211A : 24;
	211B : 24;
	211C : 24;
	211D : 20;
	211E : 24;
	211F : 24;
	2120 : 24;
	2121 : 24;
	2122 : 24;
	2123 : 24;
	2124 : 24;
	2125 : 24;
	2126 : 24;
	2127 : 24;
	2128 : 24;
	2129 : 24;
	212A : 24;
	212B : 24;
	212C : 24;
	212D : 20;
	212E : 20;
	212F : 20;
	2130 : 20;
	2131 : 20;
	2132 : 20;
	2133 : 00;
	2134 : 00;
	2135 : 00;
	2136 : 6C;
	2137 : 6D;
	2138 : 91;
	2139 : 8D;
	213A : 8D;
	213B : 6D;
	213C : 6D;
	213D : 6D;
	213E : 6D;
	213F : 6D;
	2140 : 6D;
	2141 : 6D;
	2142 : 6D;
	2143 : 6D;
	2144 : 6D;
	2145 : 8D;
	2146 : 8D;
	2147 : 8D;
	2148 : 8D;
	2149 : 8D;
	214A : 8D;
	214B : 6C;
	214C : 8C;
	214D : B1;
	214E : B1;
	214F : B1;
	2150 : 8D;
	2151 : 8C;
	2152 : 8C;
	2153 : 20;
	2154 : 20;
	2155 : 20;
	2156 : 24;
	2157 : 24;
	2158 : 24;
	2159 : 24;
	215A : 24;
	215B : 24;
	215C : 24;
	215D : 64;
	215E : 64;
	215F : 64;
	2160 : 24;
	2161 : 24;
	2162 : 24;
	2163 : 64;
	2164 : 64;
	2165 : 64;
	2166 : 64;
	2167 : 24;
	2168 : 24;
	2169 : 24;
	216A : 24;
	216B : 24;
	216C : 24;
	216D : 20;
	216E : 24;
	216F : 20;
	2170 : 24;
	2171 : 20;
	2172 : 20;
	2173 : 20;
	2174 : 00;
	2175 : 00;
	2176 : 6C;
	2177 : 6C;
	2178 : 6D;
	2179 : 6D;
	217A : 6D;
	217B : 6D;
	217C : 6D;
	217D : 6D;
	217E : 6D;
	217F : 6D;
	2180 : 6D;
	2181 : 6D;
	2182 : 6D;
	2183 : 6D;
	2184 : 8D;
	2185 : 64;
	2186 : 6C;
	2187 : 6C;
	2188 : 91;
	2189 : B1;
	218A : 8D;
	218B : 6C;
	218C : 8C;
	218D : 8C;
	218E : 8C;
	218F : 8C;
	2190 : 20;
	2191 : 20;
	2192 : 20;
	2193 : 20;
	2194 : 20;
	2195 : 24;
	2196 : 24;
	2197 : 24;
	2198 : 20;
	2199 : 24;
	219A : 24;
	219B : 24;
	219C : 24;
	219D : FA;
	219E : F9;
	219F : F9;
	21A0 : FE;
	21A1 : FE;
	21A2 : FE;
	21A3 : F5;
	21A4 : F5;
	21A5 : F9;
	21A6 : F9;
	21A7 : F9;
	21A8 : F9;
	21A9 : F9;
	21AA : F9;
	21AB : D5;
	21AC : D5;
	21AD : D5;
	21AE : F9;
	21AF : F9;
	21B0 : D1;
	21B1 : D1;
	21B2 : B1;
	21B3 : 00;
	21B4 : 00;
	21B5 : 00;
	21B6 : 00;
	21B7 : 00;
	21B8 : 00;
	21B9 : 00;
	21BA : 00;
	21BB : 6D;
	21BC : 6D;
	21BD : 65;
	21BE : 65;
	21BF : 6D;
	21C0 : 6D;
	21C1 : 6D;
	21C2 : 6D;
	21C3 : 6D;
	21C4 : 8D;
	21C5 : 6C;
	21C6 : 6C;
	21C7 : 6C;
	21C8 : 91;
	21C9 : B1;
	21CA : 8D;
	21CB : 8C;
	21CC : 8C;
	21CD : 8C;
	21CE : 8C;
	21CF : 8C;
	21D0 : 20;
	21D1 : 20;
	21D2 : 20;
	21D3 : 24;
	21D4 : 24;
	21D5 : 24;
	21D6 : 24;
	21D7 : 24;
	21D8 : 24;
	21D9 : 24;
	21DA : 24;
	21DB : 24;
	21DC : 24;
	21DD : FA;
	21DE : F9;
	21DF : F9;
	21E0 : FE;
	21E1 : FD;
	21E2 : FE;
	21E3 : F5;
	21E4 : F5;
	21E5 : F5;
	21E6 : F9;
	21E7 : F9;
	21E8 : F9;
	21E9 : F9;
	21EA : F9;
	21EB : F5;
	21EC : D5;
	21ED : D5;
	21EE : F9;
	21EF : F9;
	21F0 : D5;
	21F1 : D1;
	21F2 : B1;
	21F3 : 20;
	21F4 : 20;
	21F5 : 00;
	21F6 : 00;
	21F7 : 00;
	21F8 : 00;
	21F9 : 00;
	21FA : 00;
	21FB : 6D;
	21FC : 6D;
	21FD : 65;
	21FE : 25;
	21FF : 65;
	2200 : 00;
	2201 : 00;
	2202 : 00;
	2203 : 00;
	2204 : 00;
	2205 : 00;
	2206 : 00;
	2207 : 00;
	2208 : 00;
	2209 : 00;
	220A : 00;
	220B : 00;
	220C : 20;
	220D : 20;
	220E : 20;
	220F : 20;
	2210 : 20;
	2211 : 20;
	2212 : 24;
	2213 : 24;
	2214 : 24;
	2215 : 24;
	2216 : 24;
	2217 : 24;
	2218 : F5;
	2219 : F5;
	221A : F5;
	221B : FD;
	221C : F9;
	221D : F5;
	221E : F5;
	221F : F5;
	2220 : F5;
	2221 : F5;
	2222 : F5;
	2223 : FD;
	2224 : FD;
	2225 : FD;
	2226 : FD;
	2227 : FD;
	2228 : F5;
	2229 : F5;
	222A : F5;
	222B : F9;
	222C : F9;
	222D : F9;
	222E : D5;
	222F : D5;
	2230 : F9;
	2231 : F9;
	2232 : F9;
	2233 : B1;
	2234 : B1;
	2235 : B1;
	2236 : 91;
	2237 : 91;
	2238 : 00;
	2239 : 00;
	223A : 00;
	223B : 00;
	223C : 00;
	223D : 00;
	223E : 00;
	223F : 00;
	2240 : 00;
	2241 : 00;
	2242 : 00;
	2243 : 00;
	2244 : 00;
	2245 : 00;
	2246 : 00;
	2247 : 00;
	2248 : 00;
	2249 : 00;
	224A : 00;
	224B : 20;
	224C : 20;
	224D : 20;
	224E : 20;
	224F : 20;
	2250 : 20;
	2251 : 20;
	2252 : 24;
	2253 : 20;
	2254 : 24;
	2255 : 24;
	2256 : 24;
	2257 : 24;
	2258 : F5;
	2259 : F5;
	225A : F5;
	225B : F9;
	225C : FD;
	225D : F5;
	225E : F5;
	225F : F5;
	2260 : F5;
	2261 : F5;
	2262 : F5;
	2263 : FD;
	2264 : FD;
	2265 : FD;
	2266 : FD;
	2267 : FD;
	2268 : F5;
	2269 : F5;
	226A : F5;
	226B : F9;
	226C : F9;
	226D : F9;
	226E : D5;
	226F : D5;
	2270 : F9;
	2271 : F9;
	2272 : F9;
	2273 : B1;
	2274 : B1;
	2275 : B1;
	2276 : B1;
	2277 : 91;
	2278 : 00;
	2279 : 00;
	227A : 00;
	227B : 00;
	227C : 00;
	227D : 00;
	227E : 00;
	227F : 00;
	2280 : 00;
	2281 : 00;
	2282 : 00;
	2283 : 00;
	2284 : 00;
	2285 : 00;
	2286 : 00;
	2287 : 00;
	2288 : 00;
	2289 : 00;
	228A : 00;
	228B : 20;
	228C : 20;
	228D : 24;
	228E : 20;
	228F : 20;
	2290 : 20;
	2291 : 20;
	2292 : 20;
	2293 : 20;
	2294 : 24;
	2295 : 24;
	2296 : 24;
	2297 : 24;
	2298 : F5;
	2299 : F5;
	229A : F5;
	229B : F9;
	229C : F9;
	229D : F5;
	229E : F5;
	229F : F5;
	22A0 : F5;
	22A1 : F5;
	22A2 : F5;
	22A3 : FD;
	22A4 : FD;
	22A5 : FD;
	22A6 : FD;
	22A7 : F9;
	22A8 : F5;
	22A9 : F5;
	22AA : F5;
	22AB : F9;
	22AC : F9;
	22AD : F9;
	22AE : F5;
	22AF : D5;
	22B0 : F9;
	22B1 : F9;
	22B2 : F9;
	22B3 : B1;
	22B4 : B1;
	22B5 : B1;
	22B6 : B1;
	22B7 : 91;
	22B8 : 00;
	22B9 : 00;
	22BA : 00;
	22BB : 00;
	22BC : 00;
	22BD : 00;
	22BE : 00;
	22BF : 00;
	22C0 : 6D;
	22C1 : 8D;
	22C2 : 8D;
	22C3 : 8D;
	22C4 : 8D;
	22C5 : 8D;
	22C6 : 91;
	22C7 : 91;
	22C8 : B1;
	22C9 : B1;
	22CA : D5;
	22CB : D5;
	22CC : D5;
	22CD : 20;
	22CE : 20;
	22CF : 24;
	22D0 : 24;
	22D1 : 24;
	22D2 : 24;
	22D3 : F9;
	22D4 : F9;
	22D5 : F5;
	22D6 : F5;
	22D7 : F5;
	22D8 : FE;
	22D9 : FE;
	22DA : FE;
	22DB : F5;
	22DC : F5;
	22DD : F5;
	22DE : F5;
	22DF : F5;
	22E0 : F5;
	22E1 : F5;
	22E2 : F5;
	22E3 : F5;
	22E4 : F5;
	22E5 : F5;
	22E6 : F5;
	22E7 : F5;
	22E8 : F5;
	22E9 : F5;
	22EA : D1;
	22EB : F5;
	22EC : F5;
	22ED : F5;
	22EE : F5;
	22EF : D5;
	22F0 : D5;
	22F1 : D1;
	22F2 : D1;
	22F3 : F9;
	22F4 : D5;
	22F5 : D5;
	22F6 : 8D;
	22F7 : 6C;
	22F8 : 00;
	22F9 : 00;
	22FA : 00;
	22FB : 00;
	22FC : 00;
	22FD : 00;
	22FE : 00;
	22FF : 00;
	2300 : 6D;
	2301 : 6D;
	2302 : 8D;
	2303 : 8D;
	2304 : 91;
	2305 : 8D;
	2306 : 91;
	2307 : 91;
	2308 : B1;
	2309 : D1;
	230A : D5;
	230B : D5;
	230C : D5;
	230D : 20;
	230E : 20;
	230F : 24;
	2310 : 20;
	2311 : 24;
	2312 : 24;
	2313 : F9;
	2314 : F9;
	2315 : F5;
	2316 : F5;
	2317 : F5;
	2318 : FE;
	2319 : FE;
	231A : FE;
	231B : F5;
	231C : F5;
	231D : F5;
	231E : F5;
	231F : F0;
	2320 : F5;
	2321 : F5;
	2322 : F5;
	2323 : F5;
	2324 : F5;
	2325 : F5;
	2326 : F5;
	2327 : F5;
	2328 : D4;
	2329 : D5;
	232A : D1;
	232B : F5;
	232C : F5;
	232D : F5;
	232E : F5;
	232F : F5;
	2330 : D5;
	2331 : D5;
	2332 : D1;
	2333 : F9;
	2334 : D5;
	2335 : D5;
	2336 : 8C;
	2337 : 6C;
	2338 : 00;
	2339 : 00;
	233A : 00;
	233B : 00;
	233C : 00;
	233D : 00;
	233E : 00;
	233F : 00;
	2340 : 91;
	2341 : 91;
	2342 : 91;
	2343 : 91;
	2344 : 91;
	2345 : 8D;
	2346 : 91;
	2347 : 91;
	2348 : B1;
	2349 : B1;
	234A : B1;
	234B : D1;
	234C : D1;
	234D : 8C;
	234E : 8C;
	234F : 8C;
	2350 : 20;
	2351 : 20;
	2352 : 24;
	2353 : F5;
	2354 : F5;
	2355 : F9;
	2356 : F9;
	2357 : F9;
	2358 : F9;
	2359 : F9;
	235A : F5;
	235B : F5;
	235C : F5;
	235D : F5;
	235E : F5;
	235F : F0;
	2360 : F0;
	2361 : F5;
	2362 : F5;
	2363 : F5;
	2364 : F5;
	2365 : F5;
	2366 : D4;
	2367 : F4;
	2368 : F5;
	2369 : F5;
	236A : F5;
	236B : F5;
	236C : F5;
	236D : F5;
	236E : F5;
	236F : F5;
	2370 : B0;
	2371 : B0;
	2372 : B0;
	2373 : B1;
	2374 : B1;
	2375 : 8D;
	2376 : 24;
	2377 : 20;
	2378 : 00;
	2379 : 00;
	237A : 00;
	237B : 00;
	237C : 00;
	237D : 00;
	237E : 24;
	237F : 24;
	2380 : B6;
	2381 : B6;
	2382 : 91;
	2383 : B1;
	2384 : B1;
	2385 : 8D;
	2386 : 91;
	2387 : 91;
	2388 : B1;
	2389 : B1;
	238A : B1;
	238B : B1;
	238C : D1;
	238D : F5;
	238E : F9;
	238F : F9;
	2390 : 20;
	2391 : 20;
	2392 : 24;
	2393 : F5;
	2394 : F5;
	2395 : FE;
	2396 : FE;
	2397 : FE;
	2398 : F5;
	2399 : F5;
	239A : F5;
	239B : F5;
	239C : F5;
	239D : F5;
	239E : F5;
	239F : F5;
	23A0 : F0;
	23A1 : F5;
	23A2 : F5;
	23A3 : F5;
	23A4 : F5;
	23A5 : F4;
	23A6 : D4;
	23A7 : F5;
	23A8 : F5;
	23A9 : F5;
	23AA : F5;
	23AB : F5;
	23AC : F5;
	23AD : F5;
	23AE : F5;
	23AF : F5;
	23B0 : AC;
	23B1 : AC;
	23B2 : 8C;
	23B3 : 8C;
	23B4 : 8C;
	23B5 : 8D;
	23B6 : 20;
	23B7 : 00;
	23B8 : 00;
	23B9 : 00;
	23BA : 00;
	23BB : 00;
	23BC : 00;
	23BD : 00;
	23BE : 8D;
	23BF : 8D;
	23C0 : B6;
	23C1 : B6;
	23C2 : B1;
	23C3 : B1;
	23C4 : B1;
	23C5 : 8D;
	23C6 : 91;
	23C7 : 91;
	23C8 : B1;
	23C9 : B1;
	23CA : B1;
	23CB : D1;
	23CC : D1;
	23CD : F9;
	23CE : F9;
	23CF : F9;
	23D0 : 24;
	23D1 : 24;
	23D2 : 24;
	23D3 : F5;
	23D4 : F5;
	23D5 : FE;
	23D6 : FE;
	23D7 : FE;
	23D8 : F5;
	23D9 : F5;
	23DA : F5;
	23DB : F5;
	23DC : F5;
	23DD : F5;
	23DE : F0;
	23DF : F9;
	23E0 : F8;
	23E1 : F0;
	23E2 : F5;
	23E3 : F5;
	23E4 : F5;
	23E5 : F5;
	23E6 : F5;
	23E7 : F5;
	23E8 : F5;
	23E9 : F5;
	23EA : F5;
	23EB : F5;
	23EC : F5;
	23ED : F5;
	23EE : F5;
	23EF : D5;
	23F0 : B0;
	23F1 : AC;
	23F2 : 8C;
	23F3 : 8C;
	23F4 : 8C;
	23F5 : 8D;
	23F6 : 00;
	23F7 : 00;
	23F8 : 00;
	23F9 : 00;
	23FA : 00;
	23FB : 00;
	23FC : 00;
	23FD : 00;
	23FE : 8D;
	23FF : 8D;
	2400 : 6D;
	2401 : 6D;
	2402 : 8D;
	2403 : 8D;
	2404 : 8D;
	2405 : D6;
	2406 : D6;
	2407 : D6;
	2408 : D5;
	2409 : D5;
	240A : D1;
	240B : D1;
	240C : D1;
	240D : D1;
	240E : D1;
	240F : D5;
	2410 : 24;
	2411 : 24;
	2412 : 24;
	2413 : F5;
	2414 : F5;
	2415 : F9;
	2416 : F9;
	2417 : F9;
	2418 : F5;
	2419 : F5;
	241A : F5;
	241B : F5;
	241C : F5;
	241D : F5;
	241E : F0;
	241F : F8;
	2420 : F8;
	2421 : F5;
	2422 : F5;
	2423 : F5;
	2424 : F5;
	2425 : F5;
	2426 : F5;
	2427 : F5;
	2428 : F5;
	2429 : F5;
	242A : F5;
	242B : F5;
	242C : F5;
	242D : F5;
	242E : B0;
	242F : AC;
	2430 : AC;
	2431 : AC;
	2432 : AC;
	2433 : 20;
	2434 : 20;
	2435 : 20;
	2436 : 20;
	2437 : 00;
	2438 : 00;
	2439 : 00;
	243A : 00;
	243B : 91;
	243C : 91;
	243D : 91;
	243E : 8D;
	243F : 8D;
	2440 : 6D;
	2441 : 6D;
	2442 : 8D;
	2443 : 8D;
	2444 : 8D;
	2445 : D6;
	2446 : D6;
	2447 : D6;
	2448 : D5;
	2449 : D5;
	244A : D1;
	244B : D1;
	244C : D1;
	244D : D1;
	244E : D5;
	244F : D5;
	2450 : 24;
	2451 : 20;
	2452 : 24;
	2453 : F5;
	2454 : F5;
	2455 : F9;
	2456 : F9;
	2457 : F9;
	2458 : F5;
	2459 : F5;
	245A : F5;
	245B : F5;
	245C : F5;
	245D : F0;
	245E : F4;
	245F : FD;
	2460 : F8;
	2461 : F0;
	2462 : F5;
	2463 : F5;
	2464 : F5;
	2465 : F5;
	2466 : F5;
	2467 : F5;
	2468 : F5;
	2469 : F5;
	246A : F5;
	246B : F5;
	246C : F5;
	246D : F5;
	246E : B0;
	246F : B0;
	2470 : AC;
	2471 : AC;
	2472 : AC;
	2473 : 20;
	2474 : 20;
	2475 : 20;
	2476 : 20;
	2477 : 00;
	2478 : 00;
	2479 : 00;
	247A : 00;
	247B : 91;
	247C : 91;
	247D : 91;
	247E : 8D;
	247F : 8D;
	2480 : 6D;
	2481 : 6D;
	2482 : 6D;
	2483 : 8D;
	2484 : 8D;
	2485 : D6;
	2486 : D6;
	2487 : D6;
	2488 : D5;
	2489 : D5;
	248A : B1;
	248B : B1;
	248C : D1;
	248D : D1;
	248E : D5;
	248F : D5;
	2490 : 24;
	2491 : 24;
	2492 : 24;
	2493 : F5;
	2494 : F5;
	2495 : F9;
	2496 : F9;
	2497 : F9;
	2498 : F5;
	2499 : F5;
	249A : F5;
	249B : F5;
	249C : F5;
	249D : F4;
	249E : F8;
	249F : FD;
	24A0 : F8;
	24A1 : F8;
	24A2 : F0;
	24A3 : F5;
	24A4 : F5;
	24A5 : F5;
	24A6 : F5;
	24A7 : F5;
	24A8 : F5;
	24A9 : F5;
	24AA : F5;
	24AB : F5;
	24AC : F5;
	24AD : F5;
	24AE : B0;
	24AF : B0;
	24B0 : B0;
	24B1 : B0;
	24B2 : 8C;
	24B3 : 20;
	24B4 : 20;
	24B5 : 20;
	24B6 : 00;
	24B7 : 00;
	24B8 : 00;
	24B9 : 00;
	24BA : 00;
	24BB : B1;
	24BC : 91;
	24BD : 91;
	24BE : 8D;
	24BF : 8D;
	24C0 : 6D;
	24C1 : 6D;
	24C2 : 6D;
	24C3 : 8D;
	24C4 : 8D;
	24C5 : 91;
	24C6 : 91;
	24C7 : 91;
	24C8 : B1;
	24C9 : B1;
	24CA : D5;
	24CB : D5;
	24CC : F9;
	24CD : D5;
	24CE : F5;
	24CF : F5;
	24D0 : 20;
	24D1 : 24;
	24D2 : 24;
	24D3 : 24;
	24D4 : 24;
	24D5 : F5;
	24D6 : F5;
	24D7 : F5;
	24D8 : F9;
	24D9 : F9;
	24DA : F9;
	24DB : F5;
	24DC : F5;
	24DD : F5;
	24DE : F8;
	24DF : FE;
	24E0 : FE;
	24E1 : F8;
	24E2 : F0;
	24E3 : D0;
	24E4 : D0;
	24E5 : D0;
	24E6 : D0;
	24E7 : D0;
	24E8 : D0;
	24E9 : D0;
	24EA : D0;
	24EB : 24;
	24EC : 24;
	24ED : 24;
	24EE : 24;
	24EF : 24;
	24F0 : 24;
	24F1 : 24;
	24F2 : 24;
	24F3 : 20;
	24F4 : 20;
	24F5 : 00;
	24F6 : 20;
	24F7 : 00;
	24F8 : 00;
	24F9 : 00;
	24FA : 00;
	24FB : 8D;
	24FC : 8D;
	24FD : 8D;
	24FE : B1;
	24FF : B2;
	2500 : 6D;
	2501 : 6D;
	2502 : 8D;
	2503 : 8D;
	2504 : 8D;
	2505 : 91;
	2506 : 91;
	2507 : 91;
	2508 : B1;
	2509 : B1;
	250A : D5;
	250B : F9;
	250C : F9;
	250D : D5;
	250E : F5;
	250F : F5;
	2510 : 20;
	2511 : 24;
	2512 : 24;
	2513 : 24;
	2514 : 24;
	2515 : F5;
	2516 : F5;
	2517 : F5;
	2518 : F9;
	2519 : F9;
	251A : F9;
	251B : F5;
	251C : F5;
	251D : F0;
	251E : F8;
	251F : FE;
	2520 : FD;
	2521 : F8;
	2522 : F0;
	2523 : D0;
	2524 : D0;
	2525 : D0;
	2526 : D0;
	2527 : D0;
	2528 : D0;
	2529 : D0;
	252A : D0;
	252B : 24;
	252C : 24;
	252D : 24;
	252E : 24;
	252F : 20;
	2530 : 24;
	2531 : 24;
	2532 : 20;
	2533 : 20;
	2534 : 04;
	2535 : 20;
	2536 : 00;
	2537 : 00;
	2538 : 00;
	2539 : 00;
	253A : 00;
	253B : 8D;
	253C : 8D;
	253D : 8D;
	253E : B1;
	253F : B2;
	2540 : 6D;
	2541 : 6D;
	2542 : 6D;
	2543 : 8D;
	2544 : 8D;
	2545 : 91;
	2546 : 91;
	2547 : 91;
	2548 : B1;
	2549 : B1;
	254A : B1;
	254B : D5;
	254C : D5;
	254D : F5;
	254E : F5;
	254F : F5;
	2550 : 64;
	2551 : 64;
	2552 : 64;
	2553 : 24;
	2554 : 24;
	2555 : D1;
	2556 : D1;
	2557 : D5;
	2558 : F9;
	2559 : F9;
	255A : F9;
	255B : F5;
	255C : F5;
	255D : D4;
	255E : F0;
	255F : 84;
	2560 : FE;
	2561 : D0;
	2562 : B1;
	2563 : B1;
	2564 : B1;
	2565 : AC;
	2566 : B0;
	2567 : B0;
	2568 : B1;
	2569 : AC;
	256A : AD;
	256B : 24;
	256C : 24;
	256D : 20;
	256E : 64;
	256F : 64;
	2570 : 64;
	2571 : 64;
	2572 : 64;
	2573 : 64;
	2574 : 64;
	2575 : 24;
	2576 : 00;
	2577 : 00;
	2578 : 00;
	2579 : 00;
	257A : 00;
	257B : 8D;
	257C : 8D;
	257D : 8D;
	257E : 91;
	257F : 91;
	2580 : 6D;
	2581 : 6D;
	2582 : 8D;
	2583 : 8D;
	2584 : 8D;
	2585 : 8D;
	2586 : 91;
	2587 : 91;
	2588 : B1;
	2589 : B1;
	258A : B1;
	258B : B1;
	258C : B1;
	258D : F9;
	258E : F9;
	258F : F9;
	2590 : F5;
	2591 : F5;
	2592 : F5;
	2593 : 24;
	2594 : 24;
	2595 : 24;
	2596 : 24;
	2597 : 24;
	2598 : F5;
	2599 : F5;
	259A : F5;
	259B : F5;
	259C : F5;
	259D : F5;
	259E : D5;
	259F : 8C;
	25A0 : 64;
	25A1 : 24;
	25A2 : 24;
	25A3 : 24;
	25A4 : 24;
	25A5 : 24;
	25A6 : 24;
	25A7 : 24;
	25A8 : 24;
	25A9 : 24;
	25AA : 24;
	25AB : 24;
	25AC : 24;
	25AD : 20;
	25AE : F9;
	25AF : F5;
	25B0 : D1;
	25B1 : D1;
	25B2 : D1;
	25B3 : B1;
	25B4 : B1;
	25B5 : B1;
	25B6 : 00;
	25B7 : 00;
	25B8 : 00;
	25B9 : 00;
	25BA : 00;
	25BB : B1;
	25BC : 91;
	25BD : 91;
	25BE : 6D;
	25BF : 6D;
	25C0 : 6D;
	25C1 : 6D;
	25C2 : 6D;
	25C3 : 8D;
	25C4 : 8D;
	25C5 : 8D;
	25C6 : 91;
	25C7 : 91;
	25C8 : B1;
	25C9 : B1;
	25CA : B1;
	25CB : B1;
	25CC : D1;
	25CD : F9;
	25CE : F9;
	25CF : F9;
	25D0 : F5;
	25D1 : F5;
	25D2 : F5;
	25D3 : 24;
	25D4 : 24;
	25D5 : 24;
	25D6 : 24;
	25D7 : 24;
	25D8 : F5;
	25D9 : F5;
	25DA : F5;
	25DB : F9;
	25DC : F5;
	25DD : F5;
	25DE : F5;
	25DF : B0;
	25E0 : 64;
	25E1 : D5;
	25E2 : F5;
	25E3 : F5;
	25E4 : F5;
	25E5 : 64;
	25E6 : 24;
	25E7 : 24;
	25E8 : 24;
	25E9 : 24;
	25EA : 24;
	25EB : 20;
	25EC : 24;
	25ED : 20;
	25EE : F5;
	25EF : F5;
	25F0 : D1;
	25F1 : D1;
	25F2 : D1;
	25F3 : B1;
	25F4 : B1;
	25F5 : B1;
	25F6 : 00;
	25F7 : 00;
	25F8 : 00;
	25F9 : 00;
	25FA : 00;
	25FB : B1;
	25FC : 91;
	25FD : 91;
	25FE : 6D;
	25FF : 6D;
	2600 : 6D;
	2601 : 6D;
	2602 : 6D;
	2603 : 6D;
	2604 : 6D;
	2605 : 8D;
	2606 : 91;
	2607 : 91;
	2608 : 91;
	2609 : B1;
	260A : 91;
	260B : 8D;
	260C : B1;
	260D : F9;
	260E : F9;
	260F : F9;
	2610 : D1;
	2611 : D5;
	2612 : D5;
	2613 : 24;
	2614 : 24;
	2615 : 24;
	2616 : 24;
	2617 : 24;
	2618 : 24;
	2619 : 24;
	261A : D1;
	261B : FE;
	261C : F9;
	261D : F9;
	261E : FA;
	261F : F9;
	2620 : F9;
	2621 : F9;
	2622 : FA;
	2623 : FA;
	2624 : FE;
	2625 : D5;
	2626 : 24;
	2627 : 24;
	2628 : F5;
	2629 : F5;
	262A : F5;
	262B : FE;
	262C : FE;
	262D : FE;
	262E : F9;
	262F : F9;
	2630 : F9;
	2631 : F9;
	2632 : F5;
	2633 : D5;
	2634 : D5;
	2635 : D5;
	2636 : B1;
	2637 : 91;
	2638 : 00;
	2639 : 00;
	263A : 00;
	263B : 8D;
	263C : 8D;
	263D : 6D;
	263E : 91;
	263F : 91;
	2640 : 6D;
	2641 : 6D;
	2642 : 6D;
	2643 : 6D;
	2644 : 6D;
	2645 : 8D;
	2646 : 91;
	2647 : 91;
	2648 : 91;
	2649 : B1;
	264A : 91;
	264B : 8D;
	264C : B1;
	264D : F5;
	264E : F9;
	264F : F9;
	2650 : D1;
	2651 : D5;
	2652 : D5;
	2653 : 24;
	2654 : 24;
	2655 : 24;
	2656 : 24;
	2657 : 24;
	2658 : 24;
	2659 : 24;
	265A : D5;
	265B : FE;
	265C : FE;
	265D : FA;
	265E : F9;
	265F : FA;
	2660 : FA;
	2661 : FA;
	2662 : FA;
	2663 : FE;
	2664 : FA;
	2665 : D5;
	2666 : 24;
	2667 : 24;
	2668 : F5;
	2669 : F5;
	266A : F5;
	266B : FE;
	266C : FE;
	266D : FE;
	266E : F9;
	266F : F9;
	2670 : F9;
	2671 : F9;
	2672 : D5;
	2673 : D5;
	2674 : D5;
	2675 : D5;
	2676 : B1;
	2677 : 91;
	2678 : 00;
	2679 : 00;
	267A : 00;
	267B : 8D;
	267C : 6D;
	267D : 6D;
	267E : 91;
	267F : 91;
	2680 : 6D;
	2681 : 6D;
	2682 : 6D;
	2683 : 6D;
	2684 : 6D;
	2685 : 8D;
	2686 : 8D;
	2687 : 91;
	2688 : 91;
	2689 : B1;
	268A : 8D;
	268B : 8D;
	268C : 8D;
	268D : F9;
	268E : F9;
	268F : F9;
	2690 : D1;
	2691 : D1;
	2692 : D5;
	2693 : 20;
	2694 : 24;
	2695 : 24;
	2696 : 24;
	2697 : 24;
	2698 : 24;
	2699 : 24;
	269A : D5;
	269B : F5;
	269C : F5;
	269D : FE;
	269E : FE;
	269F : F9;
	26A0 : F9;
	26A1 : F9;
	26A2 : FE;
	26A3 : F9;
	26A4 : F9;
	26A5 : D5;
	26A6 : 24;
	26A7 : 24;
	26A8 : F5;
	26A9 : F5;
	26AA : F5;
	26AB : FE;
	26AC : FE;
	26AD : FE;
	26AE : F9;
	26AF : F9;
	26B0 : F9;
	26B1 : F5;
	26B2 : D5;
	26B3 : D5;
	26B4 : D5;
	26B5 : D5;
	26B6 : B1;
	26B7 : B1;
	26B8 : 00;
	26B9 : 00;
	26BA : 00;
	26BB : 8D;
	26BC : 6D;
	26BD : 6D;
	26BE : 91;
	26BF : 91;
	26C0 : 6D;
	26C1 : 6D;
	26C2 : 6D;
	26C3 : 6D;
	26C4 : 6D;
	26C5 : 8D;
	26C6 : 8D;
	26C7 : 8D;
	26C8 : 6D;
	26C9 : 8D;
	26CA : 91;
	26CB : B1;
	26CC : B1;
	26CD : AD;
	26CE : B1;
	26CF : B1;
	26D0 : 8C;
	26D1 : 8C;
	26D2 : 8C;
	26D3 : 24;
	26D4 : 24;
	26D5 : 24;
	26D6 : 24;
	26D7 : 24;
	26D8 : F5;
	26D9 : F5;
	26DA : D1;
	26DB : F5;
	26DC : F9;
	26DD : F9;
	26DE : FE;
	26DF : F9;
	26E0 : F9;
	26E1 : F5;
	26E2 : FA;
	26E3 : D5;
	26E4 : D5;
	26E5 : D5;
	26E6 : F9;
	26E7 : F9;
	26E8 : FE;
	26E9 : FE;
	26EA : FE;
	26EB : D5;
	26EC : D5;
	26ED : D5;
	26EE : D1;
	26EF : D1;
	26F0 : D1;
	26F1 : B1;
	26F2 : B1;
	26F3 : B1;
	26F4 : B1;
	26F5 : B1;
	26F6 : B5;
	26F7 : B5;
	26F8 : 00;
	26F9 : 00;
	26FA : 00;
	26FB : 8D;
	26FC : 6D;
	26FD : 6D;
	26FE : 6D;
	26FF : 6D;
	2700 : 6D;
	2701 : 6D;
	2702 : 6D;
	2703 : 6D;
	2704 : 6D;
	2705 : 8D;
	2706 : 8D;
	2707 : 91;
	2708 : 6D;
	2709 : 8D;
	270A : 91;
	270B : B1;
	270C : B1;
	270D : 8D;
	270E : B1;
	270F : B1;
	2710 : 8C;
	2711 : 8C;
	2712 : 8C;
	2713 : 24;
	2714 : 24;
	2715 : 20;
	2716 : 24;
	2717 : 24;
	2718 : F5;
	2719 : D1;
	271A : F9;
	271B : D5;
	271C : F9;
	271D : F9;
	271E : FA;
	271F : F9;
	2720 : F9;
	2721 : F9;
	2722 : D5;
	2723 : D5;
	2724 : D5;
	2725 : D5;
	2726 : F9;
	2727 : F9;
	2728 : FE;
	2729 : FE;
	272A : FE;
	272B : D5;
	272C : D5;
	272D : D5;
	272E : D1;
	272F : D1;
	2730 : B1;
	2731 : B1;
	2732 : B1;
	2733 : B1;
	2734 : B1;
	2735 : B1;
	2736 : B5;
	2737 : B1;
	2738 : 00;
	2739 : 00;
	273A : 00;
	273B : 8D;
	273C : 6D;
	273D : 6D;
	273E : 6D;
	273F : 6D;
	2740 : 6D;
	2741 : 6D;
	2742 : 6D;
	2743 : 6D;
	2744 : 6D;
	2745 : 8D;
	2746 : 8D;
	2747 : 8D;
	2748 : 8D;
	2749 : 8D;
	274A : 91;
	274B : B1;
	274C : B1;
	274D : 8D;
	274E : 8D;
	274F : 8D;
	2750 : 6C;
	2751 : 6C;
	2752 : 8C;
	2753 : 20;
	2754 : 20;
	2755 : 64;
	2756 : 64;
	2757 : 64;
	2758 : F5;
	2759 : D1;
	275A : FE;
	275B : F5;
	275C : F9;
	275D : F9;
	275E : FA;
	275F : F9;
	2760 : F9;
	2761 : F9;
	2762 : F9;
	2763 : F5;
	2764 : D5;
	2765 : D5;
	2766 : F5;
	2767 : F5;
	2768 : FE;
	2769 : FE;
	276A : FA;
	276B : D5;
	276C : D1;
	276D : D1;
	276E : D1;
	276F : B1;
	2770 : B1;
	2771 : B1;
	2772 : B1;
	2773 : B1;
	2774 : B1;
	2775 : 91;
	2776 : B5;
	2777 : B1;
	2778 : 00;
	2779 : 00;
	277A : 00;
	277B : 6D;
	277C : 6D;
	277D : 6D;
	277E : 6D;
	277F : 6D;
	2780 : 6D;
	2781 : 6D;
	2782 : 6D;
	2783 : 6D;
	2784 : 6D;
	2785 : 8D;
	2786 : 8D;
	2787 : 8D;
	2788 : 8D;
	2789 : 91;
	278A : B1;
	278B : D5;
	278C : D5;
	278D : 6C;
	278E : 8C;
	278F : 8C;
	2790 : 20;
	2791 : 24;
	2792 : 20;
	2793 : 20;
	2794 : 24;
	2795 : D5;
	2796 : D5;
	2797 : F5;
	2798 : F9;
	2799 : F9;
	279A : D1;
	279B : F9;
	279C : FA;
	279D : F9;
	279E : FE;
	279F : FA;
	27A0 : F9;
	27A1 : F9;
	27A2 : F5;
	27A3 : F5;
	27A4 : D5;
	27A5 : F9;
	27A6 : D1;
	27A7 : D5;
	27A8 : F9;
	27A9 : F9;
	27AA : F9;
	27AB : D1;
	27AC : D1;
	27AD : D1;
	27AE : B1;
	27AF : B1;
	27B0 : B1;
	27B1 : B1;
	27B2 : B1;
	27B3 : B1;
	27B4 : B1;
	27B5 : 91;
	27B6 : B5;
	27B7 : B1;
	27B8 : 00;
	27B9 : 00;
	27BA : 00;
	27BB : 6D;
	27BC : 8D;
	27BD : 6D;
	27BE : 6D;
	27BF : 6D;
	27C0 : 6D;
	27C1 : 6D;
	27C2 : 6D;
	27C3 : 6D;
	27C4 : 6D;
	27C5 : 8D;
	27C6 : 8D;
	27C7 : 8D;
	27C8 : 8D;
	27C9 : 91;
	27CA : B1;
	27CB : B5;
	27CC : D5;
	27CD : 6C;
	27CE : 6C;
	27CF : 8C;
	27D0 : 20;
	27D1 : 24;
	27D2 : 20;
	27D3 : 24;
	27D4 : 24;
	27D5 : D5;
	27D6 : D5;
	27D7 : D5;
	27D8 : F9;
	27D9 : F9;
	27DA : F9;
	27DB : F9;
	27DC : FA;
	27DD : FA;
	27DE : F9;
	27DF : FA;
	27E0 : F9;
	27E1 : F9;
	27E2 : F5;
	27E3 : D5;
	27E4 : D5;
	27E5 : F5;
	27E6 : D1;
	27E7 : D5;
	27E8 : F9;
	27E9 : F9;
	27EA : F9;
	27EB : D1;
	27EC : D1;
	27ED : B1;
	27EE : B1;
	27EF : B1;
	27F0 : B1;
	27F1 : B1;
	27F2 : B1;
	27F3 : B1;
	27F4 : 91;
	27F5 : 91;
	27F6 : B1;
	27F7 : B1;
	27F8 : 00;
	27F9 : 00;
	27FA : 00;
	27FB : 6D;
	27FC : 6D;
	27FD : 6D;
	27FE : 6D;
	27FF : 6D;
	2800 : 6D;
	2801 : 6D;
	2802 : 6D;
	2803 : 6D;
	2804 : 6D;
	2805 : 6D;
	2806 : 6D;
	2807 : 6D;
	2808 : 6D;
	2809 : 6D;
	280A : 6D;
	280B : 6C;
	280C : 6C;
	280D : 00;
	280E : 00;
	280F : 00;
	2810 : 20;
	2811 : 20;
	2812 : 20;
	2813 : D1;
	2814 : D5;
	2815 : FA;
	2816 : FA;
	2817 : FA;
	2818 : D1;
	2819 : D5;
	281A : D5;
	281B : F5;
	281C : FA;
	281D : FE;
	281E : FA;
	281F : F9;
	2820 : F9;
	2821 : F9;
	2822 : D5;
	2823 : F5;
	2824 : D5;
	2825 : D5;
	2826 : D1;
	2827 : D5;
	2828 : F9;
	2829 : F9;
	282A : F5;
	282B : D1;
	282C : D1;
	282D : B1;
	282E : B1;
	282F : B1;
	2830 : 8D;
	2831 : 8D;
	2832 : 8D;
	2833 : 91;
	2834 : 91;
	2835 : 91;
	2836 : 8D;
	2837 : 8D;
	2838 : 00;
	2839 : 00;
	283A : 00;
	283B : 6D;
	283C : 6D;
	283D : 6D;
	283E : 6D;
	283F : 6D;
	2840 : 6D;
	2841 : 6D;
	2842 : 6D;
	2843 : 6D;
	2844 : 6D;
	2845 : 6D;
	2846 : 6D;
	2847 : 6D;
	2848 : 6D;
	2849 : 6D;
	284A : 6D;
	284B : 6D;
	284C : 6C;
	284D : 00;
	284E : 00;
	284F : 00;
	2850 : 00;
	2851 : 20;
	2852 : 20;
	2853 : D1;
	2854 : D1;
	2855 : FA;
	2856 : FA;
	2857 : FA;
	2858 : D1;
	2859 : D5;
	285A : D5;
	285B : F9;
	285C : FA;
	285D : FE;
	285E : FA;
	285F : F9;
	2860 : FA;
	2861 : FA;
	2862 : D5;
	2863 : F5;
	2864 : D5;
	2865 : D1;
	2866 : D1;
	2867 : D1;
	2868 : F9;
	2869 : F9;
	286A : F5;
	286B : B1;
	286C : B1;
	286D : B1;
	286E : B1;
	286F : B1;
	2870 : 8D;
	2871 : 8D;
	2872 : 8D;
	2873 : 91;
	2874 : 91;
	2875 : 91;
	2876 : 8D;
	2877 : 8D;
	2878 : 00;
	2879 : 00;
	287A : 00;
	287B : 6D;
	287C : 6D;
	287D : 6D;
	287E : 6D;
	287F : 6D;
	2880 : 6D;
	2881 : 6D;
	2882 : 6D;
	2883 : 6D;
	2884 : 6D;
	2885 : 6D;
	2886 : 6D;
	2887 : 6D;
	2888 : 6D;
	2889 : 6D;
	288A : 6D;
	288B : 6D;
	288C : 6D;
	288D : 00;
	288E : 00;
	288F : 00;
	2890 : 00;
	2891 : 20;
	2892 : 20;
	2893 : B1;
	2894 : B1;
	2895 : FA;
	2896 : FA;
	2897 : FA;
	2898 : D1;
	2899 : D1;
	289A : D1;
	289B : F5;
	289C : FA;
	289D : FE;
	289E : FA;
	289F : F9;
	28A0 : FA;
	28A1 : FA;
	28A2 : D5;
	28A3 : D5;
	28A4 : D1;
	28A5 : D1;
	28A6 : D1;
	28A7 : D1;
	28A8 : F5;
	28A9 : D5;
	28AA : F5;
	28AB : B1;
	28AC : B1;
	28AD : B1;
	28AE : B1;
	28AF : B1;
	28B0 : 8D;
	28B1 : 8D;
	28B2 : 6C;
	28B3 : 91;
	28B4 : 91;
	28B5 : 8D;
	28B6 : 8D;
	28B7 : 8D;
	28B8 : 00;
	28B9 : 00;
	28BA : 00;
	28BB : 6D;
	28BC : 6D;
	28BD : 6D;
	28BE : 6D;
	28BF : 6D;
	28C0 : 6D;
	28C1 : 6D;
	28C2 : 6D;
	28C3 : 6D;
	28C4 : 6D;
	28C5 : 6D;
	28C6 : 6D;
	28C7 : 6D;
	28C8 : 91;
	28C9 : B1;
	28CA : 8D;
	28CB : 64;
	28CC : 6D;
	28CD : 00;
	28CE : 00;
	28CF : 20;
	28D0 : B1;
	28D1 : B1;
	28D2 : B1;
	28D3 : DA;
	28D4 : FA;
	28D5 : B1;
	28D6 : B1;
	28D7 : B1;
	28D8 : B1;
	28D9 : D1;
	28DA : D1;
	28DB : F5;
	28DC : FA;
	28DD : FE;
	28DE : FA;
	28DF : FA;
	28E0 : FA;
	28E1 : FA;
	28E2 : D5;
	28E3 : D5;
	28E4 : D5;
	28E5 : D5;
	28E6 : FA;
	28E7 : FA;
	28E8 : B1;
	28E9 : B1;
	28EA : B1;
	28EB : B1;
	28EC : B1;
	28ED : B1;
	28EE : 8D;
	28EF : 8D;
	28F0 : B1;
	28F1 : 91;
	28F2 : 91;
	28F3 : 6D;
	28F4 : 6D;
	28F5 : 6D;
	28F6 : 91;
	28F7 : 91;
	28F8 : 00;
	28F9 : 00;
	28FA : 00;
	28FB : 6D;
	28FC : 6D;
	28FD : 6D;
	28FE : 65;
	28FF : 65;
	2900 : 6D;
	2901 : 6D;
	2902 : 6D;
	2903 : 6D;
	2904 : 6D;
	2905 : 6D;
	2906 : 6D;
	2907 : 6D;
	2908 : 91;
	2909 : 91;
	290A : 8D;
	290B : 6D;
	290C : 6C;
	290D : 00;
	290E : 00;
	290F : 00;
	2910 : B1;
	2911 : B1;
	2912 : B1;
	2913 : D6;
	2914 : DA;
	2915 : B1;
	2916 : B1;
	2917 : B1;
	2918 : B1;
	2919 : B1;
	291A : B1;
	291B : D5;
	291C : FA;
	291D : FE;
	291E : FA;
	291F : FA;
	2920 : FA;
	2921 : FA;
	2922 : D5;
	2923 : D5;
	2924 : D5;
	2925 : D5;
	2926 : F9;
	2927 : FA;
	2928 : B1;
	2929 : B1;
	292A : B1;
	292B : B1;
	292C : B1;
	292D : B1;
	292E : 8D;
	292F : 8D;
	2930 : 91;
	2931 : 91;
	2932 : 91;
	2933 : 6D;
	2934 : 6D;
	2935 : 6D;
	2936 : 91;
	2937 : 91;
	2938 : 00;
	2939 : 00;
	293A : 00;
	293B : 6D;
	293C : 6D;
	293D : 6D;
	293E : 25;
	293F : 65;
	2940 : 6D;
	2941 : 6D;
	2942 : 6D;
	2943 : 6D;
	2944 : 6D;
	2945 : 6D;
	2946 : 6D;
	2947 : 6D;
	2948 : 91;
	2949 : 91;
	294A : 6D;
	294B : 6D;
	294C : 6D;
	294D : 00;
	294E : 00;
	294F : 00;
	2950 : B1;
	2951 : B1;
	2952 : B1;
	2953 : D5;
	2954 : D6;
	2955 : B1;
	2956 : B1;
	2957 : B1;
	2958 : B1;
	2959 : B1;
	295A : B1;
	295B : D5;
	295C : FA;
	295D : FE;
	295E : FA;
	295F : FA;
	2960 : FA;
	2961 : FA;
	2962 : D5;
	2963 : D5;
	2964 : D5;
	2965 : D5;
	2966 : F5;
	2967 : F9;
	2968 : B1;
	2969 : B1;
	296A : B1;
	296B : B1;
	296C : B1;
	296D : B1;
	296E : 8D;
	296F : 8D;
	2970 : 91;
	2971 : 91;
	2972 : 91;
	2973 : 6D;
	2974 : 6D;
	2975 : 6D;
	2976 : 91;
	2977 : 91;
	2978 : 00;
	2979 : 00;
	297A : 00;
	297B : 6D;
	297C : 6D;
	297D : 6D;
	297E : 65;
	297F : 65;
	2980 : 25;
	2981 : 6D;
	2982 : 6D;
	2983 : 6D;
	2984 : 6D;
	2985 : 91;
	2986 : 91;
	2987 : 91;
	2988 : 24;
	2989 : 24;
	298A : 24;
	298B : 00;
	298C : 00;
	298D : 00;
	298E : 00;
	298F : 00;
	2990 : 91;
	2991 : 8D;
	2992 : 91;
	2993 : B5;
	2994 : B5;
	2995 : B1;
	2996 : B1;
	2997 : B1;
	2998 : B1;
	2999 : B1;
	299A : B1;
	299B : D5;
	299C : FA;
	299D : FA;
	299E : FA;
	299F : FA;
	29A0 : FA;
	29A1 : D5;
	29A2 : D5;
	29A3 : D5;
	29A4 : D5;
	29A5 : B1;
	29A6 : D5;
	29A7 : D5;
	29A8 : B1;
	29A9 : B1;
	29AA : B1;
	29AB : B1;
	29AC : 91;
	29AD : 91;
	29AE : 91;
	29AF : 8D;
	29B0 : 6D;
	29B1 : 6D;
	29B2 : 6D;
	29B3 : B1;
	29B4 : 91;
	29B5 : 91;
	29B6 : 6D;
	29B7 : 6D;
	29B8 : 00;
	29B9 : 00;
	29BA : 00;
	29BB : 24;
	29BC : 24;
	29BD : 24;
	29BE : 6D;
	29BF : 6D;
	29C0 : 6D;
	29C1 : 6D;
	29C2 : 6D;
	29C3 : 6D;
	29C4 : 6D;
	29C5 : 91;
	29C6 : 91;
	29C7 : 91;
	29C8 : 24;
	29C9 : 24;
	29CA : 24;
	29CB : 00;
	29CC : 00;
	29CD : 00;
	29CE : 00;
	29CF : 00;
	29D0 : 91;
	29D1 : 8D;
	29D2 : 8D;
	29D3 : B1;
	29D4 : B1;
	29D5 : 91;
	29D6 : B1;
	29D7 : B1;
	29D8 : D5;
	29D9 : 24;
	29DA : 24;
	29DB : D5;
	29DC : D5;
	29DD : FA;
	29DE : FA;
	29DF : D5;
	29E0 : D5;
	29E1 : D5;
	29E2 : D5;
	29E3 : D5;
	29E4 : D1;
	29E5 : 64;
	29E6 : 24;
	29E7 : D5;
	29E8 : 91;
	29E9 : B1;
	29EA : 91;
	29EB : 91;
	29EC : 91;
	29ED : 91;
	29EE : 91;
	29EF : 8D;
	29F0 : 6D;
	29F1 : 6D;
	29F2 : 6D;
	29F3 : 91;
	29F4 : 91;
	29F5 : 91;
	29F6 : 6D;
	29F7 : 6D;
	29F8 : 00;
	29F9 : 00;
	29FA : 00;
	29FB : 24;
	29FC : 24;
	29FD : 24;
	29FE : 6D;
	29FF : 6D;
	2A00 : 6D;
	2A01 : 6D;
	2A02 : 24;
	2A03 : 24;
	2A04 : 24;
	2A05 : 91;
	2A06 : 91;
	2A07 : 91;
	2A08 : 24;
	2A09 : 24;
	2A0A : 24;
	2A0B : 00;
	2A0C : 00;
	2A0D : 8D;
	2A0E : 8D;
	2A0F : 8D;
	2A10 : B1;
	2A11 : B1;
	2A12 : B1;
	2A13 : 8D;
	2A14 : 91;
	2A15 : 91;
	2A16 : 91;
	2A17 : 20;
	2A18 : B5;
	2A19 : 24;
	2A1A : 24;
	2A1B : D1;
	2A1C : D5;
	2A1D : D5;
	2A1E : D5;
	2A1F : D5;
	2A20 : D5;
	2A21 : D5;
	2A22 : D5;
	2A23 : B1;
	2A24 : D1;
	2A25 : 24;
	2A26 : 24;
	2A27 : B1;
	2A28 : 20;
	2A29 : B1;
	2A2A : B1;
	2A2B : 6D;
	2A2C : 8D;
	2A2D : 6D;
	2A2E : 6D;
	2A2F : 6D;
	2A30 : B1;
	2A31 : 91;
	2A32 : 91;
	2A33 : 64;
	2A34 : 6C;
	2A35 : 24;
	2A36 : 00;
	2A37 : 00;
	2A38 : 00;
	2A39 : 00;
	2A3A : 00;
	2A3B : 00;
	2A3C : 00;
	2A3D : 00;
	2A3E : 24;
	2A3F : 24;
	2A40 : 6D;
	2A41 : 6D;
	2A42 : 24;
	2A43 : 24;
	2A44 : 24;
	2A45 : 91;
	2A46 : 91;
	2A47 : 91;
	2A48 : 24;
	2A49 : 24;
	2A4A : 24;
	2A4B : 00;
	2A4C : 00;
	2A4D : 8D;
	2A4E : 8D;
	2A4F : 8D;
	2A50 : B1;
	2A51 : B1;
	2A52 : B1;
	2A53 : 91;
	2A54 : 91;
	2A55 : 8D;
	2A56 : 91;
	2A57 : 91;
	2A58 : 20;
	2A59 : B1;
	2A5A : B1;
	2A5B : D5;
	2A5C : D5;
	2A5D : D5;
	2A5E : D5;
	2A5F : D5;
	2A60 : D5;
	2A61 : D5;
	2A62 : D5;
	2A63 : D5;
	2A64 : B1;
	2A65 : B1;
	2A66 : B1;
	2A67 : 00;
	2A68 : B1;
	2A69 : B1;
	2A6A : B1;
	2A6B : 6D;
	2A6C : 6D;
	2A6D : 6D;
	2A6E : 6D;
	2A6F : 6D;
	2A70 : 91;
	2A71 : 91;
	2A72 : 91;
	2A73 : 6D;
	2A74 : 64;
	2A75 : 24;
	2A76 : 00;
	2A77 : 00;
	2A78 : 00;
	2A79 : 00;
	2A7A : 00;
	2A7B : 00;
	2A7C : 00;
	2A7D : 00;
	2A7E : 24;
	2A7F : 24;
	2A80 : 6D;
	2A81 : 6D;
	2A82 : 24;
	2A83 : 25;
	2A84 : 24;
	2A85 : 91;
	2A86 : 91;
	2A87 : 91;
	2A88 : 24;
	2A89 : 24;
	2A8A : 24;
	2A8B : 00;
	2A8C : 00;
	2A8D : 8D;
	2A8E : 8D;
	2A8F : 8D;
	2A90 : 91;
	2A91 : B1;
	2A92 : B1;
	2A93 : 8D;
	2A94 : 91;
	2A95 : 91;
	2A96 : 8D;
	2A97 : 91;
	2A98 : 8D;
	2A99 : 00;
	2A9A : 00;
	2A9B : 6C;
	2A9C : 64;
	2A9D : 64;
	2A9E : 6C;
	2A9F : 6C;
	2AA0 : 64;
	2AA1 : 64;
	2AA2 : 64;
	2AA3 : 64;
	2AA4 : 24;
	2AA5 : 00;
	2AA6 : 00;
	2AA7 : 8D;
	2AA8 : B1;
	2AA9 : B1;
	2AAA : B1;
	2AAB : 6D;
	2AAC : 6D;
	2AAD : 6D;
	2AAE : 6D;
	2AAF : 6D;
	2AB0 : 91;
	2AB1 : 91;
	2AB2 : 91;
	2AB3 : 64;
	2AB4 : 24;
	2AB5 : 24;
	2AB6 : 00;
	2AB7 : 00;
	2AB8 : 00;
	2AB9 : 00;
	2ABA : 00;
	2ABB : 00;
	2ABC : 00;
	2ABD : 00;
	2ABE : 24;
	2ABF : 24;
	2AC0 : 24;
	2AC1 : 24;
	2AC2 : 6D;
	2AC3 : 6D;
	2AC4 : 6D;
	2AC5 : 24;
	2AC6 : 24;
	2AC7 : 24;
	2AC8 : 00;
	2AC9 : 00;
	2ACA : 00;
	2ACB : 00;
	2ACC : 00;
	2ACD : 6D;
	2ACE : 6D;
	2ACF : 6D;
	2AD0 : 91;
	2AD1 : 91;
	2AD2 : B1;
	2AD3 : 8D;
	2AD4 : 8D;
	2AD5 : 6D;
	2AD6 : 6D;
	2AD7 : 6D;
	2AD8 : 8D;
	2AD9 : 91;
	2ADA : 91;
	2ADB : 00;
	2ADC : 24;
	2ADD : 6D;
	2ADE : 64;
	2ADF : 24;
	2AE0 : 24;
	2AE1 : 24;
	2AE2 : 20;
	2AE3 : 20;
	2AE4 : 00;
	2AE5 : 24;
	2AE6 : 6C;
	2AE7 : 6C;
	2AE8 : 8D;
	2AE9 : 6D;
	2AEA : 6D;
	2AEB : B1;
	2AEC : B1;
	2AED : 91;
	2AEE : 6D;
	2AEF : 6D;
	2AF0 : 6D;
	2AF1 : 6D;
	2AF2 : 6D;
	2AF3 : 24;
	2AF4 : 24;
	2AF5 : 24;
	2AF6 : 00;
	2AF7 : 00;
	2AF8 : 00;
	2AF9 : 00;
	2AFA : 00;
	2AFB : 00;
	2AFC : 00;
	2AFD : 00;
	2AFE : 00;
	2AFF : 00;
	2B00 : 24;
	2B01 : 24;
	2B02 : 6D;
	2B03 : 6D;
	2B04 : 6D;
	2B05 : 24;
	2B06 : 24;
	2B07 : 24;
	2B08 : 00;
	2B09 : 00;
	2B0A : 00;
	2B0B : 00;
	2B0C : 00;
	2B0D : 6D;
	2B0E : 6D;
	2B0F : 6D;
	2B10 : 91;
	2B11 : 91;
	2B12 : 91;
	2B13 : 8D;
	2B14 : 8D;
	2B15 : 6D;
	2B16 : 6D;
	2B17 : 6D;
	2B18 : 8D;
	2B19 : 8D;
	2B1A : 91;
	2B1B : 6D;
	2B1C : 00;
	2B1D : 24;
	2B1E : 00;
	2B1F : 24;
	2B20 : 24;
	2B21 : 00;
	2B22 : 24;
	2B23 : 00;
	2B24 : 00;
	2B25 : 24;
	2B26 : 6C;
	2B27 : 64;
	2B28 : 6D;
	2B29 : 6D;
	2B2A : 6D;
	2B2B : 91;
	2B2C : 91;
	2B2D : 91;
	2B2E : 6D;
	2B2F : 6D;
	2B30 : 6D;
	2B31 : 6D;
	2B32 : 6D;
	2B33 : 24;
	2B34 : 24;
	2B35 : 24;
	2B36 : 00;
	2B37 : 00;
	2B38 : 00;
	2B39 : 00;
	2B3A : 00;
	2B3B : 00;
	2B3C : 00;
	2B3D : 00;
	2B3E : 00;
	2B3F : 00;
	2B40 : 00;
	2B41 : 00;
	2B42 : 24;
	2B43 : 24;
	2B44 : 24;
	2B45 : 24;
	2B46 : 20;
	2B47 : 24;
	2B48 : 00;
	2B49 : 00;
	2B4A : 24;
	2B4B : 25;
	2B4C : 6D;
	2B4D : 91;
	2B4E : 91;
	2B4F : 91;
	2B50 : 8D;
	2B51 : 8D;
	2B52 : 8D;
	2B53 : 6D;
	2B54 : 6D;
	2B55 : 6D;
	2B56 : 6D;
	2B57 : 6D;
	2B58 : 8D;
	2B59 : 8D;
	2B5A : 8D;
	2B5B : 6D;
	2B5C : 00;
	2B5D : 24;
	2B5E : 00;
	2B5F : 6C;
	2B60 : 24;
	2B61 : 00;
	2B62 : 24;
	2B63 : 00;
	2B64 : 00;
	2B65 : 24;
	2B66 : 24;
	2B67 : 24;
	2B68 : 6C;
	2B69 : 6D;
	2B6A : 6D;
	2B6B : 8D;
	2B6C : 6D;
	2B6D : 8D;
	2B6E : 6D;
	2B6F : 6D;
	2B70 : 6D;
	2B71 : 25;
	2B72 : 25;
	2B73 : 20;
	2B74 : 24;
	2B75 : 00;
	2B76 : 00;
	2B77 : 00;
	2B78 : 2D;
	2B79 : 25;
	2B7A : 24;
	2B7B : 25;
	2B7C : 25;
	2B7D : 24;
	2B7E : 00;
	2B7F : 00;
	2B80 : 00;
	2B81 : 00;
	2B82 : 00;
	2B83 : 00;
	2B84 : 00;
	2B85 : 00;
	2B86 : 00;
	2B87 : 00;
	2B88 : 00;
	2B89 : 00;
	2B8A : 24;
	2B8B : 6D;
	2B8C : 6D;
	2B8D : 92;
	2B8E : 92;
	2B8F : 92;
	2B90 : 6D;
	2B91 : 6D;
	2B92 : 6D;
	2B93 : 6D;
	2B94 : 6D;
	2B95 : 8D;
	2B96 : 6D;
	2B97 : 8D;
	2B98 : 8D;
	2B99 : 8D;
	2B9A : 8D;
	2B9B : 6D;
	2B9C : 00;
	2B9D : 24;
	2B9E : 00;
	2B9F : 8C;
	2BA0 : 6C;
	2BA1 : 00;
	2BA2 : 24;
	2BA3 : 00;
	2BA4 : 00;
	2BA5 : 00;
	2BA6 : 00;
	2BA7 : 00;
	2BA8 : 6D;
	2BA9 : 64;
	2BAA : 6D;
	2BAB : 6D;
	2BAC : 6D;
	2BAD : 6D;
	2BAE : 24;
	2BAF : 24;
	2BB0 : 24;
	2BB1 : 24;
	2BB2 : 24;
	2BB3 : 00;
	2BB4 : 00;
	2BB5 : 00;
	2BB6 : 00;
	2BB7 : 00;
	2BB8 : 6D;
	2BB9 : 6D;
	2BBA : 6D;
	2BBB : 6D;
	2BBC : 6D;
	2BBD : 6D;
	2BBE : 00;
	2BBF : 00;
	2BC0 : 00;
	2BC1 : 00;
	2BC2 : 00;
	2BC3 : 00;
	2BC4 : 00;
	2BC5 : 00;
	2BC6 : 00;
	2BC7 : 00;
	2BC8 : 00;
	2BC9 : 00;
	2BCA : 24;
	2BCB : 6D;
	2BCC : 6D;
	2BCD : 92;
	2BCE : 92;
	2BCF : 91;
	2BD0 : 6D;
	2BD1 : 6D;
	2BD2 : 6D;
	2BD3 : 6D;
	2BD4 : 6D;
	2BD5 : 6D;
	2BD6 : 6D;
	2BD7 : 6D;
	2BD8 : 6D;
	2BD9 : 6D;
	2BDA : 6D;
	2BDB : 6D;
	2BDC : 00;
	2BDD : 24;
	2BDE : 00;
	2BDF : 8C;
	2BE0 : 6C;
	2BE1 : 00;
	2BE2 : 24;
	2BE3 : 00;
	2BE4 : 00;
	2BE5 : 00;
	2BE6 : 00;
	2BE7 : 00;
	2BE8 : 64;
	2BE9 : 25;
	2BEA : 24;
	2BEB : 6D;
	2BEC : 6D;
	2BED : 6D;
	2BEE : 24;
	2BEF : 24;
	2BF0 : 24;
	2BF1 : 24;
	2BF2 : 24;
	2BF3 : 00;
	2BF4 : 00;
	2BF5 : 00;
	2BF6 : 00;
	2BF7 : 00;
	2BF8 : 6D;
	2BF9 : 6D;
	2BFA : 6D;
	2BFB : 6D;
	2BFC : 6D;
	2BFD : 6D;
	2BFE : 00;
	2BFF : 00;
	2C00 : 6D;
	2C01 : 6D;
	2C02 : 00;
	2C03 : 00;
	2C04 : 00;
	2C05 : 00;
	2C06 : 00;
	2C07 : 00;
	2C08 : 00;
	2C09 : 00;
	2C0A : 24;
	2C0B : 6D;
	2C0C : 6D;
	2C0D : 71;
	2C0E : 71;
	2C0F : 8D;
	2C10 : 6D;
	2C11 : 6D;
	2C12 : 6D;
	2C13 : 6D;
	2C14 : 6D;
	2C15 : 6D;
	2C16 : 6D;
	2C17 : 6D;
	2C18 : 6D;
	2C19 : 6D;
	2C1A : 6D;
	2C1B : 64;
	2C1C : 00;
	2C1D : 24;
	2C1E : 00;
	2C1F : B1;
	2C20 : 64;
	2C21 : 00;
	2C22 : 24;
	2C23 : 00;
	2C24 : 00;
	2C25 : 00;
	2C26 : 00;
	2C27 : 00;
	2C28 : 00;
	2C29 : 00;
	2C2A : 00;
	2C2B : 00;
	2C2C : 00;
	2C2D : 00;
	2C2E : 00;
	2C2F : 00;
	2C30 : 00;
	2C31 : 00;
	2C32 : 00;
	2C33 : 00;
	2C34 : 00;
	2C35 : 00;
	2C36 : 6D;
	2C37 : 6D;
	2C38 : 6D;
	2C39 : 6D;
	2C3A : 6D;
	2C3B : 6D;
	2C3C : 6D;
	2C3D : 6D;
	2C3E : 6D;
	2C3F : 6D;
	2C40 : 6D;
	2C41 : 6D;
	2C42 : 00;
	2C43 : 00;
	2C44 : 00;
	2C45 : 00;
	2C46 : 00;
	2C47 : 00;
	2C48 : 00;
	2C49 : 00;
	2C4A : 24;
	2C4B : 6D;
	2C4C : 6D;
	2C4D : 91;
	2C4E : 91;
	2C4F : 91;
	2C50 : 6D;
	2C51 : 6D;
	2C52 : 6D;
	2C53 : 6D;
	2C54 : 6D;
	2C55 : 6D;
	2C56 : 6D;
	2C57 : 6D;
	2C58 : 6D;
	2C59 : 6D;
	2C5A : 6D;
	2C5B : 24;
	2C5C : 00;
	2C5D : 24;
	2C5E : 24;
	2C5F : 8D;
	2C60 : 64;
	2C61 : 24;
	2C62 : 24;
	2C63 : 00;
	2C64 : 00;
	2C65 : 00;
	2C66 : 00;
	2C67 : 00;
	2C68 : 00;
	2C69 : 00;
	2C6A : 00;
	2C6B : 00;
	2C6C : 00;
	2C6D : 00;
	2C6E : 00;
	2C6F : 00;
	2C70 : 00;
	2C71 : 00;
	2C72 : 00;
	2C73 : 00;
	2C74 : 00;
	2C75 : 00;
	2C76 : 6D;
	2C77 : 6D;
	2C78 : 6D;
	2C79 : 6D;
	2C7A : 6D;
	2C7B : 6D;
	2C7C : 6D;
	2C7D : 6D;
	2C7E : 6D;
	2C7F : 2D;
	2C80 : 6D;
	2C81 : 6D;
	2C82 : 00;
	2C83 : 00;
	2C84 : 00;
	2C85 : 00;
	2C86 : 00;
	2C87 : 00;
	2C88 : 00;
	2C89 : 00;
	2C8A : 24;
	2C8B : 6D;
	2C8C : 6D;
	2C8D : 91;
	2C8E : 6D;
	2C8F : 91;
	2C90 : 6D;
	2C91 : 6D;
	2C92 : 6D;
	2C93 : 6D;
	2C94 : 6D;
	2C95 : 6D;
	2C96 : 6D;
	2C97 : 6D;
	2C98 : 6D;
	2C99 : 6D;
	2C9A : 6D;
	2C9B : 24;
	2C9C : 00;
	2C9D : 24;
	2C9E : 24;
	2C9F : 64;
	2CA0 : 24;
	2CA1 : 24;
	2CA2 : 24;
	2CA3 : 00;
	2CA4 : 00;
	2CA5 : 00;
	2CA6 : 00;
	2CA7 : 00;
	2CA8 : 00;
	2CA9 : 00;
	2CAA : 00;
	2CAB : 00;
	2CAC : 00;
	2CAD : 00;
	2CAE : 00;
	2CAF : 00;
	2CB0 : 00;
	2CB1 : 00;
	2CB2 : 00;
	2CB3 : 00;
	2CB4 : 00;
	2CB5 : 00;
	2CB6 : 6D;
	2CB7 : 6D;
	2CB8 : 6D;
	2CB9 : 6D;
	2CBA : 6D;
	2CBB : 6D;
	2CBC : 6D;
	2CBD : 6D;
	2CBE : 2D;
	2CBF : 6D;
	2CC0 : 91;
	2CC1 : 91;
	2CC2 : 6D;
	2CC3 : 6D;
	2CC4 : 6D;
	2CC5 : 00;
	2CC6 : 00;
	2CC7 : 00;
	2CC8 : 00;
	2CC9 : 00;
	2CCA : 24;
	2CCB : 6D;
	2CCC : 6D;
	2CCD : 6D;
	2CCE : 6D;
	2CCF : 6D;
	2CD0 : 91;
	2CD1 : 91;
	2CD2 : 91;
	2CD3 : 6D;
	2CD4 : 6D;
	2CD5 : 6D;
	2CD6 : 6D;
	2CD7 : 65;
	2CD8 : 24;
	2CD9 : 24;
	2CDA : 24;
	2CDB : 00;
	2CDC : 00;
	2CDD : 24;
	2CDE : 24;
	2CDF : 00;
	2CE0 : 24;
	2CE1 : 24;
	2CE2 : 24;
	2CE3 : 6D;
	2CE4 : 6D;
	2CE5 : 6D;
	2CE6 : 6D;
	2CE7 : 6D;
	2CE8 : 6D;
	2CE9 : 6D;
	2CEA : 6D;
	2CEB : 00;
	2CEC : 00;
	2CED : 00;
	2CEE : 00;
	2CEF : 00;
	2CF0 : 00;
	2CF1 : 00;
	2CF2 : 00;
	2CF3 : 6D;
	2CF4 : 6D;
	2CF5 : 6D;
	2CF6 : 6D;
	2CF7 : 6D;
	2CF8 : 92;
	2CF9 : 92;
	2CFA : 91;
	2CFB : 6D;
	2CFC : 6D;
	2CFD : 6D;
	2CFE : 2D;
	2CFF : 6D;
	2D00 : 91;
	2D01 : 71;
	2D02 : 2D;
	2D03 : 6D;
	2D04 : 6D;
	2D05 : 00;
	2D06 : 00;
	2D07 : 00;
	2D08 : 00;
	2D09 : 00;
	2D0A : 24;
	2D0B : 6D;
	2D0C : 6D;
	2D0D : 6D;
	2D0E : 6D;
	2D0F : 6D;
	2D10 : 71;
	2D11 : 71;
	2D12 : 91;
	2D13 : 6D;
	2D14 : 6D;
	2D15 : 6D;
	2D16 : 6D;
	2D17 : 6D;
	2D18 : 24;
	2D19 : 24;
	2D1A : 24;
	2D1B : 00;
	2D1C : 00;
	2D1D : 24;
	2D1E : 24;
	2D1F : 24;
	2D20 : 24;
	2D21 : 24;
	2D22 : 24;
	2D23 : 6D;
	2D24 : 6D;
	2D25 : 6D;
	2D26 : 6D;
	2D27 : 6D;
	2D28 : 6D;
	2D29 : 6D;
	2D2A : 6D;
	2D2B : 00;
	2D2C : 00;
	2D2D : 00;
	2D2E : 00;
	2D2F : 00;
	2D30 : 00;
	2D31 : 00;
	2D32 : 00;
	2D33 : 6D;
	2D34 : 6D;
	2D35 : 6D;
	2D36 : 6D;
	2D37 : 6D;
	2D38 : 91;
	2D39 : 91;
	2D3A : 91;
	2D3B : 6D;
	2D3C : 6D;
	2D3D : 6D;
	2D3E : 2D;
	2D3F : 6D;
	2D40 : 91;
	2D41 : 71;
	2D42 : 6D;
	2D43 : 6D;
	2D44 : 6D;
	2D45 : 20;
	2D46 : 04;
	2D47 : 24;
	2D48 : 00;
	2D49 : 00;
	2D4A : 24;
	2D4B : 6D;
	2D4C : 6D;
	2D4D : 6D;
	2D4E : 6D;
	2D4F : 6D;
	2D50 : 6D;
	2D51 : 6D;
	2D52 : 91;
	2D53 : 6D;
	2D54 : 6D;
	2D55 : 6D;
	2D56 : 6D;
	2D57 : 6D;
	2D58 : 24;
	2D59 : 24;
	2D5A : 24;
	2D5B : 00;
	2D5C : 00;
	2D5D : 24;
	2D5E : 24;
	2D5F : 00;
	2D60 : 24;
	2D61 : 24;
	2D62 : 24;
	2D63 : 6D;
	2D64 : 6D;
	2D65 : 6D;
	2D66 : 6D;
	2D67 : 6D;
	2D68 : 6D;
	2D69 : 6D;
	2D6A : 6D;
	2D6B : 00;
	2D6C : 24;
	2D6D : 20;
	2D6E : 00;
	2D6F : 00;
	2D70 : 04;
	2D71 : 24;
	2D72 : 24;
	2D73 : 6D;
	2D74 : 6D;
	2D75 : 6D;
	2D76 : 6D;
	2D77 : 6D;
	2D78 : 91;
	2D79 : 91;
	2D7A : 91;
	2D7B : 6D;
	2D7C : 6D;
	2D7D : 6D;
	2D7E : 2D;
	2D7F : 6D;
	2D80 : 2D;
	2D81 : 2D;
	2D82 : 6D;
	2D83 : 6D;
	2D84 : 6D;
	2D85 : 6D;
	2D86 : 6D;
	2D87 : 6D;
	2D88 : 00;
	2D89 : 00;
	2D8A : 20;
	2D8B : 24;
	2D8C : 24;
	2D8D : 6D;
	2D8E : 6D;
	2D8F : 6D;
	2D90 : 25;
	2D91 : 25;
	2D92 : 25;
	2D93 : 6D;
	2D94 : 6D;
	2D95 : 24;
	2D96 : 24;
	2D97 : 24;
	2D98 : 00;
	2D99 : 00;
	2D9A : 00;
	2D9B : 00;
	2D9C : 00;
	2D9D : 24;
	2D9E : 24;
	2D9F : 00;
	2DA0 : 00;
	2DA1 : 24;
	2DA2 : 24;
	2DA3 : 6D;
	2DA4 : 71;
	2DA5 : 71;
	2DA6 : 6D;
	2DA7 : 6D;
	2DA8 : 6D;
	2DA9 : 6D;
	2DAA : 6D;
	2DAB : 6D;
	2DAC : 6D;
	2DAD : 6D;
	2DAE : 00;
	2DAF : 00;
	2DB0 : 6D;
	2DB1 : 6D;
	2DB2 : 6D;
	2DB3 : 6D;
	2DB4 : 6D;
	2DB5 : 6D;
	2DB6 : 91;
	2DB7 : 91;
	2DB8 : 25;
	2DB9 : 6D;
	2DBA : 6D;
	2DBB : 2D;
	2DBC : 2D;
	2DBD : 2D;
	2DBE : 6D;
	2DBF : 2D;
	2DC0 : 6D;
	2DC1 : 2D;
	2DC2 : 6D;
	2DC3 : 6D;
	2DC4 : 6D;
	2DC5 : 6D;
	2DC6 : 6D;
	2DC7 : 6D;
	2DC8 : 00;
	2DC9 : 00;
	2DCA : 00;
	2DCB : 24;
	2DCC : 24;
	2DCD : 6D;
	2DCE : 6D;
	2DCF : 6D;
	2DD0 : 25;
	2DD1 : 25;
	2DD2 : 25;
	2DD3 : 6D;
	2DD4 : 6D;
	2DD5 : 24;
	2DD6 : 24;
	2DD7 : 24;
	2DD8 : 00;
	2DD9 : 00;
	2DDA : 00;
	2DDB : 00;
	2DDC : 00;
	2DDD : 00;
	2DDE : 24;
	2DDF : 24;
	2DE0 : 24;
	2DE1 : 24;
	2DE2 : 00;
	2DE3 : 6D;
	2DE4 : 6D;
	2DE5 : 6D;
	2DE6 : 6D;
	2DE7 : 6D;
	2DE8 : 6D;
	2DE9 : 6D;
	2DEA : 6D;
	2DEB : 6D;
	2DEC : 6D;
	2DED : 6D;
	2DEE : 00;
	2DEF : 00;
	2DF0 : 6D;
	2DF1 : 6D;
	2DF2 : 6D;
	2DF3 : 6D;
	2DF4 : 6D;
	2DF5 : 6D;
	2DF6 : 91;
	2DF7 : 6D;
	2DF8 : 2D;
	2DF9 : 6D;
	2DFA : 6D;
	2DFB : 6D;
	2DFC : 6D;
	2DFD : 6D;
	2DFE : 2D;
	2DFF : 6D;
	2E00 : 2D;
	2E01 : 2D;
	2E02 : 6D;
	2E03 : 6D;
	2E04 : 6D;
	2E05 : 6D;
	2E06 : 25;
	2E07 : 2D;
	2E08 : 00;
	2E09 : 00;
	2E0A : 00;
	2E0B : 00;
	2E0C : 00;
	2E0D : 24;
	2E0E : 24;
	2E0F : 24;
	2E10 : 6D;
	2E11 : 6D;
	2E12 : 6D;
	2E13 : 24;
	2E14 : 24;
	2E15 : 00;
	2E16 : 00;
	2E17 : 00;
	2E18 : 00;
	2E19 : 00;
	2E1A : 00;
	2E1B : 6D;
	2E1C : 6D;
	2E1D : 91;
	2E1E : 91;
	2E1F : 24;
	2E20 : 24;
	2E21 : 6D;
	2E22 : 6D;
	2E23 : 6D;
	2E24 : 6D;
	2E25 : 6D;
	2E26 : 6D;
	2E27 : 6D;
	2E28 : 91;
	2E29 : 71;
	2E2A : 71;
	2E2B : 6D;
	2E2C : 6D;
	2E2D : 6D;
	2E2E : 00;
	2E2F : 00;
	2E30 : 6D;
	2E31 : 6D;
	2E32 : 6D;
	2E33 : 6D;
	2E34 : 6D;
	2E35 : 6D;
	2E36 : 6D;
	2E37 : 25;
	2E38 : 6D;
	2E39 : 6D;
	2E3A : 6D;
	2E3B : 6D;
	2E3C : 6D;
	2E3D : 6D;
	2E3E : 24;
	2E3F : 24;
	2E40 : 6D;
	2E41 : 2D;
	2E42 : 6D;
	2E43 : 6D;
	2E44 : 6D;
	2E45 : 6D;
	2E46 : 6D;
	2E47 : 2D;
	2E48 : 00;
	2E49 : 00;
	2E4A : 00;
	2E4B : 00;
	2E4C : 00;
	2E4D : 24;
	2E4E : 24;
	2E4F : 24;
	2E50 : 6D;
	2E51 : 6D;
	2E52 : 6D;
	2E53 : 24;
	2E54 : 24;
	2E55 : 00;
	2E56 : 00;
	2E57 : 00;
	2E58 : 00;
	2E59 : 00;
	2E5A : 00;
	2E5B : 6D;
	2E5C : 6D;
	2E5D : 91;
	2E5E : 91;
	2E5F : 00;
	2E60 : 00;
	2E61 : 6D;
	2E62 : 6D;
	2E63 : 6D;
	2E64 : 6D;
	2E65 : 6D;
	2E66 : 6D;
	2E67 : 6D;
	2E68 : 71;
	2E69 : 6D;
	2E6A : 6D;
	2E6B : 6D;
	2E6C : 6D;
	2E6D : 6D;
	2E6E : 00;
	2E6F : 00;
	2E70 : 6D;
	2E71 : 6D;
	2E72 : 6D;
	2E73 : 6D;
	2E74 : 6D;
	2E75 : 6D;
	2E76 : 6D;
	2E77 : 6D;
	2E78 : 6D;
	2E79 : 6D;
	2E7A : 2D;
	2E7B : 6D;
	2E7C : 6D;
	2E7D : 6D;
	2E7E : 24;
	2E7F : 24;
	2E80 : 6D;
	2E81 : 6D;
	2E82 : 6D;
	2E83 : 6D;
	2E84 : 6D;
	2E85 : 6D;
	2E86 : 2D;
	2E87 : 6D;
	2E88 : 00;
	2E89 : 00;
	2E8A : 00;
	2E8B : 00;
	2E8C : 00;
	2E8D : 24;
	2E8E : 24;
	2E8F : 24;
	2E90 : 6D;
	2E91 : 6D;
	2E92 : 6D;
	2E93 : 24;
	2E94 : 24;
	2E95 : 00;
	2E96 : 00;
	2E97 : 00;
	2E98 : 00;
	2E99 : 00;
	2E9A : 00;
	2E9B : 6D;
	2E9C : 6D;
	2E9D : 91;
	2E9E : 91;
	2E9F : 91;
	2EA0 : 6D;
	2EA1 : 6D;
	2EA2 : 6D;
	2EA3 : 6D;
	2EA4 : 6D;
	2EA5 : 6D;
	2EA6 : 6D;
	2EA7 : 6D;
	2EA8 : 71;
	2EA9 : 6D;
	2EAA : 6D;
	2EAB : 6D;
	2EAC : 6D;
	2EAD : 6D;
	2EAE : 00;
	2EAF : 00;
	2EB0 : 6D;
	2EB1 : 6D;
	2EB2 : 6D;
	2EB3 : 6D;
	2EB4 : 6D;
	2EB5 : 6D;
	2EB6 : 6D;
	2EB7 : 6D;
	2EB8 : 6D;
	2EB9 : 6D;
	2EBA : 6D;
	2EBB : 2D;
	2EBC : 6D;
	2EBD : 6D;
	2EBE : 24;
	2EBF : 24;
	2EC0 : 6D;
	2EC1 : 6D;
	2EC2 : 6D;
	2EC3 : 2D;
	2EC4 : 2D;
	2EC5 : 6D;
	2EC6 : 6D;
	2EC7 : 6D;
	2EC8 : 24;
	2EC9 : 24;
	2ECA : 24;
	2ECB : 00;
	2ECC : 00;
	2ECD : 00;
	2ECE : 00;
	2ECF : 00;
	2ED0 : 00;
	2ED1 : 00;
	2ED2 : 00;
	2ED3 : 00;
	2ED4 : 00;
	2ED5 : 00;
	2ED6 : 00;
	2ED7 : 00;
	2ED8 : 6D;
	2ED9 : 6D;
	2EDA : 6D;
	2EDB : 6D;
	2EDC : 71;
	2EDD : 6D;
	2EDE : 6D;
	2EDF : 6D;
	2EE0 : 6D;
	2EE1 : 6D;
	2EE2 : 6D;
	2EE3 : 6D;
	2EE4 : 6D;
	2EE5 : 25;
	2EE6 : 25;
	2EE7 : 25;
	2EE8 : 6D;
	2EE9 : 6D;
	2EEA : 6D;
	2EEB : 24;
	2EEC : 24;
	2EED : 24;
	2EEE : 00;
	2EEF : 00;
	2EF0 : 6D;
	2EF1 : 6D;
	2EF2 : 6D;
	2EF3 : 6D;
	2EF4 : 2D;
	2EF5 : 6D;
	2EF6 : 6D;
	2EF7 : 6D;
	2EF8 : 6D;
	2EF9 : 6D;
	2EFA : 6D;
	2EFB : 25;
	2EFC : 24;
	2EFD : 24;
	2EFE : 24;
	2EFF : 24;
	2F00 : 2D;
	2F01 : 2D;
	2F02 : 6D;
	2F03 : 6D;
	2F04 : 6D;
	2F05 : 6D;
	2F06 : 6D;
	2F07 : 6D;
	2F08 : 24;
	2F09 : 24;
	2F0A : 24;
	2F0B : 00;
	2F0C : 00;
	2F0D : 00;
	2F0E : 00;
	2F0F : 00;
	2F10 : 00;
	2F11 : 00;
	2F12 : 00;
	2F13 : 00;
	2F14 : 00;
	2F15 : 00;
	2F16 : 00;
	2F17 : 00;
	2F18 : 6D;
	2F19 : 6D;
	2F1A : 6D;
	2F1B : 6D;
	2F1C : 6D;
	2F1D : 6D;
	2F1E : 6D;
	2F1F : 6D;
	2F20 : 6D;
	2F21 : 6D;
	2F22 : 6D;
	2F23 : 6D;
	2F24 : 6D;
	2F25 : 25;
	2F26 : 25;
	2F27 : 25;
	2F28 : 6D;
	2F29 : 6D;
	2F2A : 6D;
	2F2B : 24;
	2F2C : 24;
	2F2D : 24;
	2F2E : 00;
	2F2F : 00;
	2F30 : 6D;
	2F31 : 6D;
	2F32 : 6D;
	2F33 : 6D;
	2F34 : 6D;
	2F35 : 6D;
	2F36 : 6D;
	2F37 : 6D;
	2F38 : 6D;
	2F39 : 6D;
	2F3A : 6D;
	2F3B : 24;
	2F3C : 24;
	2F3D : 24;
	2F3E : 25;
	2F3F : 24;
	2F40 : 6D;
	2F41 : 6D;
	2F42 : 2D;
	2F43 : 6D;
	2F44 : 2D;
	2F45 : 6D;
	2F46 : 6D;
	2F47 : 6D;
	2F48 : 25;
	2F49 : 24;
	2F4A : 04;
	2F4B : 00;
	2F4C : 00;
	2F4D : 00;
	2F4E : 00;
	2F4F : 00;
	2F50 : 00;
	2F51 : 00;
	2F52 : 00;
	2F53 : 00;
	2F54 : 00;
	2F55 : 00;
	2F56 : 00;
	2F57 : 00;
	2F58 : 6D;
	2F59 : 6D;
	2F5A : 6D;
	2F5B : 6D;
	2F5C : 6D;
	2F5D : 6D;
	2F5E : 6D;
	2F5F : 6D;
	2F60 : 6D;
	2F61 : 6D;
	2F62 : 25;
	2F63 : 6D;
	2F64 : 6D;
	2F65 : 25;
	2F66 : 24;
	2F67 : 25;
	2F68 : 6D;
	2F69 : 6D;
	2F6A : 6D;
	2F6B : 24;
	2F6C : 24;
	2F6D : 24;
	2F6E : 00;
	2F6F : 00;
	2F70 : 6D;
	2F71 : 6D;
	2F72 : 6D;
	2F73 : 25;
	2F74 : 2D;
	2F75 : 25;
	2F76 : 6D;
	2F77 : 6D;
	2F78 : 6D;
	2F79 : 6D;
	2F7A : 6D;
	2F7B : 24;
	2F7C : 24;
	2F7D : 24;
	2F7E : 24;
	2F7F : 24;
	2F80 : 24;
	2F81 : 24;
	2F82 : 6D;
	2F83 : 2D;
	2F84 : 2D;
	2F85 : 24;
	2F86 : 24;
	2F87 : 24;
	2F88 : 2D;
	2F89 : 6D;
	2F8A : 25;
	2F8B : 24;
	2F8C : 24;
	2F8D : 00;
	2F8E : 00;
	2F8F : 00;
	2F90 : 00;
	2F91 : 00;
	2F92 : 00;
	2F93 : 00;
	2F94 : 00;
	2F95 : 00;
	2F96 : 00;
	2F97 : 00;
	2F98 : 6D;
	2F99 : 6D;
	2F9A : 6D;
	2F9B : 6D;
	2F9C : 6D;
	2F9D : 6D;
	2F9E : 6D;
	2F9F : 6D;
	2FA0 : 6D;
	2FA1 : 6D;
	2FA2 : 25;
	2FA3 : 24;
	2FA4 : 24;
	2FA5 : 25;
	2FA6 : 6D;
	2FA7 : 25;
	2FA8 : 24;
	2FA9 : 24;
	2FAA : 24;
	2FAB : 00;
	2FAC : 00;
	2FAD : 00;
	2FAE : 00;
	2FAF : 00;
	2FB0 : 2D;
	2FB1 : 2D;
	2FB2 : 2D;
	2FB3 : 6D;
	2FB4 : 6D;
	2FB5 : 6D;
	2FB6 : 6D;
	2FB7 : 6D;
	2FB8 : 24;
	2FB9 : 24;
	2FBA : 24;
	2FBB : 6D;
	2FBC : 2D;
	2FBD : 2D;
	2FBE : 24;
	2FBF : 24;
	2FC0 : 24;
	2FC1 : 24;
	2FC2 : 6D;
	2FC3 : 2D;
	2FC4 : 2D;
	2FC5 : 24;
	2FC6 : 24;
	2FC7 : 24;
	2FC8 : 2D;
	2FC9 : 2D;
	2FCA : 25;
	2FCB : 24;
	2FCC : 24;
	2FCD : 00;
	2FCE : 00;
	2FCF : 00;
	2FD0 : 00;
	2FD1 : 00;
	2FD2 : 00;
	2FD3 : 00;
	2FD4 : 00;
	2FD5 : 00;
	2FD6 : 00;
	2FD7 : 00;
	2FD8 : 6D;
	2FD9 : 6D;
	2FDA : 6D;
	2FDB : 6D;
	2FDC : 6D;
	2FDD : 24;
	2FDE : 6D;
	2FDF : 2D;
	2FE0 : 6D;
	2FE1 : 6D;
	2FE2 : 24;
	2FE3 : 25;
	2FE4 : 24;
	2FE5 : 24;
	2FE6 : 2D;
	2FE7 : 6D;
	2FE8 : 24;
	2FE9 : 24;
	2FEA : 24;
	2FEB : 00;
	2FEC : 00;
	2FED : 00;
	2FEE : 00;
	2FEF : 00;
	2FF0 : 6D;
	2FF1 : 2D;
	2FF2 : 2D;
	2FF3 : 6D;
	2FF4 : 6D;
	2FF5 : 6D;
	2FF6 : 2D;
	2FF7 : 2D;
	2FF8 : 24;
	2FF9 : 24;
	2FFA : 24;
	2FFB : 6D;
	2FFC : 2D;
	2FFD : 2D;
	2FFE : 24;
	2FFF : 24;
END;
