-- Merged MIF file generated by Quartos

DEPTH = 12288;
WIDTH = 8;
ADDRESS_RADIX = HEX;
DATA_RADIX = HEX;

CONTENT BEGIN
	0 : 00;
	1 : 00;
	2 : 20;
	3 : 24;
	4 : 24;
	5 : 24;
	6 : 24;
	7 : 24;
	8 : 24;
	9 : 24;
	A : 24;
	B : 24;
	C : 24;
	D : 24;
	E : 6C;
	F : 20;
	10 : 80;
	11 : 20;
	12 : 24;
	13 : 24;
	14 : 24;
	15 : 24;
	16 : 64;
	17 : 24;
	18 : 20;
	19 : 6C;
	1A : 24;
	1B : 24;
	1C : 24;
	1D : 24;
	1E : 24;
	1F : 20;
	20 : 80;
	21 : 20;
	22 : 24;
	23 : 24;
	24 : 24;
	25 : 6D;
	26 : 24;
	27 : 64;
	28 : 60;
	29 : A0;
	2A : 24;
	2B : 24;
	2C : 24;
	2D : 24;
	2E : 84;
	2F : 24;
	30 : 24;
	31 : 24;
	32 : 24;
	33 : 24;
	34 : 24;
	35 : 64;
	36 : F8;
	37 : 20;
	38 : 24;
	39 : 20;
	3A : 24;
	3B : 24;
	3C : 24;
	3D : 24;
	3E : 24;
	3F : 24;
	40 : 24;
	41 : 00;
	42 : 00;
	43 : 60;
	44 : 24;
	45 : 24;
	46 : 24;
	47 : 24;
	48 : 24;
	49 : 24;
	4A : 24;
	4B : 24;
	4C : 24;
	4D : 24;
	4E : 20;
	4F : 80;
	50 : 24;
	51 : 64;
	52 : 24;
	53 : 24;
	54 : 24;
	55 : 8C;
	56 : 64;
	57 : A0;
	58 : 24;
	59 : 24;
	5A : 24;
	5B : 24;
	5C : 24;
	5D : 24;
	5E : 00;
	5F : 20;
	60 : 64;
	61 : A0;
	62 : 20;
	63 : 20;
	64 : 24;
	65 : 24;
	66 : 24;
	67 : 64;
	68 : C0;
	69 : 24;
	6A : 24;
	6B : 24;
	6C : 24;
	6D : 24;
	6E : A4;
	6F : 20;
	70 : 24;
	71 : 24;
	72 : 24;
	73 : 24;
	74 : 24;
	75 : 60;
	76 : C0;
	77 : 24;
	78 : 24;
	79 : 24;
	7A : 24;
	7B : 24;
	7C : 24;
	7D : 24;
	7E : 24;
	7F : 24;
	80 : 24;
	81 : 20;
	82 : 20;
	83 : 20;
	84 : 60;
	85 : 24;
	86 : 24;
	87 : 24;
	88 : 24;
	89 : 24;
	8A : 00;
	8B : 00;
	8C : 00;
	8D : 20;
	8E : 60;
	8F : E4;
	90 : 64;
	91 : 24;
	92 : 24;
	93 : 24;
	94 : 8C;
	95 : 64;
	96 : E4;
	97 : 24;
	98 : 24;
	99 : 24;
	9A : 24;
	9B : 24;
	9C : 24;
	9D : 24;
	9E : 00;
	9F : 00;
	A0 : 64;
	A1 : 84;
	A2 : C0;
	A3 : 60;
	A4 : 20;
	A5 : 24;
	A6 : 60;
	A7 : 80;
	A8 : C0;
	A9 : 60;
	AA : 24;
	AB : 24;
	AC : 24;
	AD : 64;
	AE : C0;
	AF : A0;
	B0 : 24;
	B1 : 24;
	B2 : 24;
	B3 : 20;
	B4 : 24;
	B5 : 64;
	B6 : E4;
	B7 : 8C;
	B8 : 24;
	B9 : 24;
	BA : 24;
	BB : 24;
	BC : 24;
	BD : 24;
	BE : 24;
	BF : 24;
	C0 : 24;
	C1 : 24;
	C2 : 20;
	C3 : 60;
	C4 : 60;
	C5 : 20;
	C6 : 20;
	C7 : 20;
	C8 : 00;
	C9 : 00;
	CA : 00;
	CB : 00;
	CC : 20;
	CD : 64;
	CE : 80;
	CF : 24;
	D0 : 24;
	D1 : 24;
	D2 : 64;
	D3 : 64;
	D4 : 64;
	D5 : E0;
	D6 : 24;
	D7 : 24;
	D8 : 24;
	D9 : 24;
	DA : 24;
	DB : 24;
	DC : 24;
	DD : 00;
	DE : 00;
	DF : 24;
	E0 : 24;
	E1 : 64;
	E2 : 64;
	E3 : A0;
	E4 : E4;
	E5 : E4;
	E6 : 60;
	E7 : 64;
	E8 : 64;
	E9 : 24;
	EA : 64;
	EB : 60;
	EC : 64;
	ED : 84;
	EE : 60;
	EF : 60;
	F0 : 60;
	F1 : 80;
	F2 : 84;
	F3 : 64;
	F4 : 64;
	F5 : 64;
	F6 : F0;
	F7 : 8C;
	F8 : 6C;
	F9 : 24;
	FA : 24;
	FB : 24;
	FC : 24;
	FD : 00;
	FE : 24;
	FF : 24;
	100 : 24;
	101 : 20;
	102 : 60;
	103 : 80;
	104 : 20;
	105 : 24;
	106 : 24;
	107 : 24;
	108 : 24;
	109 : 00;
	10A : 24;
	10B : 24;
	10C : 24;
	10D : 64;
	10E : 20;
	10F : 24;
	110 : 24;
	111 : 64;
	112 : 64;
	113 : 84;
	114 : E4;
	115 : 60;
	116 : 6C;
	117 : 24;
	118 : 24;
	119 : 24;
	11A : 24;
	11B : 24;
	11C : 24;
	11D : 00;
	11E : 20;
	11F : 24;
	120 : 24;
	121 : 6C;
	122 : EC;
	123 : 64;
	124 : 64;
	125 : 80;
	126 : 60;
	127 : 24;
	128 : 24;
	129 : 24;
	12A : 64;
	12B : 64;
	12C : 80;
	12D : A0;
	12E : 64;
	12F : 24;
	130 : 24;
	131 : 60;
	132 : 60;
	133 : 60;
	134 : 60;
	135 : A0;
	136 : F8;
	137 : 64;
	138 : 6C;
	139 : 64;
	13A : 24;
	13B : 24;
	13C : 24;
	13D : 24;
	13E : 6D;
	13F : 6D;
	140 : 24;
	141 : 60;
	142 : 60;
	143 : 20;
	144 : 24;
	145 : 00;
	146 : 24;
	147 : 24;
	148 : 24;
	149 : 24;
	14A : 24;
	14B : 24;
	14C : 24;
	14D : 64;
	14E : 20;
	14F : 64;
	150 : 64;
	151 : 64;
	152 : 84;
	153 : 80;
	154 : 80;
	155 : 24;
	156 : 24;
	157 : 24;
	158 : 24;
	159 : 24;
	15A : 00;
	15B : 24;
	15C : 24;
	15D : 20;
	15E : 24;
	15F : 24;
	160 : 84;
	161 : 64;
	162 : 64;
	163 : 24;
	164 : 24;
	165 : 24;
	166 : 84;
	167 : 24;
	168 : 24;
	169 : 24;
	16A : 24;
	16B : 24;
	16C : 64;
	16D : A0;
	16E : 24;
	16F : 24;
	170 : 24;
	171 : 24;
	172 : 24;
	173 : 24;
	174 : 20;
	175 : 64;
	176 : 60;
	177 : F0;
	178 : 64;
	179 : 64;
	17A : 24;
	17B : 64;
	17C : 64;
	17D : 24;
	17E : 64;
	17F : 00;
	180 : 20;
	181 : 60;
	182 : 20;
	183 : 24;
	184 : 24;
	185 : 24;
	186 : 24;
	187 : 24;
	188 : 24;
	189 : 24;
	18A : 24;
	18B : 24;
	18C : 64;
	18D : 64;
	18E : F0;
	18F : 80;
	190 : C0;
	191 : A4;
	192 : A4;
	193 : A0;
	194 : 60;
	195 : 24;
	196 : 24;
	197 : 24;
	198 : 24;
	199 : 24;
	19A : 24;
	19B : 24;
	19C : 20;
	19D : 20;
	19E : 64;
	19F : 60;
	1A0 : 64;
	1A1 : 24;
	1A2 : 24;
	1A3 : 24;
	1A4 : 24;
	1A5 : 24;
	1A6 : 24;
	1A7 : 80;
	1A8 : 24;
	1A9 : 6D;
	1AA : 24;
	1AB : 24;
	1AC : 64;
	1AD : 20;
	1AE : 24;
	1AF : 24;
	1B0 : 24;
	1B1 : 24;
	1B2 : 24;
	1B3 : 24;
	1B4 : 24;
	1B5 : 24;
	1B6 : 20;
	1B7 : 60;
	1B8 : 80;
	1B9 : 60;
	1BA : 24;
	1BB : 24;
	1BC : 24;
	1BD : 24;
	1BE : 24;
	1BF : 24;
	1C0 : C0;
	1C1 : 20;
	1C2 : 20;
	1C3 : 24;
	1C4 : 24;
	1C5 : 24;
	1C6 : 24;
	1C7 : 24;
	1C8 : 24;
	1C9 : 24;
	1CA : 24;
	1CB : 64;
	1CC : 24;
	1CD : 64;
	1CE : A0;
	1CF : C0;
	1D0 : 84;
	1D1 : 84;
	1D2 : F0;
	1D3 : C0;
	1D4 : 80;
	1D5 : 64;
	1D6 : 24;
	1D7 : 24;
	1D8 : 24;
	1D9 : 24;
	1DA : 24;
	1DB : 24;
	1DC : A4;
	1DD : EC;
	1DE : 24;
	1DF : 24;
	1E0 : 24;
	1E1 : 24;
	1E2 : 24;
	1E3 : 24;
	1E4 : 24;
	1E5 : 24;
	1E6 : 64;
	1E7 : 64;
	1E8 : 24;
	1E9 : 6C;
	1EA : 24;
	1EB : 24;
	1EC : 60;
	1ED : 64;
	1EE : 24;
	1EF : 24;
	1F0 : 24;
	1F1 : 24;
	1F2 : 24;
	1F3 : 24;
	1F4 : 24;
	1F5 : 24;
	1F6 : 24;
	1F7 : 20;
	1F8 : 80;
	1F9 : 64;
	1FA : 64;
	1FB : 20;
	1FC : C4;
	1FD : 60;
	1FE : 60;
	1FF : 20;
	200 : E0;
	201 : 20;
	202 : 20;
	203 : 24;
	204 : 24;
	205 : 24;
	206 : 24;
	207 : 24;
	208 : 24;
	209 : 24;
	20A : 64;
	20B : 64;
	20C : 64;
	20D : F0;
	20E : 64;
	20F : 84;
	210 : C0;
	211 : C0;
	212 : 80;
	213 : 80;
	214 : EC;
	215 : 60;
	216 : 24;
	217 : 64;
	218 : 6C;
	219 : 64;
	21A : 24;
	21B : 24;
	21C : E4;
	21D : 24;
	21E : 24;
	21F : 24;
	220 : 24;
	221 : 24;
	222 : 24;
	223 : 24;
	224 : 24;
	225 : 24;
	226 : 24;
	227 : 64;
	228 : 24;
	229 : 64;
	22A : 24;
	22B : 24;
	22C : C0;
	22D : 20;
	22E : 6D;
	22F : 24;
	230 : 24;
	231 : 24;
	232 : 24;
	233 : 24;
	234 : 24;
	235 : 24;
	236 : 24;
	237 : 24;
	238 : 80;
	239 : 64;
	23A : 24;
	23B : 24;
	23C : 20;
	23D : 20;
	23E : 20;
	23F : 60;
	240 : 20;
	241 : C0;
	242 : 20;
	243 : 24;
	244 : 24;
	245 : 00;
	246 : 24;
	247 : 24;
	248 : 24;
	249 : 24;
	24A : 64;
	24B : 64;
	24C : F0;
	24D : 64;
	24E : 8C;
	24F : 64;
	250 : C0;
	251 : C0;
	252 : 64;
	253 : 64;
	254 : 60;
	255 : EC;
	256 : 64;
	257 : 20;
	258 : 24;
	259 : 24;
	25A : 64;
	25B : F4;
	25C : 64;
	25D : 24;
	25E : 24;
	25F : 24;
	260 : 24;
	261 : 24;
	262 : 24;
	263 : 24;
	264 : 24;
	265 : 24;
	266 : 24;
	267 : 64;
	268 : 64;
	269 : 64;
	26A : 24;
	26B : 64;
	26C : C4;
	26D : 24;
	26E : 24;
	26F : 24;
	270 : 24;
	271 : 24;
	272 : 24;
	273 : 24;
	274 : 24;
	275 : 24;
	276 : 24;
	277 : 24;
	278 : 80;
	279 : 60;
	27A : 20;
	27B : 24;
	27C : 24;
	27D : 24;
	27E : 20;
	27F : 20;
	280 : 24;
	281 : 24;
	282 : 20;
	283 : 24;
	284 : 24;
	285 : 24;
	286 : 24;
	287 : 24;
	288 : 24;
	289 : 64;
	28A : 64;
	28B : A0;
	28C : 84;
	28D : 84;
	28E : 64;
	28F : 84;
	290 : E4;
	291 : 84;
	292 : 64;
	293 : 64;
	294 : 64;
	295 : 84;
	296 : A0;
	297 : 64;
	298 : 64;
	299 : 64;
	29A : 84;
	29B : A4;
	29C : 24;
	29D : 24;
	29E : 24;
	29F : 24;
	2A0 : 24;
	2A1 : 24;
	2A2 : 24;
	2A3 : 24;
	2A4 : 24;
	2A5 : 24;
	2A6 : 64;
	2A7 : 84;
	2A8 : 64;
	2A9 : 64;
	2AA : 64;
	2AB : 64;
	2AC : 80;
	2AD : 24;
	2AE : 24;
	2AF : 24;
	2B0 : 24;
	2B1 : 24;
	2B2 : 24;
	2B3 : 24;
	2B4 : 24;
	2B5 : 24;
	2B6 : 24;
	2B7 : 64;
	2B8 : 80;
	2B9 : 80;
	2BA : 64;
	2BB : 24;
	2BC : 24;
	2BD : 24;
	2BE : 24;
	2BF : 24;
	2C0 : 24;
	2C1 : 24;
	2C2 : 24;
	2C3 : 60;
	2C4 : 24;
	2C5 : 24;
	2C6 : 24;
	2C7 : 24;
	2C8 : 24;
	2C9 : 64;
	2CA : A0;
	2CB : A4;
	2CC : 64;
	2CD : 64;
	2CE : 84;
	2CF : 84;
	2D0 : F0;
	2D1 : 64;
	2D2 : 6D;
	2D3 : 00;
	2D4 : 24;
	2D5 : 64;
	2D6 : 64;
	2D7 : 24;
	2D8 : 24;
	2D9 : 24;
	2DA : 64;
	2DB : 20;
	2DC : 64;
	2DD : 24;
	2DE : 24;
	2DF : 24;
	2E0 : 24;
	2E1 : 24;
	2E2 : 24;
	2E3 : 24;
	2E4 : 24;
	2E5 : 20;
	2E6 : 20;
	2E7 : 80;
	2E8 : 84;
	2E9 : 64;
	2EA : 84;
	2EB : 84;
	2EC : A0;
	2ED : 64;
	2EE : 24;
	2EF : 24;
	2F0 : 24;
	2F1 : 24;
	2F2 : 24;
	2F3 : 24;
	2F4 : 24;
	2F5 : 24;
	2F6 : 24;
	2F7 : 64;
	2F8 : C0;
	2F9 : F4;
	2FA : 64;
	2FB : 24;
	2FC : 24;
	2FD : 24;
	2FE : 6D;
	2FF : 24;
	300 : 24;
	301 : 24;
	302 : 24;
	303 : 60;
	304 : 24;
	305 : 24;
	306 : 24;
	307 : 24;
	308 : 8C;
	309 : A0;
	30A : F8;
	30B : 64;
	30C : 64;
	30D : 64;
	30E : 60;
	30F : A0;
	310 : 80;
	311 : 64;
	312 : 64;
	313 : 24;
	314 : 24;
	315 : 80;
	316 : 64;
	317 : 24;
	318 : 24;
	319 : 24;
	31A : 24;
	31B : 64;
	31C : 80;
	31D : 24;
	31E : 24;
	31F : 64;
	320 : 24;
	321 : 64;
	322 : 24;
	323 : 20;
	324 : 20;
	325 : 60;
	326 : 80;
	327 : 64;
	328 : 80;
	329 : F0;
	32A : 80;
	32B : C4;
	32C : E4;
	32D : 84;
	32E : 64;
	32F : 24;
	330 : 24;
	331 : 24;
	332 : 24;
	333 : 24;
	334 : 24;
	335 : 24;
	336 : 20;
	337 : 20;
	338 : 60;
	339 : 80;
	33A : 64;
	33B : 64;
	33C : 64;
	33D : 00;
	33E : 24;
	33F : 24;
	340 : 24;
	341 : 24;
	342 : 24;
	343 : 24;
	344 : 64;
	345 : 24;
	346 : 24;
	347 : 64;
	348 : A4;
	349 : F0;
	34A : E4;
	34B : 84;
	34C : 64;
	34D : 64;
	34E : 60;
	34F : A0;
	350 : 80;
	351 : 24;
	352 : 24;
	353 : 24;
	354 : 20;
	355 : 80;
	356 : 64;
	357 : 24;
	358 : 24;
	359 : 24;
	35A : 24;
	35B : 64;
	35C : 64;
	35D : 80;
	35E : 80;
	35F : 60;
	360 : 20;
	361 : 20;
	362 : 60;
	363 : E4;
	364 : 60;
	365 : 24;
	366 : 24;
	367 : 64;
	368 : 64;
	369 : 64;
	36A : 64;
	36B : 84;
	36C : 80;
	36D : F0;
	36E : A4;
	36F : 64;
	370 : 24;
	371 : 24;
	372 : 24;
	373 : 20;
	374 : 64;
	375 : 20;
	376 : 20;
	377 : 64;
	378 : 24;
	379 : 20;
	37A : 60;
	37B : 64;
	37C : 6D;
	37D : 24;
	37E : 24;
	37F : 24;
	380 : 24;
	381 : 24;
	382 : 24;
	383 : 24;
	384 : 60;
	385 : 24;
	386 : 64;
	387 : C0;
	388 : C0;
	389 : A0;
	38A : C0;
	38B : F8;
	38C : A0;
	38D : A0;
	38E : 84;
	38F : 84;
	390 : 80;
	391 : 24;
	392 : 64;
	393 : 8C;
	394 : 64;
	395 : F0;
	396 : 64;
	397 : 24;
	398 : 24;
	399 : 24;
	39A : 64;
	39B : 24;
	39C : 84;
	39D : 64;
	39E : 8C;
	39F : 64;
	3A0 : A0;
	3A1 : A4;
	3A2 : A4;
	3A3 : 60;
	3A4 : 24;
	3A5 : 24;
	3A6 : 24;
	3A7 : 24;
	3A8 : 24;
	3A9 : 24;
	3AA : 24;
	3AB : 24;
	3AC : 64;
	3AD : 60;
	3AE : E0;
	3AF : C0;
	3B0 : 84;
	3B1 : 64;
	3B2 : 64;
	3B3 : 64;
	3B4 : C4;
	3B5 : 24;
	3B6 : 24;
	3B7 : 24;
	3B8 : 24;
	3B9 : 64;
	3BA : 60;
	3BB : 8D;
	3BC : 24;
	3BD : 24;
	3BE : 24;
	3BF : 24;
	3C0 : 24;
	3C1 : 24;
	3C2 : 24;
	3C3 : 20;
	3C4 : 80;
	3C5 : 80;
	3C6 : 60;
	3C7 : 64;
	3C8 : 20;
	3C9 : 20;
	3CA : 64;
	3CB : 64;
	3CC : 84;
	3CD : F0;
	3CE : 84;
	3CF : A4;
	3D0 : C0;
	3D1 : 64;
	3D2 : 64;
	3D3 : 64;
	3D4 : 80;
	3D5 : E4;
	3D6 : 60;
	3D7 : 24;
	3D8 : 6C;
	3D9 : 24;
	3DA : 24;
	3DB : 64;
	3DC : 60;
	3DD : 24;
	3DE : 24;
	3DF : 64;
	3E0 : 64;
	3E1 : A0;
	3E2 : 80;
	3E3 : 24;
	3E4 : 24;
	3E5 : 24;
	3E6 : 24;
	3E7 : 24;
	3E8 : 24;
	3E9 : 24;
	3EA : 24;
	3EB : 24;
	3EC : 24;
	3ED : 64;
	3EE : 80;
	3EF : F0;
	3F0 : A4;
	3F1 : E4;
	3F2 : C4;
	3F3 : EC;
	3F4 : 20;
	3F5 : 24;
	3F6 : 24;
	3F7 : 24;
	3F8 : 24;
	3F9 : 64;
	3FA : C4;
	3FB : 6C;
	3FC : 24;
	3FD : 24;
	3FE : 24;
	3FF : 24;
	400 : 24;
	401 : 24;
	402 : 24;
	403 : 64;
	404 : F4;
	405 : 60;
	406 : 20;
	407 : 24;
	408 : 24;
	409 : 24;
	40A : 20;
	40B : 24;
	40C : 64;
	40D : F4;
	40E : 84;
	40F : 64;
	410 : 64;
	411 : 80;
	412 : 64;
	413 : 80;
	414 : A0;
	415 : 84;
	416 : 84;
	417 : 20;
	418 : 24;
	419 : 24;
	41A : 64;
	41B : 80;
	41C : 64;
	41D : 24;
	41E : 24;
	41F : 24;
	420 : 84;
	421 : C0;
	422 : 60;
	423 : 20;
	424 : 24;
	425 : 24;
	426 : 24;
	427 : 24;
	428 : 24;
	429 : 24;
	42A : 24;
	42B : 24;
	42C : 24;
	42D : 64;
	42E : 60;
	42F : F0;
	430 : 84;
	431 : 84;
	432 : EC;
	433 : 64;
	434 : 24;
	435 : 24;
	436 : 24;
	437 : 24;
	438 : 24;
	439 : 64;
	43A : F4;
	43B : 64;
	43C : 24;
	43D : 24;
	43E : 24;
	43F : 24;
	440 : 24;
	441 : 24;
	442 : 24;
	443 : 84;
	444 : A0;
	445 : 24;
	446 : 64;
	447 : 24;
	448 : 24;
	449 : 24;
	44A : 24;
	44B : 64;
	44C : 84;
	44D : 84;
	44E : 24;
	44F : 20;
	450 : 64;
	451 : 24;
	452 : 64;
	453 : F4;
	454 : 60;
	455 : 64;
	456 : 64;
	457 : 64;
	458 : A0;
	459 : 60;
	45A : 80;
	45B : 64;
	45C : 24;
	45D : 24;
	45E : 24;
	45F : 64;
	460 : 64;
	461 : E4;
	462 : 60;
	463 : 64;
	464 : 24;
	465 : 24;
	466 : 24;
	467 : 24;
	468 : 24;
	469 : 24;
	46A : 24;
	46B : 00;
	46C : 24;
	46D : 24;
	46E : 64;
	46F : E0;
	470 : A4;
	471 : C0;
	472 : 84;
	473 : 24;
	474 : 24;
	475 : 24;
	476 : 24;
	477 : 24;
	478 : 24;
	479 : 64;
	47A : C4;
	47B : 64;
	47C : 24;
	47D : 24;
	47E : 24;
	47F : 24;
	480 : 24;
	481 : 64;
	482 : 64;
	483 : C0;
	484 : 60;
	485 : 24;
	486 : 24;
	487 : 24;
	488 : 24;
	489 : 24;
	48A : 24;
	48B : 24;
	48C : E4;
	48D : 24;
	48E : 24;
	48F : 24;
	490 : 24;
	491 : 24;
	492 : 24;
	493 : 64;
	494 : A0;
	495 : 64;
	496 : 64;
	497 : 64;
	498 : 64;
	499 : 84;
	49A : F4;
	49B : 64;
	49C : 64;
	49D : 24;
	49E : 24;
	49F : 64;
	4A0 : 60;
	4A1 : C0;
	4A2 : 80;
	4A3 : AC;
	4A4 : 24;
	4A5 : 24;
	4A6 : 24;
	4A7 : 24;
	4A8 : 24;
	4A9 : 24;
	4AA : 20;
	4AB : 24;
	4AC : 24;
	4AD : 64;
	4AE : 64;
	4AF : A0;
	4B0 : E4;
	4B1 : A0;
	4B2 : 64;
	4B3 : 24;
	4B4 : 24;
	4B5 : 24;
	4B6 : 24;
	4B7 : 24;
	4B8 : 24;
	4B9 : 20;
	4BA : C4;
	4BB : 64;
	4BC : 64;
	4BD : 24;
	4BE : 24;
	4BF : 24;
	4C0 : 24;
	4C1 : 64;
	4C2 : 80;
	4C3 : EC;
	4C4 : 64;
	4C5 : 8C;
	4C6 : 24;
	4C7 : 24;
	4C8 : 24;
	4C9 : 24;
	4CA : 64;
	4CB : 24;
	4CC : 60;
	4CD : 00;
	4CE : 24;
	4CF : 24;
	4D0 : 24;
	4D1 : 24;
	4D2 : 24;
	4D3 : 64;
	4D4 : 60;
	4D5 : 60;
	4D6 : 64;
	4D7 : 64;
	4D8 : 64;
	4D9 : 84;
	4DA : 84;
	4DB : 64;
	4DC : 24;
	4DD : 24;
	4DE : 64;
	4DF : 64;
	4E0 : E4;
	4E1 : 80;
	4E2 : 64;
	4E3 : 24;
	4E4 : 24;
	4E5 : 24;
	4E6 : 24;
	4E7 : 24;
	4E8 : 24;
	4E9 : 24;
	4EA : 24;
	4EB : 24;
	4EC : 24;
	4ED : 64;
	4EE : 60;
	4EF : FC;
	4F0 : C0;
	4F1 : 84;
	4F2 : 64;
	4F3 : 24;
	4F4 : 24;
	4F5 : 24;
	4F6 : 24;
	4F7 : 24;
	4F8 : 24;
	4F9 : 64;
	4FA : C0;
	4FB : 84;
	4FC : 64;
	4FD : 64;
	4FE : 24;
	4FF : 24;
	500 : 60;
	501 : 60;
	502 : A4;
	503 : F8;
	504 : 64;
	505 : 64;
	506 : 24;
	507 : 24;
	508 : 24;
	509 : 24;
	50A : 24;
	50B : 60;
	50C : 64;
	50D : 24;
	50E : 24;
	50F : 24;
	510 : 24;
	511 : 24;
	512 : 24;
	513 : 64;
	514 : 64;
	515 : F0;
	516 : 80;
	517 : 84;
	518 : 60;
	519 : F4;
	51A : 84;
	51B : 64;
	51C : 24;
	51D : 24;
	51E : 64;
	51F : 84;
	520 : C0;
	521 : 60;
	522 : 64;
	523 : 24;
	524 : 24;
	525 : 24;
	526 : 24;
	527 : 24;
	528 : 24;
	529 : 24;
	52A : 24;
	52B : 24;
	52C : 24;
	52D : 64;
	52E : 60;
	52F : E4;
	530 : C4;
	531 : 84;
	532 : 64;
	533 : 24;
	534 : 24;
	535 : 24;
	536 : 24;
	537 : 24;
	538 : 64;
	539 : 64;
	53A : C0;
	53B : EC;
	53C : F0;
	53D : 60;
	53E : 20;
	53F : 20;
	540 : 24;
	541 : 24;
	542 : 64;
	543 : 84;
	544 : 60;
	545 : 24;
	546 : 24;
	547 : 24;
	548 : 24;
	549 : 24;
	54A : 24;
	54B : 80;
	54C : 64;
	54D : 24;
	54E : 24;
	54F : 24;
	550 : 24;
	551 : 24;
	552 : 24;
	553 : 24;
	554 : 64;
	555 : A0;
	556 : 84;
	557 : 20;
	558 : 64;
	559 : 64;
	55A : F4;
	55B : 84;
	55C : 84;
	55D : 64;
	55E : 64;
	55F : A0;
	560 : A0;
	561 : 64;
	562 : 24;
	563 : 24;
	564 : 24;
	565 : 24;
	566 : 24;
	567 : 20;
	568 : 24;
	569 : 24;
	56A : 24;
	56B : 24;
	56C : 64;
	56D : 60;
	56E : 80;
	56F : C4;
	570 : A4;
	571 : 80;
	572 : 84;
	573 : 64;
	574 : 24;
	575 : 24;
	576 : 24;
	577 : 64;
	578 : 64;
	579 : A0;
	57A : C0;
	57B : 60;
	57C : 60;
	57D : 20;
	57E : 24;
	57F : 24;
	580 : 24;
	581 : 24;
	582 : 64;
	583 : 64;
	584 : C0;
	585 : 64;
	586 : 64;
	587 : 24;
	588 : 24;
	589 : 24;
	58A : 64;
	58B : F0;
	58C : 20;
	58D : 24;
	58E : 24;
	58F : 24;
	590 : 24;
	591 : 24;
	592 : 24;
	593 : 24;
	594 : 64;
	595 : 64;
	596 : 24;
	597 : 24;
	598 : 64;
	599 : 6C;
	59A : 64;
	59B : F0;
	59C : 84;
	59D : 64;
	59E : 64;
	59F : F4;
	5A0 : 80;
	5A1 : 60;
	5A2 : 24;
	5A3 : 24;
	5A4 : 24;
	5A5 : 24;
	5A6 : 24;
	5A7 : 24;
	5A8 : 24;
	5A9 : 24;
	5AA : 24;
	5AB : 24;
	5AC : 64;
	5AD : 80;
	5AE : C0;
	5AF : A0;
	5B0 : E0;
	5B1 : C4;
	5B2 : 64;
	5B3 : 64;
	5B4 : 64;
	5B5 : 24;
	5B6 : 64;
	5B7 : 64;
	5B8 : 84;
	5B9 : E4;
	5BA : 64;
	5BB : 64;
	5BC : 60;
	5BD : 20;
	5BE : 24;
	5BF : 24;
	5C0 : 24;
	5C1 : 24;
	5C2 : 24;
	5C3 : 64;
	5C4 : 84;
	5C5 : 60;
	5C6 : 24;
	5C7 : 24;
	5C8 : 24;
	5C9 : 6C;
	5CA : 84;
	5CB : C0;
	5CC : 64;
	5CD : 24;
	5CE : 24;
	5CF : 24;
	5D0 : 24;
	5D1 : 24;
	5D2 : 24;
	5D3 : 24;
	5D4 : 64;
	5D5 : 24;
	5D6 : 24;
	5D7 : 24;
	5D8 : 24;
	5D9 : 24;
	5DA : 64;
	5DB : E4;
	5DC : A0;
	5DD : A0;
	5DE : A4;
	5DF : EC;
	5E0 : C0;
	5E1 : 80;
	5E2 : 64;
	5E3 : 24;
	5E4 : 6C;
	5E5 : 24;
	5E6 : 64;
	5E7 : 64;
	5E8 : 24;
	5E9 : 24;
	5EA : 64;
	5EB : 60;
	5EC : 80;
	5ED : 84;
	5EE : 64;
	5EF : 64;
	5F0 : 64;
	5F1 : A4;
	5F2 : 80;
	5F3 : 64;
	5F4 : 24;
	5F5 : 64;
	5F6 : 84;
	5F7 : 84;
	5F8 : FC;
	5F9 : A4;
	5FA : 64;
	5FB : 64;
	5FC : A0;
	5FD : 24;
	5FE : 24;
	5FF : 24;
	600 : 24;
	601 : 24;
	602 : 24;
	603 : 24;
	604 : 64;
	605 : C0;
	606 : 64;
	607 : 6C;
	608 : 64;
	609 : 60;
	60A : C4;
	60B : E4;
	60C : F0;
	60D : A0;
	60E : 60;
	60F : 64;
	610 : 24;
	611 : 24;
	612 : 24;
	613 : 64;
	614 : C4;
	615 : 24;
	616 : 24;
	617 : 24;
	618 : 64;
	619 : 24;
	61A : 64;
	61B : A0;
	61C : 64;
	61D : 84;
	61E : A0;
	61F : E4;
	620 : C0;
	621 : F4;
	622 : C0;
	623 : A0;
	624 : 60;
	625 : 60;
	626 : 64;
	627 : 64;
	628 : 64;
	629 : 84;
	62A : C4;
	62B : F0;
	62C : 64;
	62D : 64;
	62E : 24;
	62F : 24;
	630 : 24;
	631 : 64;
	632 : A0;
	633 : 60;
	634 : 64;
	635 : 84;
	636 : EC;
	637 : A4;
	638 : EC;
	639 : E4;
	63A : A0;
	63B : C4;
	63C : C4;
	63D : 60;
	63E : 24;
	63F : 24;
	640 : 24;
	641 : 24;
	642 : 24;
	643 : 24;
	644 : 24;
	645 : A4;
	646 : 80;
	647 : 64;
	648 : 64;
	649 : E4;
	64A : 64;
	64B : 64;
	64C : 64;
	64D : 24;
	64E : 64;
	64F : F4;
	650 : E4;
	651 : A0;
	652 : 60;
	653 : 80;
	654 : 64;
	655 : 24;
	656 : 24;
	657 : 24;
	658 : 24;
	659 : 24;
	65A : 64;
	65B : 60;
	65C : 84;
	65D : A4;
	65E : A0;
	65F : 84;
	660 : 64;
	661 : 64;
	662 : 84;
	663 : C4;
	664 : C0;
	665 : E4;
	666 : 80;
	667 : 84;
	668 : 84;
	669 : 84;
	66A : E4;
	66B : 60;
	66C : 64;
	66D : 24;
	66E : 24;
	66F : 24;
	670 : 24;
	671 : 24;
	672 : 20;
	673 : 64;
	674 : F8;
	675 : 84;
	676 : 64;
	677 : 84;
	678 : E0;
	679 : 64;
	67A : 64;
	67B : 60;
	67C : A0;
	67D : C0;
	67E : 24;
	67F : 6C;
	680 : 64;
	681 : 24;
	682 : 24;
	683 : 24;
	684 : 64;
	685 : 64;
	686 : A4;
	687 : F4;
	688 : F4;
	689 : 60;
	68A : 24;
	68B : 24;
	68C : 24;
	68D : 24;
	68E : 24;
	68F : 60;
	690 : A4;
	691 : 64;
	692 : 64;
	693 : 80;
	694 : 64;
	695 : 24;
	696 : 24;
	697 : 24;
	698 : 24;
	699 : 64;
	69A : 64;
	69B : 60;
	69C : F0;
	69D : 60;
	69E : 84;
	69F : 64;
	6A0 : 64;
	6A1 : 24;
	6A2 : 64;
	6A3 : 64;
	6A4 : 64;
	6A5 : 84;
	6A6 : E4;
	6A7 : 84;
	6A8 : 84;
	6A9 : EC;
	6AA : 60;
	6AB : 6C;
	6AC : 24;
	6AD : 24;
	6AE : 24;
	6AF : 24;
	6B0 : 24;
	6B1 : 24;
	6B2 : 64;
	6B3 : 24;
	6B4 : C0;
	6B5 : 64;
	6B6 : 64;
	6B7 : A0;
	6B8 : 64;
	6B9 : 24;
	6BA : 24;
	6BB : 64;
	6BC : 20;
	6BD : A0;
	6BE : 60;
	6BF : 24;
	6C0 : 00;
	6C1 : 24;
	6C2 : 24;
	6C3 : 24;
	6C4 : 64;
	6C5 : 84;
	6C6 : A4;
	6C7 : F0;
	6C8 : 60;
	6C9 : 24;
	6CA : 24;
	6CB : 24;
	6CC : 24;
	6CD : 24;
	6CE : 24;
	6CF : 20;
	6D0 : E4;
	6D1 : 84;
	6D2 : 84;
	6D3 : A0;
	6D4 : 64;
	6D5 : 24;
	6D6 : 6D;
	6D7 : 24;
	6D8 : 24;
	6D9 : 24;
	6DA : 64;
	6DB : 80;
	6DC : 80;
	6DD : 64;
	6DE : 64;
	6DF : 24;
	6E0 : 24;
	6E1 : 24;
	6E2 : 24;
	6E3 : 24;
	6E4 : 64;
	6E5 : 64;
	6E6 : 80;
	6E7 : C0;
	6E8 : F0;
	6E9 : 60;
	6EA : 24;
	6EB : 24;
	6EC : 24;
	6ED : 24;
	6EE : 24;
	6EF : 24;
	6F0 : 00;
	6F1 : 24;
	6F2 : 24;
	6F3 : 64;
	6F4 : 80;
	6F5 : 84;
	6F6 : A0;
	6F7 : 64;
	6F8 : 24;
	6F9 : 24;
	6FA : 24;
	6FB : 24;
	6FC : 20;
	6FD : 60;
	6FE : F0;
	6FF : 20;
	700 : 60;
	701 : 24;
	702 : 24;
	703 : 24;
	704 : 64;
	705 : C4;
	706 : C0;
	707 : 60;
	708 : 24;
	709 : 24;
	70A : 24;
	70B : 24;
	70C : 24;
	70D : 24;
	70E : 24;
	70F : 20;
	710 : A4;
	711 : A0;
	712 : 60;
	713 : 64;
	714 : A0;
	715 : 84;
	716 : 64;
	717 : 24;
	718 : 64;
	719 : 24;
	71A : 64;
	71B : A0;
	71C : 60;
	71D : 64;
	71E : 24;
	71F : 24;
	720 : 24;
	721 : 24;
	722 : 24;
	723 : 24;
	724 : 24;
	725 : 64;
	726 : 60;
	727 : E4;
	728 : 80;
	729 : 64;
	72A : 24;
	72B : 24;
	72C : 24;
	72D : 24;
	72E : 24;
	72F : 20;
	730 : 24;
	731 : 24;
	732 : 24;
	733 : 64;
	734 : A0;
	735 : EC;
	736 : 64;
	737 : 24;
	738 : 24;
	739 : 24;
	73A : 24;
	73B : 24;
	73C : 24;
	73D : 20;
	73E : 80;
	73F : F0;
	740 : 20;
	741 : 20;
	742 : 60;
	743 : F0;
	744 : F0;
	745 : F8;
	746 : C0;
	747 : 20;
	748 : 24;
	749 : 24;
	74A : 24;
	74B : 24;
	74C : 24;
	74D : 24;
	74E : 24;
	74F : 20;
	750 : EC;
	751 : 24;
	752 : 24;
	753 : 24;
	754 : 64;
	755 : 64;
	756 : 80;
	757 : A0;
	758 : 64;
	759 : 64;
	75A : 64;
	75B : EC;
	75C : 60;
	75D : 64;
	75E : 24;
	75F : 24;
	760 : 24;
	761 : 24;
	762 : 24;
	763 : 24;
	764 : 64;
	765 : 64;
	766 : 84;
	767 : F0;
	768 : 84;
	769 : 64;
	76A : 24;
	76B : 00;
	76C : 24;
	76D : 24;
	76E : 64;
	76F : 24;
	770 : 24;
	771 : 24;
	772 : 64;
	773 : 84;
	774 : F4;
	775 : 64;
	776 : 24;
	777 : 24;
	778 : 24;
	779 : 24;
	77A : 24;
	77B : 24;
	77C : 24;
	77D : 20;
	77E : A4;
	77F : 64;
	780 : 24;
	781 : 24;
	782 : 24;
	783 : 24;
	784 : 20;
	785 : F4;
	786 : 60;
	787 : 64;
	788 : 24;
	789 : 24;
	78A : 24;
	78B : 24;
	78C : 24;
	78D : 24;
	78E : 24;
	78F : 20;
	790 : 24;
	791 : 24;
	792 : 24;
	793 : 24;
	794 : 24;
	795 : 24;
	796 : 24;
	797 : 64;
	798 : F0;
	799 : 80;
	79A : EC;
	79B : 84;
	79C : 80;
	79D : 64;
	79E : 24;
	79F : 24;
	7A0 : 24;
	7A1 : 24;
	7A2 : 24;
	7A3 : 24;
	7A4 : 24;
	7A5 : 64;
	7A6 : 80;
	7A7 : E4;
	7A8 : 84;
	7A9 : 64;
	7AA : 24;
	7AB : 24;
	7AC : 24;
	7AD : 24;
	7AE : 24;
	7AF : 24;
	7B0 : 00;
	7B1 : 64;
	7B2 : 64;
	7B3 : C4;
	7B4 : 64;
	7B5 : 24;
	7B6 : 24;
	7B7 : 24;
	7B8 : 24;
	7B9 : 24;
	7BA : 24;
	7BB : 24;
	7BC : 20;
	7BD : 24;
	7BE : E4;
	7BF : 24;
	7C0 : 24;
	7C1 : 24;
	7C2 : 24;
	7C3 : 24;
	7C4 : 24;
	7C5 : E4;
	7C6 : 20;
	7C7 : 24;
	7C8 : 24;
	7C9 : 24;
	7CA : 24;
	7CB : 24;
	7CC : 24;
	7CD : 64;
	7CE : 20;
	7CF : A4;
	7D0 : 64;
	7D1 : 64;
	7D2 : 24;
	7D3 : 24;
	7D4 : 24;
	7D5 : 24;
	7D6 : 24;
	7D7 : 24;
	7D8 : 80;
	7D9 : FC;
	7DA : 64;
	7DB : 64;
	7DC : F4;
	7DD : 64;
	7DE : 24;
	7DF : 00;
	7E0 : 64;
	7E1 : 24;
	7E2 : 24;
	7E3 : 24;
	7E4 : 64;
	7E5 : 60;
	7E6 : C0;
	7E7 : E0;
	7E8 : C0;
	7E9 : 84;
	7EA : 64;
	7EB : 24;
	7EC : 24;
	7ED : 24;
	7EE : 24;
	7EF : 6C;
	7F0 : 24;
	7F1 : 60;
	7F2 : E4;
	7F3 : 60;
	7F4 : 20;
	7F5 : 20;
	7F6 : 20;
	7F7 : 24;
	7F8 : 24;
	7F9 : 24;
	7FA : 24;
	7FB : 24;
	7FC : 24;
	7FD : 24;
	7FE : 60;
	7FF : 00;
	800 : 24;
	801 : 24;
	802 : 24;
	803 : 24;
	804 : 24;
	805 : C0;
	806 : 20;
	807 : 24;
	808 : 00;
	809 : 24;
	80A : 24;
	80B : 24;
	80C : 24;
	80D : 20;
	80E : 60;
	80F : 64;
	810 : 24;
	811 : 24;
	812 : 24;
	813 : 24;
	814 : 24;
	815 : 24;
	816 : 24;
	817 : 64;
	818 : 60;
	819 : A0;
	81A : 64;
	81B : 64;
	81C : 80;
	81D : 64;
	81E : 24;
	81F : 24;
	820 : 24;
	821 : 24;
	822 : 24;
	823 : 24;
	824 : 64;
	825 : F0;
	826 : 84;
	827 : 60;
	828 : 64;
	829 : 84;
	82A : EC;
	82B : 64;
	82C : 6C;
	82D : 24;
	82E : 64;
	82F : 64;
	830 : 84;
	831 : C0;
	832 : A0;
	833 : 20;
	834 : 64;
	835 : 24;
	836 : 24;
	837 : 24;
	838 : 24;
	839 : 24;
	83A : 24;
	83B : 00;
	83C : 24;
	83D : 24;
	83E : 20;
	83F : 20;
	840 : 24;
	841 : 24;
	842 : 24;
	843 : 24;
	844 : 64;
	845 : 80;
	846 : 60;
	847 : 24;
	848 : 24;
	849 : 24;
	84A : 24;
	84B : 6C;
	84C : 24;
	84D : 64;
	84E : 84;
	84F : 24;
	850 : 24;
	851 : 24;
	852 : 24;
	853 : 24;
	854 : 24;
	855 : 24;
	856 : 24;
	857 : 20;
	858 : 80;
	859 : 64;
	85A : 24;
	85B : 24;
	85C : 64;
	85D : 80;
	85E : 64;
	85F : 64;
	860 : 24;
	861 : 24;
	862 : 24;
	863 : A0;
	864 : 64;
	865 : 64;
	866 : 24;
	867 : 64;
	868 : 24;
	869 : 24;
	86A : 64;
	86B : 80;
	86C : 64;
	86D : 64;
	86E : 64;
	86F : 84;
	870 : 84;
	871 : 64;
	872 : 80;
	873 : 64;
	874 : 24;
	875 : 24;
	876 : 24;
	877 : 24;
	878 : 24;
	879 : 24;
	87A : 24;
	87B : 24;
	87C : 24;
	87D : 24;
	87E : A4;
	87F : 24;
	880 : 24;
	881 : 24;
	882 : 24;
	883 : 24;
	884 : 64;
	885 : E0;
	886 : 80;
	887 : 64;
	888 : 24;
	889 : 64;
	88A : 24;
	88B : 64;
	88C : 64;
	88D : A0;
	88E : 84;
	88F : 24;
	890 : 64;
	891 : 24;
	892 : 24;
	893 : 24;
	894 : 24;
	895 : 24;
	896 : 24;
	897 : 64;
	898 : F8;
	899 : 60;
	89A : 64;
	89B : 24;
	89C : 64;
	89D : A0;
	89E : A4;
	89F : 64;
	8A0 : 64;
	8A1 : 24;
	8A2 : A0;
	8A3 : 64;
	8A4 : 64;
	8A5 : 24;
	8A6 : 24;
	8A7 : 00;
	8A8 : 24;
	8A9 : 24;
	8AA : 24;
	8AB : 24;
	8AC : 80;
	8AD : A0;
	8AE : A0;
	8AF : A0;
	8B0 : 64;
	8B1 : 64;
	8B2 : 80;
	8B3 : 24;
	8B4 : 24;
	8B5 : 24;
	8B6 : 24;
	8B7 : 24;
	8B8 : 24;
	8B9 : 24;
	8BA : 20;
	8BB : 24;
	8BC : 24;
	8BD : 64;
	8BE : 80;
	8BF : 60;
	8C0 : 20;
	8C1 : 24;
	8C2 : 64;
	8C3 : 60;
	8C4 : A0;
	8C5 : F4;
	8C6 : 80;
	8C7 : EC;
	8C8 : 80;
	8C9 : 64;
	8CA : 84;
	8CB : 84;
	8CC : E4;
	8CD : F4;
	8CE : E0;
	8CF : 64;
	8D0 : 24;
	8D1 : 24;
	8D2 : 24;
	8D3 : 6C;
	8D4 : 24;
	8D5 : 64;
	8D6 : EC;
	8D7 : 84;
	8D8 : 64;
	8D9 : EC;
	8DA : 64;
	8DB : 24;
	8DC : 64;
	8DD : 80;
	8DE : F8;
	8DF : F4;
	8E0 : A0;
	8E1 : C4;
	8E2 : 80;
	8E3 : 64;
	8E4 : 24;
	8E5 : 24;
	8E6 : 24;
	8E7 : 24;
	8E8 : 24;
	8E9 : 24;
	8EA : 24;
	8EB : 24;
	8EC : 64;
	8ED : E4;
	8EE : F8;
	8EF : 84;
	8F0 : 64;
	8F1 : 64;
	8F2 : F0;
	8F3 : 24;
	8F4 : 24;
	8F5 : 24;
	8F6 : 24;
	8F7 : 24;
	8F8 : 24;
	8F9 : 24;
	8FA : 24;
	8FB : 24;
	8FC : 6C;
	8FD : 64;
	8FE : A0;
	8FF : 80;
	900 : 20;
	901 : 24;
	902 : 24;
	903 : 24;
	904 : 24;
	905 : A0;
	906 : 64;
	907 : 64;
	908 : 20;
	909 : 60;
	90A : EC;
	90B : 64;
	90C : 64;
	90D : 64;
	90E : 64;
	90F : A0;
	910 : 64;
	911 : 64;
	912 : 64;
	913 : 64;
	914 : 64;
	915 : A0;
	916 : 64;
	917 : 64;
	918 : 64;
	919 : 64;
	91A : 64;
	91B : 64;
	91C : 64;
	91D : 84;
	91E : C0;
	91F : 84;
	920 : 64;
	921 : A4;
	922 : E4;
	923 : 64;
	924 : 24;
	925 : 24;
	926 : 24;
	927 : 24;
	928 : 24;
	929 : 24;
	92A : 24;
	92B : 24;
	92C : 64;
	92D : 60;
	92E : 84;
	92F : A0;
	930 : 80;
	931 : 84;
	932 : A0;
	933 : 24;
	934 : 24;
	935 : 24;
	936 : 24;
	937 : 24;
	938 : 24;
	939 : 24;
	93A : 24;
	93B : 24;
	93C : 64;
	93D : A4;
	93E : 60;
	93F : 20;
	940 : 24;
	941 : 24;
	942 : 24;
	943 : 24;
	944 : 24;
	945 : 60;
	946 : 24;
	947 : 24;
	948 : 24;
	949 : 64;
	94A : C4;
	94B : 64;
	94C : 24;
	94D : 24;
	94E : 64;
	94F : 84;
	950 : A0;
	951 : 84;
	952 : 64;
	953 : 84;
	954 : A0;
	955 : 60;
	956 : 24;
	957 : 24;
	958 : 64;
	959 : 64;
	95A : 80;
	95B : 64;
	95C : 84;
	95D : F4;
	95E : 84;
	95F : 64;
	960 : 64;
	961 : 64;
	962 : 80;
	963 : 84;
	964 : 24;
	965 : 64;
	966 : 20;
	967 : 24;
	968 : 24;
	969 : 24;
	96A : 24;
	96B : 24;
	96C : E4;
	96D : 64;
	96E : 64;
	96F : 64;
	970 : A0;
	971 : A0;
	972 : E4;
	973 : 64;
	974 : 24;
	975 : 24;
	976 : 24;
	977 : 00;
	978 : 24;
	979 : 24;
	97A : 24;
	97B : 64;
	97C : 84;
	97D : 80;
	97E : 64;
	97F : 64;
	980 : 24;
	981 : 24;
	982 : 24;
	983 : 24;
	984 : 24;
	985 : 20;
	986 : 64;
	987 : 24;
	988 : 64;
	989 : 60;
	98A : E4;
	98B : 84;
	98C : 64;
	98D : 24;
	98E : 64;
	98F : 64;
	990 : 84;
	991 : C4;
	992 : A4;
	993 : F8;
	994 : 80;
	995 : 20;
	996 : 24;
	997 : 24;
	998 : 64;
	999 : 64;
	99A : A0;
	99B : 84;
	99C : 64;
	99D : 84;
	99E : A0;
	99F : 64;
	9A0 : 64;
	9A1 : 64;
	9A2 : 64;
	9A3 : C0;
	9A4 : 64;
	9A5 : 64;
	9A6 : 24;
	9A7 : 24;
	9A8 : 24;
	9A9 : 24;
	9AA : 24;
	9AB : 80;
	9AC : 24;
	9AD : 24;
	9AE : 24;
	9AF : 24;
	9B0 : 84;
	9B1 : E4;
	9B2 : E0;
	9B3 : 60;
	9B4 : 24;
	9B5 : 24;
	9B6 : 24;
	9B7 : 24;
	9B8 : 24;
	9B9 : 24;
	9BA : 24;
	9BB : 84;
	9BC : C0;
	9BD : 60;
	9BE : 20;
	9BF : 24;
	9C0 : 24;
	9C1 : 24;
	9C2 : 24;
	9C3 : 24;
	9C4 : 24;
	9C5 : 60;
	9C6 : 24;
	9C7 : 80;
	9C8 : A0;
	9C9 : 80;
	9CA : A0;
	9CB : FD;
	9CC : 84;
	9CD : 84;
	9CE : 64;
	9CF : 64;
	9D0 : A4;
	9D1 : F8;
	9D2 : F8;
	9D3 : FC;
	9D4 : A0;
	9D5 : 60;
	9D6 : 24;
	9D7 : 24;
	9D8 : 64;
	9D9 : EC;
	9DA : 64;
	9DB : 64;
	9DC : 64;
	9DD : 64;
	9DE : 80;
	9DF : 84;
	9E0 : 84;
	9E1 : 84;
	9E2 : 84;
	9E3 : 80;
	9E4 : 80;
	9E5 : 60;
	9E6 : 24;
	9E7 : 24;
	9E8 : 00;
	9E9 : 24;
	9EA : 64;
	9EB : 64;
	9EC : 64;
	9ED : 24;
	9EE : 24;
	9EF : 24;
	9F0 : 24;
	9F1 : 64;
	9F2 : F8;
	9F3 : C0;
	9F4 : 20;
	9F5 : 64;
	9F6 : 24;
	9F7 : 24;
	9F8 : 24;
	9F9 : A4;
	9FA : 80;
	9FB : 64;
	9FC : 64;
	9FD : 84;
	9FE : 24;
	9FF : 24;
	A00 : 24;
	A01 : 24;
	A02 : 24;
	A03 : 24;
	A04 : 24;
	A05 : 80;
	A06 : 60;
	A07 : 20;
	A08 : 24;
	A09 : 64;
	A0A : 64;
	A0B : 84;
	A0C : C0;
	A0D : A0;
	A0E : 64;
	A0F : 84;
	A10 : E4;
	A11 : E4;
	A12 : A0;
	A13 : A0;
	A14 : C0;
	A15 : 60;
	A16 : 64;
	A17 : 64;
	A18 : 60;
	A19 : 60;
	A1A : 20;
	A1B : 24;
	A1C : 24;
	A1D : 64;
	A1E : 64;
	A1F : E4;
	A20 : C4;
	A21 : E4;
	A22 : C0;
	A23 : E4;
	A24 : F0;
	A25 : 20;
	A26 : 24;
	A27 : 24;
	A28 : 24;
	A29 : 24;
	A2A : C4;
	A2B : 24;
	A2C : 24;
	A2D : 24;
	A2E : 24;
	A2F : 24;
	A30 : 24;
	A31 : 24;
	A32 : 80;
	A33 : 60;
	A34 : 24;
	A35 : 24;
	A36 : 24;
	A37 : 24;
	A38 : 24;
	A39 : 24;
	A3A : 24;
	A3B : 6C;
	A3C : 64;
	A3D : 60;
	A3E : 24;
	A3F : 24;
	A40 : 24;
	A41 : 24;
	A42 : 24;
	A43 : 24;
	A44 : 84;
	A45 : 64;
	A46 : 20;
	A47 : 24;
	A48 : 24;
	A49 : 24;
	A4A : 24;
	A4B : 64;
	A4C : 84;
	A4D : F0;
	A4E : 80;
	A4F : C4;
	A50 : A0;
	A51 : 80;
	A52 : 64;
	A53 : 64;
	A54 : 64;
	A55 : 60;
	A56 : 60;
	A57 : 64;
	A58 : 80;
	A59 : 60;
	A5A : 20;
	A5B : 24;
	A5C : 24;
	A5D : 64;
	A5E : 64;
	A5F : E4;
	A60 : 64;
	A61 : 64;
	A62 : 64;
	A63 : 64;
	A64 : C0;
	A65 : 60;
	A66 : 64;
	A67 : 24;
	A68 : 64;
	A69 : 60;
	A6A : 60;
	A6B : 24;
	A6C : 24;
	A6D : 24;
	A6E : 24;
	A6F : 24;
	A70 : 64;
	A71 : 24;
	A72 : A0;
	A73 : 64;
	A74 : 24;
	A75 : 6C;
	A76 : 24;
	A77 : 24;
	A78 : 24;
	A79 : 24;
	A7A : 64;
	A7B : 24;
	A7C : 64;
	A7D : 20;
	A7E : 20;
	A7F : 20;
	A80 : 24;
	A81 : 24;
	A82 : 24;
	A83 : 64;
	A84 : 60;
	A85 : 20;
	A86 : 6C;
	A87 : 24;
	A88 : 24;
	A89 : 24;
	A8A : 24;
	A8B : 24;
	A8C : 64;
	A8D : A0;
	A8E : C0;
	A8F : E0;
	A90 : 64;
	A91 : 64;
	A92 : 24;
	A93 : 24;
	A94 : 24;
	A95 : 24;
	A96 : 60;
	A97 : 20;
	A98 : 60;
	A99 : 60;
	A9A : 24;
	A9B : 24;
	A9C : 24;
	A9D : 24;
	A9E : 84;
	A9F : 80;
	AA0 : 64;
	AA1 : 24;
	AA2 : 64;
	AA3 : 60;
	AA4 : F8;
	AA5 : 60;
	AA6 : 64;
	AA7 : 64;
	AA8 : 64;
	AA9 : C0;
	AAA : 64;
	AAB : 24;
	AAC : 24;
	AAD : 24;
	AAE : 24;
	AAF : 24;
	AB0 : 24;
	AB1 : 24;
	AB2 : 80;
	AB3 : 64;
	AB4 : 24;
	AB5 : 24;
	AB6 : 24;
	AB7 : 24;
	AB8 : 24;
	AB9 : 24;
	ABA : 24;
	ABB : 24;
	ABC : 64;
	ABD : 60;
	ABE : C0;
	ABF : 64;
	AC0 : 20;
	AC1 : 20;
	AC2 : 80;
	AC3 : 60;
	AC4 : 20;
	AC5 : 24;
	AC6 : 24;
	AC7 : 24;
	AC8 : 24;
	AC9 : 24;
	ACA : 24;
	ACB : 24;
	ACC : 24;
	ACD : 80;
	ACE : E4;
	ACF : 84;
	AD0 : 24;
	AD1 : 24;
	AD2 : 24;
	AD3 : 24;
	AD4 : 24;
	AD5 : 24;
	AD6 : 24;
	AD7 : 20;
	AD8 : 60;
	AD9 : E0;
	ADA : 20;
	ADB : 24;
	ADC : 64;
	ADD : 64;
	ADE : C0;
	ADF : 64;
	AE0 : 64;
	AE1 : 64;
	AE2 : 64;
	AE3 : 84;
	AE4 : EC;
	AE5 : 80;
	AE6 : 84;
	AE7 : 84;
	AE8 : 80;
	AE9 : E4;
	AEA : 20;
	AEB : 64;
	AEC : 24;
	AED : 24;
	AEE : 24;
	AEF : 24;
	AF0 : 64;
	AF1 : 24;
	AF2 : 64;
	AF3 : 24;
	AF4 : 24;
	AF5 : 24;
	AF6 : 24;
	AF7 : 24;
	AF8 : 64;
	AF9 : 64;
	AFA : 64;
	AFB : 64;
	AFC : 20;
	AFD : 64;
	AFE : 64;
	AFF : F4;
	B00 : 60;
	B01 : 20;
	B02 : 20;
	B03 : 24;
	B04 : 24;
	B05 : 24;
	B06 : 24;
	B07 : 24;
	B08 : 24;
	B09 : 24;
	B0A : 24;
	B0B : 24;
	B0C : 24;
	B0D : 80;
	B0E : C0;
	B0F : 64;
	B10 : 24;
	B11 : 24;
	B12 : 24;
	B13 : 24;
	B14 : 24;
	B15 : 24;
	B16 : 24;
	B17 : 24;
	B18 : 20;
	B19 : 80;
	B1A : 80;
	B1B : 80;
	B1C : 84;
	B1D : EC;
	B1E : 80;
	B1F : EC;
	B20 : 84;
	B21 : 84;
	B22 : A0;
	B23 : F0;
	B24 : EC;
	B25 : 80;
	B26 : 80;
	B27 : A0;
	B28 : C0;
	B29 : C0;
	B2A : 60;
	B2B : 24;
	B2C : 24;
	B2D : 24;
	B2E : 6D;
	B2F : 24;
	B30 : 24;
	B31 : 80;
	B32 : 84;
	B33 : 8C;
	B34 : 64;
	B35 : 84;
	B36 : 84;
	B37 : 84;
	B38 : 84;
	B39 : 84;
	B3A : 64;
	B3B : 64;
	B3C : 24;
	B3D : 24;
	B3E : 64;
	B3F : E0;
	B40 : F0;
	B41 : 20;
	B42 : 24;
	B43 : 24;
	B44 : 24;
	B45 : 24;
	B46 : 24;
	B47 : 24;
	B48 : 24;
	B49 : 24;
	B4A : 24;
	B4B : 24;
	B4C : 20;
	B4D : 80;
	B4E : 84;
	B4F : 64;
	B50 : 24;
	B51 : 24;
	B52 : 24;
	B53 : 24;
	B54 : 24;
	B55 : 24;
	B56 : 24;
	B57 : 24;
	B58 : 64;
	B59 : 64;
	B5A : C4;
	B5B : F4;
	B5C : 84;
	B5D : 64;
	B5E : 64;
	B5F : 64;
	B60 : 64;
	B61 : 60;
	B62 : 84;
	B63 : A4;
	B64 : 84;
	B65 : 24;
	B66 : 64;
	B67 : 64;
	B68 : 64;
	B69 : E0;
	B6A : 60;
	B6B : 64;
	B6C : 24;
	B6D : 24;
	B6E : 24;
	B6F : 80;
	B70 : 64;
	B71 : 64;
	B72 : 64;
	B73 : 60;
	B74 : 80;
	B75 : A0;
	B76 : E0;
	B77 : E4;
	B78 : E4;
	B79 : E4;
	B7A : 20;
	B7B : 24;
	B7C : 24;
	B7D : 64;
	B7E : 80;
	B7F : 80;
	B80 : 20;
	B81 : E4;
	B82 : 20;
	B83 : 24;
	B84 : 24;
	B85 : 24;
	B86 : 24;
	B87 : 24;
	B88 : 24;
	B89 : 24;
	B8A : 24;
	B8B : 20;
	B8C : 60;
	B8D : C0;
	B8E : 64;
	B8F : 24;
	B90 : 24;
	B91 : 24;
	B92 : 24;
	B93 : 24;
	B94 : 24;
	B95 : 00;
	B96 : 00;
	B97 : 24;
	B98 : 24;
	B99 : 24;
	B9A : 60;
	B9B : C0;
	B9C : 64;
	B9D : 24;
	B9E : 24;
	B9F : 24;
	BA0 : 20;
	BA1 : 64;
	BA2 : 64;
	BA3 : 84;
	BA4 : 64;
	BA5 : 24;
	BA6 : 24;
	BA7 : 24;
	BA8 : 64;
	BA9 : A0;
	BAA : 80;
	BAB : 84;
	BAC : 80;
	BAD : C4;
	BAE : 20;
	BAF : 24;
	BB0 : 6C;
	BB1 : 24;
	BB2 : 24;
	BB3 : 24;
	BB4 : 20;
	BB5 : 24;
	BB6 : 24;
	BB7 : 64;
	BB8 : 84;
	BB9 : E0;
	BBA : 84;
	BBB : 64;
	BBC : 24;
	BBD : 60;
	BBE : 64;
	BBF : 24;
	BC0 : 64;
	BC1 : 24;
	BC2 : A4;
	BC3 : 24;
	BC4 : 20;
	BC5 : 20;
	BC6 : 24;
	BC7 : 24;
	BC8 : 20;
	BC9 : 20;
	BCA : 20;
	BCB : 60;
	BCC : A4;
	BCD : E4;
	BCE : 24;
	BCF : 24;
	BD0 : 24;
	BD1 : 24;
	BD2 : 24;
	BD3 : 24;
	BD4 : 24;
	BD5 : 00;
	BD6 : 24;
	BD7 : 24;
	BD8 : 24;
	BD9 : 24;
	BDA : 60;
	BDB : C0;
	BDC : 64;
	BDD : 24;
	BDE : 24;
	BDF : 24;
	BE0 : 24;
	BE1 : 64;
	BE2 : 84;
	BE3 : A0;
	BE4 : 64;
	BE5 : 64;
	BE6 : 24;
	BE7 : 24;
	BE8 : 20;
	BE9 : 60;
	BEA : 84;
	BEB : 64;
	BEC : 64;
	BED : 20;
	BEE : 24;
	BEF : 24;
	BF0 : 24;
	BF1 : 24;
	BF2 : 24;
	BF3 : 00;
	BF4 : 24;
	BF5 : 24;
	BF6 : 24;
	BF7 : 24;
	BF8 : 64;
	BF9 : 84;
	BFA : E4;
	BFB : 64;
	BFC : 64;
	BFD : 60;
	BFE : 24;
	BFF : 24;
	C00 : 24;
	C01 : 24;
	C02 : 24;
	C03 : 20;
	C04 : 60;
	C05 : 60;
	C06 : 60;
	C07 : 60;
	C08 : C0;
	C09 : F4;
	C0A : 80;
	C0B : 20;
	C0C : 64;
	C0D : 64;
	C0E : 64;
	C0F : 24;
	C10 : 24;
	C11 : 24;
	C12 : 24;
	C13 : 24;
	C14 : 20;
	C15 : 24;
	C16 : 24;
	C17 : 24;
	C18 : 24;
	C19 : 24;
	C1A : 20;
	C1B : 80;
	C1C : 84;
	C1D : 64;
	C1E : 24;
	C1F : 24;
	C20 : 64;
	C21 : 64;
	C22 : 84;
	C23 : F4;
	C24 : 60;
	C25 : 24;
	C26 : 24;
	C27 : 24;
	C28 : 24;
	C29 : 64;
	C2A : AC;
	C2B : 64;
	C2C : EC;
	C2D : 24;
	C2E : 64;
	C2F : 24;
	C30 : 24;
	C31 : 24;
	C32 : 00;
	C33 : 24;
	C34 : 24;
	C35 : 24;
	C36 : 24;
	C37 : 24;
	C38 : 64;
	C39 : 64;
	C3A : C4;
	C3B : C0;
	C3C : 84;
	C3D : 24;
	C3E : 24;
	C3F : 24;
	C40 : 24;
	C41 : 24;
	C42 : 24;
	C43 : 24;
	C44 : 24;
	C45 : 24;
	C46 : 60;
	C47 : C0;
	C48 : 20;
	C49 : 60;
	C4A : 80;
	C4B : 64;
	C4C : 24;
	C4D : 24;
	C4E : 60;
	C4F : 24;
	C50 : 24;
	C51 : 24;
	C52 : 24;
	C53 : 24;
	C54 : 00;
	C55 : 24;
	C56 : 24;
	C57 : 24;
	C58 : 24;
	C59 : 20;
	C5A : 64;
	C5B : A0;
	C5C : 80;
	C5D : 64;
	C5E : 64;
	C5F : 20;
	C60 : 64;
	C61 : A4;
	C62 : A0;
	C63 : 80;
	C64 : C0;
	C65 : 64;
	C66 : 64;
	C67 : 24;
	C68 : 24;
	C69 : 84;
	C6A : A4;
	C6B : 80;
	C6C : 64;
	C6D : 6C;
	C6E : 24;
	C6F : 24;
	C70 : 24;
	C71 : 24;
	C72 : 24;
	C73 : 24;
	C74 : 24;
	C75 : 24;
	C76 : 24;
	C77 : 24;
	C78 : 64;
	C79 : 20;
	C7A : C4;
	C7B : E0;
	C7C : 60;
	C7D : 24;
	C7E : 24;
	C7F : 24;
	C80 : 24;
	C81 : 24;
	C82 : 24;
	C83 : 24;
	C84 : 24;
	C85 : 20;
	C86 : 64;
	C87 : 60;
	C88 : 24;
	C89 : 24;
	C8A : 24;
	C8B : 64;
	C8C : E4;
	C8D : 64;
	C8E : E0;
	C8F : 64;
	C90 : 20;
	C91 : 20;
	C92 : 20;
	C93 : 24;
	C94 : 64;
	C95 : 6D;
	C96 : 64;
	C97 : 24;
	C98 : 24;
	C99 : 60;
	C9A : A0;
	C9B : A0;
	C9C : C0;
	C9D : E4;
	C9E : EC;
	C9F : 60;
	CA0 : 64;
	CA1 : 20;
	CA2 : 64;
	CA3 : 64;
	CA4 : 64;
	CA5 : 64;
	CA6 : 60;
	CA7 : 64;
	CA8 : 64;
	CA9 : A0;
	CAA : C0;
	CAB : EC;
	CAC : 24;
	CAD : 24;
	CAE : 24;
	CAF : 24;
	CB0 : 24;
	CB1 : 24;
	CB2 : 24;
	CB3 : 24;
	CB4 : 24;
	CB5 : 24;
	CB6 : 24;
	CB7 : 24;
	CB8 : 20;
	CB9 : 64;
	CBA : 64;
	CBB : 64;
	CBC : 64;
	CBD : 24;
	CBE : 24;
	CBF : 24;
	CC0 : 24;
	CC1 : 24;
	CC2 : 20;
	CC3 : 24;
	CC4 : 24;
	CC5 : 24;
	CC6 : 24;
	CC7 : 20;
	CC8 : 24;
	CC9 : 24;
	CCA : 24;
	CCB : 24;
	CCC : 24;
	CCD : 64;
	CCE : A0;
	CCF : C0;
	CD0 : C4;
	CD1 : 20;
	CD2 : 20;
	CD3 : 80;
	CD4 : 60;
	CD5 : 60;
	CD6 : 80;
	CD7 : 80;
	CD8 : A0;
	CD9 : 80;
	CDA : 64;
	CDB : 24;
	CDC : 24;
	CDD : 84;
	CDE : 80;
	CDF : 20;
	CE0 : 24;
	CE1 : 24;
	CE2 : 24;
	CE3 : 24;
	CE4 : 24;
	CE5 : 24;
	CE6 : 64;
	CE7 : A0;
	CE8 : EC;
	CE9 : C0;
	CEA : A4;
	CEB : 80;
	CEC : 64;
	CED : 24;
	CEE : 24;
	CEF : 24;
	CF0 : 24;
	CF1 : 24;
	CF2 : 24;
	CF3 : 24;
	CF4 : 24;
	CF5 : 24;
	CF6 : 24;
	CF7 : 24;
	CF8 : 20;
	CF9 : 60;
	CFA : 24;
	CFB : 24;
	CFC : E4;
	CFD : 24;
	CFE : 24;
	CFF : 24;
	D00 : 24;
	D01 : 24;
	D02 : 24;
	D03 : 20;
	D04 : E4;
	D05 : 64;
	D06 : 60;
	D07 : 20;
	D08 : 24;
	D09 : 24;
	D0A : 00;
	D0B : 24;
	D0C : 64;
	D0D : 24;
	D0E : 64;
	D0F : C0;
	D10 : 24;
	D11 : 24;
	D12 : 24;
	D13 : 24;
	D14 : 64;
	D15 : 84;
	D16 : E0;
	D17 : A0;
	D18 : 84;
	D19 : 20;
	D1A : 24;
	D1B : 24;
	D1C : 24;
	D1D : 60;
	D1E : 60;
	D1F : 64;
	D20 : 24;
	D21 : 24;
	D22 : 24;
	D23 : 24;
	D24 : 24;
	D25 : 24;
	D26 : 24;
	D27 : 24;
	D28 : 60;
	D29 : 84;
	D2A : 84;
	D2B : 84;
	D2C : 24;
	D2D : 24;
	D2E : 24;
	D2F : 24;
	D30 : 24;
	D31 : 24;
	D32 : 24;
	D33 : 24;
	D34 : 24;
	D35 : 24;
	D36 : 24;
	D37 : 20;
	D38 : 60;
	D39 : 64;
	D3A : 24;
	D3B : 24;
	D3C : 80;
	D3D : 80;
	D3E : C4;
	D3F : 24;
	D40 : 24;
	D41 : 24;
	D42 : 24;
	D43 : 24;
	D44 : F4;
	D45 : 20;
	D46 : 64;
	D47 : 60;
	D48 : 24;
	D49 : 24;
	D4A : 24;
	D4B : 24;
	D4C : 24;
	D4D : 24;
	D4E : 24;
	D4F : C0;
	D50 : 20;
	D51 : 24;
	D52 : 24;
	D53 : 64;
	D54 : 64;
	D55 : F0;
	D56 : F4;
	D57 : 80;
	D58 : 20;
	D59 : 24;
	D5A : 24;
	D5B : 24;
	D5C : 24;
	D5D : F0;
	D5E : 20;
	D5F : 24;
	D60 : 24;
	D61 : 24;
	D62 : 24;
	D63 : 24;
	D64 : 24;
	D65 : 24;
	D66 : 24;
	D67 : 24;
	D68 : 64;
	D69 : 80;
	D6A : C0;
	D6B : A0;
	D6C : 64;
	D6D : 24;
	D6E : 24;
	D6F : 24;
	D70 : 24;
	D71 : 24;
	D72 : 24;
	D73 : 24;
	D74 : 24;
	D75 : 24;
	D76 : 24;
	D77 : 20;
	D78 : 60;
	D79 : 64;
	D7A : 24;
	D7B : 24;
	D7C : 64;
	D7D : 84;
	D7E : 24;
	D7F : 24;
	D80 : 24;
	D81 : 24;
	D82 : 24;
	D83 : EC;
	D84 : 24;
	D85 : 24;
	D86 : 24;
	D87 : 60;
	D88 : 24;
	D89 : 24;
	D8A : 24;
	D8B : 64;
	D8C : 64;
	D8D : 24;
	D8E : 24;
	D8F : 64;
	D90 : 20;
	D91 : 24;
	D92 : 24;
	D93 : 64;
	D94 : A4;
	D95 : 64;
	D96 : 84;
	D97 : C0;
	D98 : 24;
	D99 : 24;
	D9A : 24;
	D9B : 64;
	D9C : 24;
	D9D : A4;
	D9E : 20;
	D9F : 00;
	DA0 : 24;
	DA1 : 24;
	DA2 : 24;
	DA3 : 24;
	DA4 : 24;
	DA5 : 24;
	DA6 : 24;
	DA7 : 24;
	DA8 : 64;
	DA9 : 64;
	DAA : C0;
	DAB : C4;
	DAC : AC;
	DAD : 64;
	DAE : 24;
	DAF : 24;
	DB0 : 24;
	DB1 : 24;
	DB2 : 24;
	DB3 : 24;
	DB4 : 24;
	DB5 : 24;
	DB6 : 20;
	DB7 : A0;
	DB8 : F4;
	DB9 : C0;
	DBA : 60;
	DBB : 64;
	DBC : 80;
	DBD : C0;
	DBE : 24;
	DBF : 24;
	DC0 : 24;
	DC1 : 24;
	DC2 : 24;
	DC3 : 24;
	DC4 : 24;
	DC5 : 24;
	DC6 : 24;
	DC7 : 84;
	DC8 : 84;
	DC9 : F0;
	DCA : 60;
	DCB : 24;
	DCC : 20;
	DCD : 24;
	DCE : 24;
	DCF : 60;
	DD0 : 60;
	DD1 : 24;
	DD2 : 24;
	DD3 : 84;
	DD4 : 64;
	DD5 : 24;
	DD6 : 24;
	DD7 : 64;
	DD8 : 60;
	DD9 : 24;
	DDA : 24;
	DDB : 24;
	DDC : 24;
	DDD : 60;
	DDE : 24;
	DDF : 24;
	DE0 : 24;
	DE1 : 24;
	DE2 : 24;
	DE3 : 64;
	DE4 : 24;
	DE5 : 64;
	DE6 : 64;
	DE7 : 64;
	DE8 : 64;
	DE9 : 64;
	DEA : A0;
	DEB : F8;
	DEC : A4;
	DED : 20;
	DEE : 64;
	DEF : 20;
	DF0 : 24;
	DF1 : 24;
	DF2 : 24;
	DF3 : 24;
	DF4 : 6C;
	DF5 : 20;
	DF6 : 60;
	DF7 : E4;
	DF8 : 60;
	DF9 : 64;
	DFA : 24;
	DFB : 24;
	DFC : 20;
	DFD : 20;
	DFE : 60;
	DFF : 24;
	E00 : 20;
	E01 : 24;
	E02 : C4;
	E03 : 20;
	E04 : 24;
	E05 : 24;
	E06 : 64;
	E07 : EC;
	E08 : 80;
	E09 : 20;
	E0A : 20;
	E0B : 6C;
	E0C : 64;
	E0D : 6C;
	E0E : 24;
	E0F : 24;
	E10 : A0;
	E11 : 84;
	E12 : EC;
	E13 : 24;
	E14 : 24;
	E15 : 24;
	E16 : 24;
	E17 : 64;
	E18 : 60;
	E19 : 24;
	E1A : 24;
	E1B : 24;
	E1C : 24;
	E1D : 60;
	E1E : 24;
	E1F : 24;
	E20 : 24;
	E21 : 24;
	E22 : 24;
	E23 : 60;
	E24 : E4;
	E25 : 64;
	E26 : 64;
	E27 : 80;
	E28 : A4;
	E29 : 84;
	E2A : C0;
	E2B : E4;
	E2C : F8;
	E2D : A4;
	E2E : 64;
	E2F : 60;
	E30 : 64;
	E31 : 64;
	E32 : 64;
	E33 : 24;
	E34 : 20;
	E35 : 60;
	E36 : A0;
	E37 : 20;
	E38 : 24;
	E39 : 24;
	E3A : 24;
	E3B : 24;
	E3C : 24;
	E3D : 24;
	E3E : 24;
	E3F : 60;
	E40 : 20;
	E41 : A4;
	E42 : 24;
	E43 : 24;
	E44 : 24;
	E45 : 24;
	E46 : 60;
	E47 : 60;
	E48 : 20;
	E49 : 24;
	E4A : 24;
	E4B : 24;
	E4C : 24;
	E4D : 24;
	E4E : 24;
	E4F : 24;
	E50 : 84;
	E51 : 64;
	E52 : 24;
	E53 : 24;
	E54 : 24;
	E55 : 24;
	E56 : 24;
	E57 : 64;
	E58 : 60;
	E59 : 24;
	E5A : 24;
	E5B : 24;
	E5C : 24;
	E5D : 60;
	E5E : 24;
	E5F : 24;
	E60 : 24;
	E61 : 20;
	E62 : C0;
	E63 : 64;
	E64 : 64;
	E65 : 24;
	E66 : 24;
	E67 : 64;
	E68 : 20;
	E69 : A0;
	E6A : F4;
	E6B : A4;
	E6C : A0;
	E6D : FC;
	E6E : C4;
	E6F : A0;
	E70 : 84;
	E71 : 80;
	E72 : 80;
	E73 : A0;
	E74 : 60;
	E75 : 80;
	E76 : F0;
	E77 : 24;
	E78 : 24;
	E79 : 24;
	E7A : 24;
	E7B : 24;
	E7C : 24;
	E7D : 24;
	E7E : 24;
	E7F : 20;
	E80 : 20;
	E81 : 20;
	E82 : 24;
	E83 : 24;
	E84 : 24;
	E85 : 24;
	E86 : F4;
	E87 : 20;
	E88 : 24;
	E89 : 24;
	E8A : 24;
	E8B : 24;
	E8C : 24;
	E8D : 24;
	E8E : 24;
	E8F : 24;
	E90 : A0;
	E91 : 24;
	E92 : 24;
	E93 : 24;
	E94 : 20;
	E95 : 20;
	E96 : 60;
	E97 : 20;
	E98 : 60;
	E99 : E4;
	E9A : C0;
	E9B : C0;
	E9C : 20;
	E9D : 20;
	E9E : 64;
	E9F : 64;
	EA0 : 60;
	EA1 : 60;
	EA2 : 24;
	EA3 : 24;
	EA4 : 24;
	EA5 : 24;
	EA6 : 24;
	EA7 : 24;
	EA8 : 24;
	EA9 : 20;
	EAA : C0;
	EAB : 64;
	EAC : 84;
	EAD : E4;
	EAE : A4;
	EAF : A0;
	EB0 : F8;
	EB1 : A4;
	EB2 : 64;
	EB3 : 24;
	EB4 : 24;
	EB5 : 24;
	EB6 : 60;
	EB7 : 20;
	EB8 : 24;
	EB9 : 24;
	EBA : 24;
	EBB : 24;
	EBC : 24;
	EBD : 24;
	EBE : 24;
	EBF : 24;
	EC0 : 20;
	EC1 : 20;
	EC2 : 24;
	EC3 : 24;
	EC4 : 24;
	EC5 : 64;
	EC6 : 20;
	EC7 : 24;
	EC8 : 24;
	EC9 : 24;
	ECA : 24;
	ECB : 24;
	ECC : 24;
	ECD : 24;
	ECE : 24;
	ECF : 20;
	ED0 : EC;
	ED1 : 24;
	ED2 : 24;
	ED3 : 24;
	ED4 : 20;
	ED5 : 24;
	ED6 : 24;
	ED7 : 24;
	ED8 : 20;
	ED9 : 60;
	EDA : 24;
	EDB : 24;
	EDC : 24;
	EDD : 24;
	EDE : 24;
	EDF : C0;
	EE0 : 64;
	EE1 : 64;
	EE2 : 24;
	EE3 : 24;
	EE4 : 24;
	EE5 : 24;
	EE6 : 24;
	EE7 : 24;
	EE8 : 24;
	EE9 : 24;
	EEA : 80;
	EEB : 64;
	EEC : 64;
	EED : F8;
	EEE : 64;
	EEF : 64;
	EF0 : 64;
	EF1 : A0;
	EF2 : 64;
	EF3 : 24;
	EF4 : 24;
	EF5 : 24;
	EF6 : 24;
	EF7 : C4;
	EF8 : 24;
	EF9 : 24;
	EFA : 24;
	EFB : 24;
	EFC : 24;
	EFD : 00;
	EFE : 24;
	EFF : 64;
	F00 : 20;
	F01 : 20;
	F02 : 24;
	F03 : 24;
	F04 : A0;
	F05 : 20;
	F06 : 24;
	F07 : 24;
	F08 : 24;
	F09 : 24;
	F0A : 24;
	F0B : 24;
	F0C : 24;
	F0D : 24;
	F0E : 24;
	F0F : 60;
	F10 : 80;
	F11 : 24;
	F12 : 24;
	F13 : 20;
	F14 : 24;
	F15 : 24;
	F16 : 24;
	F17 : 24;
	F18 : 24;
	F19 : 20;
	F1A : 24;
	F1B : 24;
	F1C : 24;
	F1D : 24;
	F1E : 24;
	F1F : 64;
	F20 : 24;
	F21 : 24;
	F22 : 24;
	F23 : 24;
	F24 : 24;
	F25 : 24;
	F26 : 24;
	F27 : 24;
	F28 : 24;
	F29 : 24;
	F2A : 60;
	F2B : 64;
	F2C : 64;
	F2D : CC;
	F2E : 24;
	F2F : 24;
	F30 : 64;
	F31 : 24;
	F32 : 60;
	F33 : 24;
	F34 : 24;
	F35 : 24;
	F36 : 24;
	F37 : A0;
	F38 : 24;
	F39 : 24;
	F3A : 24;
	F3B : 24;
	F3C : 24;
	F3D : 24;
	F3E : 24;
	F3F : 00;
	F40 : 20;
	F41 : 20;
	F42 : 24;
	F43 : C4;
	F44 : 20;
	F45 : 24;
	F46 : 24;
	F47 : 24;
	F48 : 24;
	F49 : 24;
	F4A : 24;
	F4B : 24;
	F4C : 24;
	F4D : 20;
	F4E : 24;
	F4F : 24;
	F50 : 84;
	F51 : 60;
	F52 : 20;
	F53 : 24;
	F54 : 24;
	F55 : 24;
	F56 : 24;
	F57 : 20;
	F58 : 24;
	F59 : 60;
	F5A : 24;
	F5B : 24;
	F5C : 24;
	F5D : 24;
	F5E : 24;
	F5F : 20;
	F60 : 24;
	F61 : 24;
	F62 : 24;
	F63 : 24;
	F64 : 24;
	F65 : 24;
	F66 : 24;
	F67 : 24;
	F68 : 24;
	F69 : 24;
	F6A : 20;
	F6B : 80;
	F6C : 64;
	F6D : A0;
	F6E : 24;
	F6F : 24;
	F70 : 24;
	F71 : 64;
	F72 : 24;
	F73 : 60;
	F74 : 64;
	F75 : 24;
	F76 : 24;
	F77 : C0;
	F78 : 20;
	F79 : 24;
	F7A : 24;
	F7B : 24;
	F7C : 00;
	F7D : 24;
	F7E : 24;
	F7F : 00;
	F80 : 80;
	F81 : 60;
	F82 : 24;
	F83 : 00;
	F84 : 24;
	F85 : 24;
	F86 : 24;
	F87 : 24;
	F88 : 24;
	F89 : 24;
	F8A : 24;
	F8B : 24;
	F8C : 24;
	F8D : 24;
	F8E : 24;
	F8F : 24;
	F90 : 60;
	F91 : E4;
	F92 : 20;
	F93 : 24;
	F94 : 24;
	F95 : 24;
	F96 : 24;
	F97 : 24;
	F98 : 24;
	F99 : C0;
	F9A : 60;
	F9B : 20;
	F9C : 20;
	F9D : 24;
	F9E : 60;
	F9F : 20;
	FA0 : 20;
	FA1 : 24;
	FA2 : 24;
	FA3 : 24;
	FA4 : 24;
	FA5 : 24;
	FA6 : 24;
	FA7 : 24;
	FA8 : 24;
	FA9 : 24;
	FAA : 60;
	FAB : EC;
	FAC : C0;
	FAD : C4;
	FAE : 64;
	FAF : 24;
	FB0 : 24;
	FB1 : 24;
	FB2 : 24;
	FB3 : 24;
	FB4 : A0;
	FB5 : 60;
	FB6 : 60;
	FB7 : 80;
	FB8 : 20;
	FB9 : 20;
	FBA : 24;
	FBB : 20;
	FBC : 24;
	FBD : 24;
	FBE : 24;
	FBF : 20;
	FC0 : 20;
	FC1 : 20;
	FC2 : 20;
	FC3 : 24;
	FC4 : 24;
	FC5 : 24;
	FC6 : 24;
	FC7 : 24;
	FC8 : 24;
	FC9 : 00;
	FCA : 24;
	FCB : 24;
	FCC : 24;
	FCD : 24;
	FCE : 24;
	FCF : 24;
	FD0 : A0;
	FD1 : 20;
	FD2 : 24;
	FD3 : 24;
	FD4 : 24;
	FD5 : 24;
	FD6 : 24;
	FD7 : 24;
	FD8 : 64;
	FD9 : A0;
	FDA : 64;
	FDB : 24;
	FDC : 24;
	FDD : 24;
	FDE : 20;
	FDF : C4;
	FE0 : 20;
	FE1 : 24;
	FE2 : 24;
	FE3 : 24;
	FE4 : 24;
	FE5 : 24;
	FE6 : 24;
	FE7 : 24;
	FE8 : 24;
	FE9 : 20;
	FEA : 20;
	FEB : 24;
	FEC : 24;
	FED : 24;
	FEE : E4;
	FEF : 24;
	FF0 : 24;
	FF1 : 24;
	FF2 : 24;
	FF3 : 24;
	FF4 : 24;
	FF5 : 80;
	FF6 : E4;
	FF7 : 80;
	FF8 : 20;
	FF9 : 20;
	FFA : 20;
	FFB : 60;
	FFC : 60;
	FFD : 00;
	FFE : 20;
	FFF : 20;
	1000 : 00;
	1001 : 00;
	1002 : 00;
	1003 : 00;
	1004 : 00;
	1005 : 00;
	1006 : 00;
	1007 : 00;
	1008 : 00;
	1009 : 00;
	100A : 00;
	100B : 00;
	100C : 00;
	100D : 00;
	100E : 00;
	100F : 00;
	1010 : 00;
	1011 : 00;
	1012 : 00;
	1013 : 00;
	1014 : 00;
	1015 : 00;
	1016 : 00;
	1017 : 00;
	1018 : 00;
	1019 : 00;
	101A : 00;
	101B : 00;
	101C : 00;
	101D : 00;
	101E : 00;
	101F : 00;
	1020 : 00;
	1021 : 00;
	1022 : 00;
	1023 : 00;
	1024 : 00;
	1025 : 00;
	1026 : 00;
	1027 : 00;
	1028 : 00;
	1029 : 00;
	102A : 00;
	102B : 00;
	102C : 00;
	102D : 00;
	102E : 00;
	102F : 00;
	1030 : 00;
	1031 : 00;
	1032 : 00;
	1033 : 00;
	1034 : 00;
	1035 : 00;
	1036 : 00;
	1037 : 00;
	1038 : 00;
	1039 : 00;
	103A : 00;
	103B : 00;
	103C : 00;
	103D : 00;
	103E : 00;
	103F : 00;
	1040 : 00;
	1041 : 00;
	1042 : 00;
	1043 : 00;
	1044 : 00;
	1045 : 00;
	1046 : 00;
	1047 : 00;
	1048 : 00;
	1049 : 00;
	104A : 00;
	104B : 00;
	104C : 00;
	104D : 00;
	104E : 00;
	104F : 00;
	1050 : 00;
	1051 : 00;
	1052 : 00;
	1053 : 00;
	1054 : 00;
	1055 : 00;
	1056 : 00;
	1057 : 00;
	1058 : 00;
	1059 : 00;
	105A : 00;
	105B : 00;
	105C : 00;
	105D : 00;
	105E : 00;
	105F : 00;
	1060 : 00;
	1061 : 00;
	1062 : 00;
	1063 : 00;
	1064 : 00;
	1065 : 00;
	1066 : 00;
	1067 : 00;
	1068 : 00;
	1069 : 00;
	106A : 00;
	106B : 00;
	106C : 00;
	106D : 00;
	106E : 00;
	106F : 00;
	1070 : 00;
	1071 : 00;
	1072 : 00;
	1073 : 00;
	1074 : 00;
	1075 : 00;
	1076 : 00;
	1077 : 00;
	1078 : 00;
	1079 : 00;
	107A : 00;
	107B : 00;
	107C : 00;
	107D : 00;
	107E : 00;
	107F : 00;
	1080 : 00;
	1081 : 00;
	1082 : 00;
	1083 : 00;
	1084 : 00;
	1085 : 00;
	1086 : 00;
	1087 : 00;
	1088 : 00;
	1089 : 00;
	108A : 00;
	108B : 00;
	108C : 00;
	108D : 00;
	108E : 00;
	108F : 00;
	1090 : 00;
	1091 : 00;
	1092 : 00;
	1093 : 00;
	1094 : 00;
	1095 : 00;
	1096 : 00;
	1097 : 00;
	1098 : 00;
	1099 : 00;
	109A : 00;
	109B : 00;
	109C : 00;
	109D : 00;
	109E : 00;
	109F : 00;
	10A0 : 00;
	10A1 : 00;
	10A2 : 00;
	10A3 : 00;
	10A4 : 00;
	10A5 : 00;
	10A6 : 00;
	10A7 : 00;
	10A8 : 00;
	10A9 : 00;
	10AA : 00;
	10AB : 00;
	10AC : 00;
	10AD : 00;
	10AE : 00;
	10AF : 00;
	10B0 : 00;
	10B1 : 00;
	10B2 : 00;
	10B3 : 00;
	10B4 : 00;
	10B5 : 00;
	10B6 : 00;
	10B7 : 00;
	10B8 : 00;
	10B9 : 00;
	10BA : 00;
	10BB : 00;
	10BC : 00;
	10BD : 00;
	10BE : 00;
	10BF : 00;
	10C0 : 00;
	10C1 : 00;
	10C2 : 00;
	10C3 : 00;
	10C4 : 00;
	10C5 : 00;
	10C6 : 00;
	10C7 : 00;
	10C8 : 00;
	10C9 : 00;
	10CA : 00;
	10CB : 00;
	10CC : 00;
	10CD : 00;
	10CE : 00;
	10CF : 00;
	10D0 : 00;
	10D1 : 00;
	10D2 : 00;
	10D3 : 00;
	10D4 : 00;
	10D5 : 00;
	10D6 : 00;
	10D7 : 00;
	10D8 : 00;
	10D9 : 00;
	10DA : 00;
	10DB : 00;
	10DC : 00;
	10DD : 00;
	10DE : 00;
	10DF : 00;
	10E0 : 00;
	10E1 : 00;
	10E2 : 00;
	10E3 : 00;
	10E4 : 00;
	10E5 : 00;
	10E6 : 00;
	10E7 : 00;
	10E8 : 00;
	10E9 : 00;
	10EA : 00;
	10EB : 00;
	10EC : 00;
	10ED : 00;
	10EE : 00;
	10EF : 00;
	10F0 : 00;
	10F1 : 00;
	10F2 : 00;
	10F3 : 00;
	10F4 : 00;
	10F5 : 00;
	10F6 : 00;
	10F7 : 00;
	10F8 : 00;
	10F9 : 00;
	10FA : 00;
	10FB : 00;
	10FC : 00;
	10FD : 00;
	10FE : 00;
	10FF : 00;
	1100 : 00;
	1101 : 00;
	1102 : 00;
	1103 : 00;
	1104 : 00;
	1105 : 00;
	1106 : 00;
	1107 : 00;
	1108 : 00;
	1109 : 00;
	110A : 00;
	110B : 00;
	110C : 00;
	110D : 00;
	110E : 00;
	110F : 00;
	1110 : 00;
	1111 : 00;
	1112 : 00;
	1113 : 00;
	1114 : 00;
	1115 : 00;
	1116 : 00;
	1117 : 00;
	1118 : 00;
	1119 : 00;
	111A : 00;
	111B : 00;
	111C : 00;
	111D : 00;
	111E : 00;
	111F : 00;
	1120 : 00;
	1121 : 00;
	1122 : 00;
	1123 : 00;
	1124 : 00;
	1125 : 00;
	1126 : 00;
	1127 : 00;
	1128 : 00;
	1129 : 00;
	112A : 00;
	112B : 00;
	112C : 00;
	112D : 00;
	112E : 00;
	112F : 00;
	1130 : 00;
	1131 : 00;
	1132 : 00;
	1133 : 00;
	1134 : 00;
	1135 : 00;
	1136 : 00;
	1137 : 00;
	1138 : 00;
	1139 : 00;
	113A : 00;
	113B : 00;
	113C : 00;
	113D : 00;
	113E : 00;
	113F : 00;
	1140 : 00;
	1141 : 00;
	1142 : 00;
	1143 : 00;
	1144 : 00;
	1145 : 00;
	1146 : 00;
	1147 : 00;
	1148 : 00;
	1149 : 00;
	114A : 00;
	114B : 00;
	114C : 00;
	114D : 00;
	114E : 00;
	114F : 00;
	1150 : 00;
	1151 : 00;
	1152 : 20;
	1153 : 00;
	1154 : 00;
	1155 : 00;
	1156 : 00;
	1157 : 00;
	1158 : 00;
	1159 : 20;
	115A : 00;
	115B : 00;
	115C : 00;
	115D : 00;
	115E : 00;
	115F : 00;
	1160 : 00;
	1161 : 00;
	1162 : 00;
	1163 : 00;
	1164 : 00;
	1165 : 00;
	1166 : 00;
	1167 : 00;
	1168 : 00;
	1169 : 00;
	116A : 00;
	116B : 00;
	116C : 00;
	116D : 20;
	116E : 00;
	116F : 00;
	1170 : 00;
	1171 : 00;
	1172 : 00;
	1173 : 00;
	1174 : 00;
	1175 : 00;
	1176 : 00;
	1177 : 00;
	1178 : 00;
	1179 : 20;
	117A : 00;
	117B : 00;
	117C : 00;
	117D : 00;
	117E : 00;
	117F : 00;
	1180 : 00;
	1181 : 00;
	1182 : 00;
	1183 : 20;
	1184 : 00;
	1185 : 20;
	1186 : 00;
	1187 : 00;
	1188 : 00;
	1189 : 00;
	118A : 00;
	118B : 20;
	118C : 00;
	118D : 00;
	118E : 00;
	118F : 20;
	1190 : 00;
	1191 : 00;
	1192 : 00;
	1193 : 20;
	1194 : 20;
	1195 : 00;
	1196 : 00;
	1197 : 00;
	1198 : 20;
	1199 : 00;
	119A : 00;
	119B : 20;
	119C : 00;
	119D : 00;
	119E : 00;
	119F : 00;
	11A0 : 00;
	11A1 : 00;
	11A2 : 00;
	11A3 : 00;
	11A4 : 00;
	11A5 : 20;
	11A6 : 00;
	11A7 : 00;
	11A8 : 20;
	11A9 : 20;
	11AA : 00;
	11AB : 00;
	11AC : 00;
	11AD : 20;
	11AE : 00;
	11AF : 20;
	11B0 : 00;
	11B1 : 00;
	11B2 : 00;
	11B3 : 60;
	11B4 : 00;
	11B5 : 00;
	11B6 : 00;
	11B7 : 00;
	11B8 : 20;
	11B9 : 00;
	11BA : 20;
	11BB : 20;
	11BC : 00;
	11BD : 00;
	11BE : 00;
	11BF : 00;
	11C0 : 00;
	11C1 : 00;
	11C2 : 00;
	11C3 : 20;
	11C4 : 00;
	11C5 : 00;
	11C6 : 00;
	11C7 : 20;
	11C8 : 20;
	11C9 : 00;
	11CA : 00;
	11CB : 00;
	11CC : 00;
	11CD : 00;
	11CE : 00;
	11CF : 00;
	11D0 : 00;
	11D1 : 00;
	11D2 : 00;
	11D3 : 20;
	11D4 : 20;
	11D5 : 00;
	11D6 : 00;
	11D7 : 20;
	11D8 : 00;
	11D9 : 20;
	11DA : 00;
	11DB : 20;
	11DC : 00;
	11DD : 00;
	11DE : 00;
	11DF : 00;
	11E0 : 00;
	11E1 : 00;
	11E2 : 00;
	11E3 : 20;
	11E4 : 00;
	11E5 : 00;
	11E6 : 00;
	11E7 : 20;
	11E8 : 20;
	11E9 : 00;
	11EA : 00;
	11EB : 00;
	11EC : 20;
	11ED : 20;
	11EE : 00;
	11EF : 20;
	11F0 : 00;
	11F1 : 20;
	11F2 : 00;
	11F3 : 00;
	11F4 : 00;
	11F5 : 20;
	11F6 : 00;
	11F7 : 20;
	11F8 : 00;
	11F9 : 20;
	11FA : 00;
	11FB : 20;
	11FC : 00;
	11FD : 00;
	11FE : 00;
	11FF : 00;
	1200 : 00;
	1201 : 00;
	1202 : 00;
	1203 : 00;
	1204 : 00;
	1205 : 00;
	1206 : 00;
	1207 : 20;
	1208 : 20;
	1209 : 00;
	120A : 00;
	120B : 00;
	120C : 00;
	120D : 00;
	120E : 00;
	120F : 20;
	1210 : 00;
	1211 : 20;
	1212 : 00;
	1213 : 20;
	1214 : 00;
	1215 : 20;
	1216 : 00;
	1217 : 20;
	1218 : 00;
	1219 : 00;
	121A : 00;
	121B : 00;
	121C : 00;
	121D : 00;
	121E : 00;
	121F : 00;
	1220 : 00;
	1221 : 00;
	1222 : 00;
	1223 : 00;
	1224 : 00;
	1225 : 00;
	1226 : 00;
	1227 : 20;
	1228 : 20;
	1229 : 20;
	122A : 00;
	122B : 00;
	122C : 00;
	122D : 20;
	122E : 20;
	122F : 20;
	1230 : 20;
	1231 : 00;
	1232 : 20;
	1233 : 00;
	1234 : 20;
	1235 : 20;
	1236 : 00;
	1237 : 20;
	1238 : 00;
	1239 : 00;
	123A : 00;
	123B : 00;
	123C : 00;
	123D : 00;
	123E : 00;
	123F : 00;
	1240 : 00;
	1241 : 00;
	1242 : 00;
	1243 : 00;
	1244 : 20;
	1245 : 00;
	1246 : 00;
	1247 : 20;
	1248 : 20;
	1249 : 00;
	124A : 00;
	124B : 00;
	124C : 00;
	124D : 00;
	124E : 00;
	124F : 00;
	1250 : 00;
	1251 : 00;
	1252 : 20;
	1253 : 20;
	1254 : 00;
	1255 : 20;
	1256 : 00;
	1257 : 20;
	1258 : 20;
	1259 : 20;
	125A : 20;
	125B : 20;
	125C : 20;
	125D : 00;
	125E : 00;
	125F : 00;
	1260 : 00;
	1261 : 00;
	1262 : 00;
	1263 : 00;
	1264 : 20;
	1265 : 00;
	1266 : 00;
	1267 : 20;
	1268 : 20;
	1269 : 20;
	126A : 00;
	126B : 20;
	126C : 20;
	126D : 20;
	126E : 20;
	126F : 20;
	1270 : 20;
	1271 : 00;
	1272 : 20;
	1273 : 00;
	1274 : 20;
	1275 : 20;
	1276 : 00;
	1277 : 20;
	1278 : 20;
	1279 : 20;
	127A : 20;
	127B : 20;
	127C : 00;
	127D : 00;
	127E : 00;
	127F : 00;
	1280 : 00;
	1281 : 00;
	1282 : 00;
	1283 : 20;
	1284 : 20;
	1285 : 20;
	1286 : 00;
	1287 : 60;
	1288 : 20;
	1289 : 20;
	128A : 00;
	128B : 00;
	128C : 00;
	128D : 00;
	128E : 00;
	128F : 20;
	1290 : 00;
	1291 : 20;
	1292 : 20;
	1293 : 20;
	1294 : 20;
	1295 : 60;
	1296 : 00;
	1297 : 20;
	1298 : 20;
	1299 : 20;
	129A : 20;
	129B : 00;
	129C : 20;
	129D : 00;
	129E : 00;
	129F : 00;
	12A0 : 00;
	12A1 : 00;
	12A2 : 00;
	12A3 : 20;
	12A4 : 00;
	12A5 : 20;
	12A6 : 00;
	12A7 : 60;
	12A8 : 20;
	12A9 : 20;
	12AA : 00;
	12AB : 20;
	12AC : 20;
	12AD : 20;
	12AE : 20;
	12AF : 20;
	12B0 : 20;
	12B1 : 20;
	12B2 : 00;
	12B3 : 00;
	12B4 : 80;
	12B5 : 20;
	12B6 : 00;
	12B7 : 20;
	12B8 : 20;
	12B9 : 20;
	12BA : 20;
	12BB : 00;
	12BC : 20;
	12BD : 00;
	12BE : 00;
	12BF : 00;
	12C0 : 00;
	12C1 : 00;
	12C2 : 00;
	12C3 : 20;
	12C4 : 20;
	12C5 : 84;
	12C6 : 00;
	12C7 : 00;
	12C8 : 20;
	12C9 : 20;
	12CA : 20;
	12CB : 00;
	12CC : 00;
	12CD : 00;
	12CE : 00;
	12CF : 00;
	12D0 : 20;
	12D1 : 20;
	12D2 : 20;
	12D3 : 20;
	12D4 : 20;
	12D5 : 00;
	12D6 : 20;
	12D7 : 20;
	12D8 : 20;
	12D9 : 20;
	12DA : 20;
	12DB : 20;
	12DC : 20;
	12DD : 00;
	12DE : 00;
	12DF : 00;
	12E0 : 00;
	12E1 : 00;
	12E2 : 00;
	12E3 : 20;
	12E4 : 20;
	12E5 : 20;
	12E6 : 00;
	12E7 : 00;
	12E8 : 20;
	12E9 : 20;
	12EA : 20;
	12EB : 00;
	12EC : 20;
	12ED : 20;
	12EE : 20;
	12EF : 20;
	12F0 : 20;
	12F1 : 20;
	12F2 : 20;
	12F3 : 00;
	12F4 : 00;
	12F5 : 00;
	12F6 : 00;
	12F7 : 20;
	12F8 : 20;
	12F9 : 20;
	12FA : 20;
	12FB : 20;
	12FC : 20;
	12FD : 00;
	12FE : 00;
	12FF : 00;
	1300 : 00;
	1301 : 60;
	1302 : 00;
	1303 : 84;
	1304 : 00;
	1305 : 20;
	1306 : 00;
	1307 : 20;
	1308 : 20;
	1309 : 20;
	130A : 60;
	130B : 00;
	130C : 20;
	130D : 00;
	130E : 00;
	130F : 00;
	1310 : 20;
	1311 : 00;
	1312 : 20;
	1313 : 20;
	1314 : 60;
	1315 : 20;
	1316 : 20;
	1317 : 20;
	1318 : 20;
	1319 : 20;
	131A : 20;
	131B : 80;
	131C : 00;
	131D : 00;
	131E : 00;
	131F : 00;
	1320 : 00;
	1321 : 60;
	1322 : 00;
	1323 : 60;
	1324 : 00;
	1325 : 20;
	1326 : 00;
	1327 : 20;
	1328 : 20;
	1329 : 20;
	132A : 60;
	132B : 20;
	132C : 20;
	132D : 20;
	132E : 20;
	132F : 20;
	1330 : 20;
	1331 : 00;
	1332 : 20;
	1333 : 00;
	1334 : 00;
	1335 : 20;
	1336 : 20;
	1337 : 20;
	1338 : 20;
	1339 : 20;
	133A : 20;
	133B : 60;
	133C : 00;
	133D : 00;
	133E : 00;
	133F : 00;
	1340 : 20;
	1341 : 00;
	1342 : 20;
	1343 : 20;
	1344 : 20;
	1345 : 20;
	1346 : 20;
	1347 : 20;
	1348 : 20;
	1349 : 20;
	134A : 00;
	134B : 00;
	134C : 20;
	134D : 00;
	134E : 00;
	134F : 00;
	1350 : 60;
	1351 : 20;
	1352 : 20;
	1353 : 20;
	1354 : 80;
	1355 : 20;
	1356 : 20;
	1357 : 20;
	1358 : 20;
	1359 : 20;
	135A : 20;
	135B : 20;
	135C : 20;
	135D : 20;
	135E : 00;
	135F : 00;
	1360 : 20;
	1361 : 00;
	1362 : 20;
	1363 : 20;
	1364 : 20;
	1365 : 20;
	1366 : 20;
	1367 : 20;
	1368 : 20;
	1369 : 20;
	136A : 00;
	136B : 20;
	136C : 20;
	136D : 20;
	136E : 20;
	136F : 20;
	1370 : 20;
	1371 : 00;
	1372 : 20;
	1373 : 00;
	1374 : 20;
	1375 : 20;
	1376 : 20;
	1377 : 20;
	1378 : 20;
	1379 : 20;
	137A : 20;
	137B : 20;
	137C : 20;
	137D : 20;
	137E : 00;
	137F : 00;
	1380 : 20;
	1381 : 00;
	1382 : 20;
	1383 : 20;
	1384 : 60;
	1385 : 20;
	1386 : 20;
	1387 : 20;
	1388 : 20;
	1389 : 20;
	138A : 20;
	138B : 20;
	138C : 00;
	138D : 00;
	138E : 00;
	138F : 00;
	1390 : 00;
	1391 : 20;
	1392 : 20;
	1393 : 20;
	1394 : 00;
	1395 : 20;
	1396 : 20;
	1397 : 20;
	1398 : 20;
	1399 : 20;
	139A : 60;
	139B : 20;
	139C : 00;
	139D : 20;
	139E : 20;
	139F : 00;
	13A0 : 20;
	13A1 : 00;
	13A2 : 20;
	13A3 : 20;
	13A4 : 60;
	13A5 : 20;
	13A6 : 20;
	13A7 : 20;
	13A8 : 20;
	13A9 : 20;
	13AA : 20;
	13AB : 20;
	13AC : 20;
	13AD : 20;
	13AE : 20;
	13AF : 20;
	13B0 : 20;
	13B1 : 20;
	13B2 : 20;
	13B3 : 00;
	13B4 : 20;
	13B5 : 20;
	13B6 : 20;
	13B7 : 20;
	13B8 : 20;
	13B9 : 20;
	13BA : 20;
	13BB : 20;
	13BC : 00;
	13BD : 20;
	13BE : 60;
	13BF : 20;
	13C0 : 20;
	13C1 : 00;
	13C2 : 00;
	13C3 : 00;
	13C4 : 00;
	13C5 : 20;
	13C6 : 20;
	13C7 : 20;
	13C8 : 20;
	13C9 : 20;
	13CA : 20;
	13CB : 20;
	13CC : 00;
	13CD : 00;
	13CE : 00;
	13CF : 00;
	13D0 : 20;
	13D1 : A0;
	13D2 : 20;
	13D3 : 20;
	13D4 : 60;
	13D5 : 20;
	13D6 : 20;
	13D7 : 20;
	13D8 : 20;
	13D9 : 20;
	13DA : 20;
	13DB : 20;
	13DC : 84;
	13DD : 00;
	13DE : 00;
	13DF : 20;
	13E0 : 20;
	13E1 : 00;
	13E2 : 00;
	13E3 : 00;
	13E4 : 20;
	13E5 : 20;
	13E6 : 20;
	13E7 : 20;
	13E8 : 20;
	13E9 : 20;
	13EA : 20;
	13EB : 20;
	13EC : 20;
	13ED : 20;
	13EE : 20;
	13EF : 20;
	13F0 : 20;
	13F1 : 20;
	13F2 : 20;
	13F3 : 20;
	13F4 : 20;
	13F5 : 20;
	13F6 : 20;
	13F7 : 20;
	13F8 : 20;
	13F9 : 20;
	13FA : 20;
	13FB : 60;
	13FC : 80;
	13FD : 00;
	13FE : 00;
	13FF : 00;
	1400 : 20;
	1401 : 00;
	1402 : 00;
	1403 : 20;
	1404 : 20;
	1405 : 80;
	1406 : 20;
	1407 : 20;
	1408 : 20;
	1409 : 20;
	140A : 20;
	140B : 20;
	140C : 00;
	140D : 00;
	140E : 20;
	140F : 00;
	1410 : 20;
	1411 : 20;
	1412 : 20;
	1413 : 20;
	1414 : 60;
	1415 : 60;
	1416 : 20;
	1417 : 20;
	1418 : 20;
	1419 : 20;
	141A : 20;
	141B : 60;
	141C : 20;
	141D : A4;
	141E : 00;
	141F : 00;
	1420 : 20;
	1421 : 00;
	1422 : 00;
	1423 : 20;
	1424 : 20;
	1425 : 20;
	1426 : 20;
	1427 : 20;
	1428 : 20;
	1429 : 20;
	142A : 20;
	142B : 60;
	142C : 20;
	142D : 20;
	142E : 20;
	142F : 20;
	1430 : 20;
	1431 : 60;
	1432 : 20;
	1433 : 20;
	1434 : 20;
	1435 : 20;
	1436 : 20;
	1437 : 20;
	1438 : 20;
	1439 : 60;
	143A : 20;
	143B : 60;
	143C : 20;
	143D : C4;
	143E : 00;
	143F : 20;
	1440 : 20;
	1441 : 00;
	1442 : 00;
	1443 : 20;
	1444 : 20;
	1445 : 20;
	1446 : 20;
	1447 : 20;
	1448 : 20;
	1449 : 20;
	144A : 20;
	144B : 20;
	144C : 20;
	144D : 00;
	144E : 00;
	144F : 60;
	1450 : 20;
	1451 : 20;
	1452 : 00;
	1453 : 60;
	1454 : 60;
	1455 : 60;
	1456 : 60;
	1457 : 20;
	1458 : 20;
	1459 : 20;
	145A : 20;
	145B : 60;
	145C : 60;
	145D : 20;
	145E : 00;
	145F : 20;
	1460 : 20;
	1461 : 00;
	1462 : 00;
	1463 : 20;
	1464 : 20;
	1465 : 20;
	1466 : 20;
	1467 : 20;
	1468 : 20;
	1469 : 20;
	146A : 20;
	146B : 20;
	146C : 20;
	146D : 20;
	146E : 20;
	146F : 20;
	1470 : 20;
	1471 : 20;
	1472 : 20;
	1473 : 60;
	1474 : 20;
	1475 : 20;
	1476 : 20;
	1477 : 20;
	1478 : 20;
	1479 : 20;
	147A : 20;
	147B : 60;
	147C : 60;
	147D : 20;
	147E : 00;
	147F : 20;
	1480 : 60;
	1481 : 20;
	1482 : 00;
	1483 : 20;
	1484 : 60;
	1485 : 20;
	1486 : 20;
	1487 : 20;
	1488 : 60;
	1489 : 20;
	148A : 20;
	148B : 20;
	148C : 00;
	148D : 20;
	148E : 00;
	148F : 20;
	1490 : 20;
	1491 : 20;
	1492 : 00;
	1493 : 80;
	1494 : 80;
	1495 : 80;
	1496 : 60;
	1497 : 60;
	1498 : 60;
	1499 : 20;
	149A : 60;
	149B : 60;
	149C : 60;
	149D : 20;
	149E : 00;
	149F : 20;
	14A0 : 20;
	14A1 : 20;
	14A2 : 00;
	14A3 : 20;
	14A4 : 20;
	14A5 : 20;
	14A6 : 60;
	14A7 : 20;
	14A8 : 20;
	14A9 : 20;
	14AA : 20;
	14AB : 20;
	14AC : 20;
	14AD : 60;
	14AE : 20;
	14AF : 20;
	14B0 : 60;
	14B1 : 20;
	14B2 : 20;
	14B3 : 20;
	14B4 : 60;
	14B5 : 60;
	14B6 : 60;
	14B7 : 20;
	14B8 : 60;
	14B9 : 60;
	14BA : 60;
	14BB : 80;
	14BC : 80;
	14BD : 20;
	14BE : 00;
	14BF : 80;
	14C0 : 20;
	14C1 : 20;
	14C2 : 20;
	14C3 : 60;
	14C4 : 20;
	14C5 : 20;
	14C6 : 20;
	14C7 : 20;
	14C8 : 60;
	14C9 : 60;
	14CA : 20;
	14CB : 20;
	14CC : 20;
	14CD : 20;
	14CE : A4;
	14CF : 20;
	14D0 : 20;
	14D1 : 20;
	14D2 : 00;
	14D3 : 60;
	14D4 : 80;
	14D5 : 80;
	14D6 : 60;
	14D7 : 60;
	14D8 : 20;
	14D9 : 60;
	14DA : 60;
	14DB : 60;
	14DC : 60;
	14DD : 00;
	14DE : 00;
	14DF : 80;
	14E0 : 20;
	14E1 : 20;
	14E2 : 20;
	14E3 : 60;
	14E4 : 20;
	14E5 : 20;
	14E6 : 20;
	14E7 : 60;
	14E8 : 20;
	14E9 : 20;
	14EA : 60;
	14EB : 80;
	14EC : 80;
	14ED : 60;
	14EE : 20;
	14EF : 20;
	14F0 : 60;
	14F1 : 80;
	14F2 : 20;
	14F3 : 80;
	14F4 : 60;
	14F5 : 60;
	14F6 : 20;
	14F7 : 20;
	14F8 : 60;
	14F9 : 60;
	14FA : 60;
	14FB : 80;
	14FC : 80;
	14FD : 20;
	14FE : 00;
	14FF : 80;
	1500 : 60;
	1501 : 20;
	1502 : 20;
	1503 : 20;
	1504 : 20;
	1505 : 60;
	1506 : 20;
	1507 : 20;
	1508 : 20;
	1509 : 20;
	150A : 20;
	150B : 20;
	150C : 60;
	150D : 00;
	150E : 00;
	150F : 20;
	1510 : 20;
	1511 : 20;
	1512 : 00;
	1513 : 20;
	1514 : 80;
	1515 : 80;
	1516 : 20;
	1517 : 80;
	1518 : 20;
	1519 : 20;
	151A : 60;
	151B : 60;
	151C : 60;
	151D : 00;
	151E : 00;
	151F : 80;
	1520 : 20;
	1521 : 20;
	1522 : 20;
	1523 : 20;
	1524 : 20;
	1525 : 20;
	1526 : 20;
	1527 : 20;
	1528 : 20;
	1529 : 20;
	152A : 20;
	152B : 80;
	152C : 80;
	152D : 20;
	152E : 20;
	152F : 20;
	1530 : 60;
	1531 : 80;
	1532 : 20;
	1533 : 60;
	1534 : 20;
	1535 : 60;
	1536 : 20;
	1537 : 20;
	1538 : 60;
	1539 : 60;
	153A : 80;
	153B : A0;
	153C : 80;
	153D : 00;
	153E : 00;
	153F : 80;
	1540 : 60;
	1541 : 00;
	1542 : 20;
	1543 : 80;
	1544 : 20;
	1545 : 60;
	1546 : 20;
	1547 : 20;
	1548 : 20;
	1549 : 60;
	154A : 80;
	154B : 20;
	154C : 60;
	154D : 00;
	154E : 00;
	154F : 20;
	1550 : 20;
	1551 : 20;
	1552 : 20;
	1553 : 20;
	1554 : 80;
	1555 : 80;
	1556 : 20;
	1557 : 80;
	1558 : 60;
	1559 : 20;
	155A : 20;
	155B : 60;
	155C : 60;
	155D : 20;
	155E : 00;
	155F : 80;
	1560 : 20;
	1561 : 00;
	1562 : 60;
	1563 : 20;
	1564 : 20;
	1565 : 20;
	1566 : 20;
	1567 : 60;
	1568 : 80;
	1569 : 20;
	156A : 60;
	156B : 80;
	156C : 80;
	156D : 80;
	156E : 60;
	156F : 60;
	1570 : 20;
	1571 : 80;
	1572 : 60;
	1573 : 00;
	1574 : 20;
	1575 : 60;
	1576 : 60;
	1577 : 20;
	1578 : 60;
	1579 : 60;
	157A : 80;
	157B : 80;
	157C : 80;
	157D : 20;
	157E : 00;
	157F : 80;
	1580 : 20;
	1581 : 80;
	1582 : 20;
	1583 : 80;
	1584 : 80;
	1585 : 20;
	1586 : 60;
	1587 : 20;
	1588 : 20;
	1589 : 60;
	158A : 80;
	158B : 20;
	158C : 20;
	158D : 00;
	158E : 00;
	158F : 00;
	1590 : 00;
	1591 : 20;
	1592 : 20;
	1593 : 80;
	1594 : 80;
	1595 : 80;
	1596 : 80;
	1597 : 80;
	1598 : 80;
	1599 : 20;
	159A : 60;
	159B : 60;
	159C : 60;
	159D : 20;
	159E : 00;
	159F : 80;
	15A0 : 60;
	15A1 : 80;
	15A2 : 20;
	15A3 : 60;
	15A4 : 20;
	15A5 : 20;
	15A6 : 60;
	15A7 : 60;
	15A8 : 80;
	15A9 : 80;
	15AA : 60;
	15AB : 80;
	15AC : 80;
	15AD : 80;
	15AE : 60;
	15AF : 60;
	15B0 : 20;
	15B1 : 80;
	15B2 : 60;
	15B3 : 00;
	15B4 : 80;
	15B5 : 80;
	15B6 : 60;
	15B7 : 20;
	15B8 : 60;
	15B9 : 60;
	15BA : 60;
	15BB : 80;
	15BC : 80;
	15BD : 20;
	15BE : 00;
	15BF : 80;
	15C0 : 20;
	15C1 : 80;
	15C2 : 20;
	15C3 : 80;
	15C4 : 80;
	15C5 : 60;
	15C6 : 20;
	15C7 : 60;
	15C8 : 20;
	15C9 : 20;
	15CA : 80;
	15CB : 60;
	15CC : 20;
	15CD : 20;
	15CE : 00;
	15CF : 20;
	15D0 : 00;
	15D1 : 20;
	15D2 : 60;
	15D3 : 80;
	15D4 : 80;
	15D5 : 80;
	15D6 : 80;
	15D7 : 80;
	15D8 : 80;
	15D9 : 60;
	15DA : 20;
	15DB : 80;
	15DC : 80;
	15DD : 20;
	15DE : 00;
	15DF : 80;
	15E0 : 60;
	15E1 : 80;
	15E2 : 20;
	15E3 : 20;
	15E4 : 20;
	15E5 : 20;
	15E6 : 60;
	15E7 : 60;
	15E8 : 80;
	15E9 : 80;
	15EA : 60;
	15EB : 80;
	15EC : 80;
	15ED : 80;
	15EE : 60;
	15EF : 60;
	15F0 : 20;
	15F1 : 80;
	15F2 : 00;
	15F3 : 80;
	15F4 : 80;
	15F5 : 80;
	15F6 : 60;
	15F7 : 60;
	15F8 : 80;
	15F9 : 80;
	15FA : 80;
	15FB : 80;
	15FC : 80;
	15FD : 20;
	15FE : 00;
	15FF : 80;
	1600 : 80;
	1601 : 80;
	1602 : 20;
	1603 : 80;
	1604 : 80;
	1605 : 60;
	1606 : 20;
	1607 : 20;
	1608 : 20;
	1609 : 80;
	160A : 80;
	160B : 80;
	160C : 80;
	160D : 00;
	160E : 00;
	160F : 00;
	1610 : 00;
	1611 : 00;
	1612 : 20;
	1613 : 80;
	1614 : 80;
	1615 : 80;
	1616 : 80;
	1617 : 80;
	1618 : 80;
	1619 : 60;
	161A : 20;
	161B : 80;
	161C : 80;
	161D : 60;
	161E : 00;
	161F : 80;
	1620 : 80;
	1621 : 80;
	1622 : 20;
	1623 : 60;
	1624 : 20;
	1625 : 20;
	1626 : 60;
	1627 : 60;
	1628 : 80;
	1629 : 80;
	162A : 60;
	162B : 80;
	162C : 80;
	162D : 80;
	162E : 60;
	162F : 20;
	1630 : 80;
	1631 : 80;
	1632 : 80;
	1633 : 80;
	1634 : 80;
	1635 : 80;
	1636 : 60;
	1637 : 60;
	1638 : 80;
	1639 : 80;
	163A : 80;
	163B : 80;
	163C : 80;
	163D : 80;
	163E : 20;
	163F : 80;
	1640 : 80;
	1641 : 80;
	1642 : 20;
	1643 : 80;
	1644 : 80;
	1645 : 80;
	1646 : 20;
	1647 : 20;
	1648 : 80;
	1649 : 80;
	164A : 80;
	164B : 80;
	164C : 80;
	164D : 80;
	164E : 20;
	164F : 00;
	1650 : 00;
	1651 : 20;
	1652 : 60;
	1653 : 80;
	1654 : 80;
	1655 : 80;
	1656 : 80;
	1657 : 80;
	1658 : 80;
	1659 : 60;
	165A : 80;
	165B : 80;
	165C : 80;
	165D : 20;
	165E : 20;
	165F : 80;
	1660 : 80;
	1661 : 80;
	1662 : 60;
	1663 : 80;
	1664 : 60;
	1665 : 20;
	1666 : 60;
	1667 : 20;
	1668 : 80;
	1669 : 80;
	166A : 20;
	166B : 80;
	166C : 80;
	166D : 80;
	166E : 20;
	166F : 60;
	1670 : 80;
	1671 : 80;
	1672 : 80;
	1673 : 80;
	1674 : 80;
	1675 : 80;
	1676 : 60;
	1677 : 60;
	1678 : 80;
	1679 : 80;
	167A : 80;
	167B : 80;
	167C : 80;
	167D : 20;
	167E : 60;
	167F : 80;
	1680 : 80;
	1681 : 80;
	1682 : 80;
	1683 : 80;
	1684 : 80;
	1685 : 80;
	1686 : 20;
	1687 : 60;
	1688 : 80;
	1689 : 80;
	168A : 80;
	168B : 80;
	168C : 80;
	168D : 80;
	168E : 00;
	168F : 00;
	1690 : 20;
	1691 : 20;
	1692 : 20;
	1693 : 80;
	1694 : 80;
	1695 : 80;
	1696 : 80;
	1697 : 80;
	1698 : 80;
	1699 : 60;
	169A : 80;
	169B : 80;
	169C : 80;
	169D : 80;
	169E : 20;
	169F : 80;
	16A0 : 80;
	16A1 : 80;
	16A2 : 80;
	16A3 : 80;
	16A4 : 20;
	16A5 : 60;
	16A6 : 20;
	16A7 : 60;
	16A8 : 80;
	16A9 : 80;
	16AA : 60;
	16AB : 80;
	16AC : 80;
	16AD : 80;
	16AE : 20;
	16AF : 60;
	16B0 : 80;
	16B1 : 80;
	16B2 : 80;
	16B3 : 80;
	16B4 : 80;
	16B5 : 80;
	16B6 : 80;
	16B7 : 60;
	16B8 : 80;
	16B9 : 80;
	16BA : 80;
	16BB : 80;
	16BC : 80;
	16BD : 80;
	16BE : 60;
	16BF : 80;
	16C0 : 80;
	16C1 : 80;
	16C2 : 80;
	16C3 : 80;
	16C4 : 80;
	16C5 : 80;
	16C6 : 20;
	16C7 : 60;
	16C8 : 80;
	16C9 : 80;
	16CA : 80;
	16CB : 80;
	16CC : 80;
	16CD : 80;
	16CE : 00;
	16CF : 00;
	16D0 : 80;
	16D1 : 20;
	16D2 : 00;
	16D3 : 80;
	16D4 : 80;
	16D5 : 80;
	16D6 : 80;
	16D7 : 80;
	16D8 : 80;
	16D9 : 60;
	16DA : 80;
	16DB : 80;
	16DC : 80;
	16DD : 80;
	16DE : 80;
	16DF : 80;
	16E0 : 80;
	16E1 : 80;
	16E2 : 80;
	16E3 : 80;
	16E4 : 20;
	16E5 : 60;
	16E6 : 80;
	16E7 : 80;
	16E8 : 80;
	16E9 : 80;
	16EA : 80;
	16EB : 80;
	16EC : 80;
	16ED : 80;
	16EE : 20;
	16EF : 20;
	16F0 : 80;
	16F1 : 80;
	16F2 : 80;
	16F3 : 80;
	16F4 : 80;
	16F5 : 80;
	16F6 : 80;
	16F7 : 60;
	16F8 : 80;
	16F9 : 80;
	16FA : 80;
	16FB : 80;
	16FC : 80;
	16FD : 80;
	16FE : 80;
	16FF : 80;
	1700 : 80;
	1701 : 80;
	1702 : 80;
	1703 : 80;
	1704 : 80;
	1705 : 80;
	1706 : 20;
	1707 : 60;
	1708 : 80;
	1709 : 80;
	170A : 80;
	170B : A0;
	170C : 80;
	170D : 80;
	170E : 00;
	170F : 80;
	1710 : 00;
	1711 : 20;
	1712 : 80;
	1713 : 80;
	1714 : 80;
	1715 : 80;
	1716 : 80;
	1717 : 80;
	1718 : 80;
	1719 : 20;
	171A : 80;
	171B : 80;
	171C : 80;
	171D : 80;
	171E : 80;
	171F : 80;
	1720 : 80;
	1721 : 80;
	1722 : 80;
	1723 : 80;
	1724 : 20;
	1725 : 60;
	1726 : 80;
	1727 : 80;
	1728 : 80;
	1729 : 80;
	172A : 80;
	172B : 80;
	172C : E4;
	172D : 80;
	172E : 20;
	172F : 20;
	1730 : 80;
	1731 : 80;
	1732 : A0;
	1733 : A0;
	1734 : 80;
	1735 : 80;
	1736 : 80;
	1737 : 20;
	1738 : 80;
	1739 : 80;
	173A : 80;
	173B : 80;
	173C : 80;
	173D : 80;
	173E : 80;
	173F : 80;
	1740 : 80;
	1741 : 80;
	1742 : 80;
	1743 : 80;
	1744 : 80;
	1745 : 80;
	1746 : 20;
	1747 : 60;
	1748 : 80;
	1749 : 80;
	174A : 80;
	174B : 80;
	174C : 80;
	174D : 80;
	174E : 00;
	174F : 00;
	1750 : 00;
	1751 : 20;
	1752 : 84;
	1753 : 80;
	1754 : 80;
	1755 : 80;
	1756 : 80;
	1757 : 80;
	1758 : 80;
	1759 : 80;
	175A : 80;
	175B : C4;
	175C : 80;
	175D : 80;
	175E : 80;
	175F : 80;
	1760 : 80;
	1761 : 80;
	1762 : 80;
	1763 : 80;
	1764 : 60;
	1765 : 60;
	1766 : 80;
	1767 : 80;
	1768 : 80;
	1769 : 80;
	176A : 80;
	176B : 80;
	176C : 80;
	176D : 80;
	176E : 20;
	176F : 60;
	1770 : A0;
	1771 : A0;
	1772 : A0;
	1773 : 80;
	1774 : A0;
	1775 : 80;
	1776 : 80;
	1777 : 60;
	1778 : 80;
	1779 : 80;
	177A : 80;
	177B : 80;
	177C : 80;
	177D : 80;
	177E : 80;
	177F : 80;
	1780 : 80;
	1781 : 80;
	1782 : 80;
	1783 : 80;
	1784 : A0;
	1785 : 80;
	1786 : 20;
	1787 : 60;
	1788 : 80;
	1789 : 80;
	178A : A0;
	178B : 80;
	178C : 80;
	178D : 80;
	178E : 20;
	178F : 00;
	1790 : 00;
	1791 : 80;
	1792 : 80;
	1793 : 80;
	1794 : 80;
	1795 : 80;
	1796 : 80;
	1797 : 80;
	1798 : 80;
	1799 : 80;
	179A : 80;
	179B : 80;
	179C : 80;
	179D : 80;
	179E : 80;
	179F : 80;
	17A0 : 80;
	17A1 : 80;
	17A2 : 80;
	17A3 : 80;
	17A4 : 60;
	17A5 : 20;
	17A6 : 80;
	17A7 : 80;
	17A8 : 80;
	17A9 : 80;
	17AA : 80;
	17AB : 80;
	17AC : A0;
	17AD : A0;
	17AE : 80;
	17AF : 60;
	17B0 : A0;
	17B1 : A0;
	17B2 : A0;
	17B3 : A0;
	17B4 : A0;
	17B5 : 80;
	17B6 : 80;
	17B7 : 80;
	17B8 : 80;
	17B9 : 80;
	17BA : 80;
	17BB : 80;
	17BC : 80;
	17BD : C4;
	17BE : 80;
	17BF : 80;
	17C0 : 80;
	17C1 : 80;
	17C2 : 80;
	17C3 : A0;
	17C4 : A0;
	17C5 : A0;
	17C6 : 60;
	17C7 : 20;
	17C8 : 80;
	17C9 : A0;
	17CA : A0;
	17CB : 80;
	17CC : 80;
	17CD : 80;
	17CE : 20;
	17CF : 00;
	17D0 : 20;
	17D1 : 20;
	17D2 : 80;
	17D3 : 80;
	17D4 : 80;
	17D5 : 80;
	17D6 : 80;
	17D7 : 80;
	17D8 : 80;
	17D9 : 80;
	17DA : 80;
	17DB : 80;
	17DC : 80;
	17DD : A0;
	17DE : A0;
	17DF : A0;
	17E0 : A0;
	17E1 : A0;
	17E2 : A0;
	17E3 : A0;
	17E4 : 60;
	17E5 : 20;
	17E6 : 80;
	17E7 : 80;
	17E8 : 80;
	17E9 : 80;
	17EA : 80;
	17EB : 80;
	17EC : A0;
	17ED : A0;
	17EE : 84;
	17EF : 60;
	17F0 : A0;
	17F1 : A0;
	17F2 : A0;
	17F3 : A0;
	17F4 : 80;
	17F5 : 80;
	17F6 : 80;
	17F7 : 80;
	17F8 : 80;
	17F9 : 80;
	17FA : 80;
	17FB : 80;
	17FC : 80;
	17FD : 80;
	17FE : 80;
	17FF : 80;
	1800 : A0;
	1801 : A0;
	1802 : A0;
	1803 : A0;
	1804 : A0;
	1805 : A0;
	1806 : 60;
	1807 : 20;
	1808 : A0;
	1809 : A0;
	180A : A0;
	180B : 80;
	180C : 80;
	180D : A0;
	180E : 20;
	180F : 00;
	1810 : 20;
	1811 : 20;
	1812 : 80;
	1813 : 80;
	1814 : 80;
	1815 : 80;
	1816 : 80;
	1817 : 80;
	1818 : 80;
	1819 : 80;
	181A : 80;
	181B : 80;
	181C : A0;
	181D : A0;
	181E : A0;
	181F : A0;
	1820 : A0;
	1821 : A0;
	1822 : A0;
	1823 : A0;
	1824 : 60;
	1825 : 20;
	1826 : 80;
	1827 : A0;
	1828 : A0;
	1829 : 80;
	182A : 80;
	182B : A0;
	182C : A0;
	182D : A0;
	182E : A0;
	182F : 60;
	1830 : A0;
	1831 : A0;
	1832 : A0;
	1833 : A0;
	1834 : 80;
	1835 : 80;
	1836 : 80;
	1837 : 80;
	1838 : 80;
	1839 : 80;
	183A : 80;
	183B : 80;
	183C : 80;
	183D : 80;
	183E : 80;
	183F : 80;
	1840 : A0;
	1841 : A0;
	1842 : A0;
	1843 : A0;
	1844 : A0;
	1845 : A0;
	1846 : 60;
	1847 : 60;
	1848 : A0;
	1849 : A0;
	184A : A0;
	184B : A0;
	184C : A0;
	184D : A0;
	184E : 00;
	184F : 00;
	1850 : 60;
	1851 : 60;
	1852 : 80;
	1853 : 80;
	1854 : 80;
	1855 : 80;
	1856 : 80;
	1857 : 80;
	1858 : 80;
	1859 : 80;
	185A : 80;
	185B : A0;
	185C : A0;
	185D : A0;
	185E : A0;
	185F : A0;
	1860 : A0;
	1861 : A0;
	1862 : A0;
	1863 : A0;
	1864 : 60;
	1865 : 20;
	1866 : A0;
	1867 : A0;
	1868 : A0;
	1869 : A0;
	186A : A0;
	186B : A0;
	186C : A0;
	186D : A0;
	186E : A0;
	186F : 60;
	1870 : A0;
	1871 : A0;
	1872 : A0;
	1873 : A0;
	1874 : A0;
	1875 : 80;
	1876 : 80;
	1877 : 80;
	1878 : 80;
	1879 : 80;
	187A : 80;
	187B : 80;
	187C : 80;
	187D : 80;
	187E : A0;
	187F : A0;
	1880 : A0;
	1881 : A0;
	1882 : A0;
	1883 : A0;
	1884 : A0;
	1885 : A0;
	1886 : 60;
	1887 : 20;
	1888 : A0;
	1889 : A0;
	188A : A0;
	188B : A0;
	188C : A0;
	188D : A0;
	188E : 00;
	188F : 20;
	1890 : 60;
	1891 : 60;
	1892 : A0;
	1893 : 80;
	1894 : 80;
	1895 : 80;
	1896 : 80;
	1897 : A0;
	1898 : 80;
	1899 : A0;
	189A : 80;
	189B : A0;
	189C : A0;
	189D : A0;
	189E : A0;
	189F : A0;
	18A0 : A0;
	18A1 : A0;
	18A2 : A0;
	18A3 : A0;
	18A4 : A4;
	18A5 : 60;
	18A6 : A0;
	18A7 : A0;
	18A8 : A0;
	18A9 : A0;
	18AA : A0;
	18AB : A0;
	18AC : A0;
	18AD : A0;
	18AE : A0;
	18AF : 20;
	18B0 : A0;
	18B1 : A0;
	18B2 : A0;
	18B3 : A0;
	18B4 : A0;
	18B5 : 80;
	18B6 : 80;
	18B7 : 80;
	18B8 : 80;
	18B9 : 80;
	18BA : 80;
	18BB : 80;
	18BC : 80;
	18BD : 80;
	18BE : A0;
	18BF : A0;
	18C0 : A0;
	18C1 : A0;
	18C2 : C4;
	18C3 : A0;
	18C4 : A0;
	18C5 : A0;
	18C6 : 60;
	18C7 : 20;
	18C8 : A0;
	18C9 : A0;
	18CA : C0;
	18CB : A0;
	18CC : A0;
	18CD : A0;
	18CE : 00;
	18CF : 20;
	18D0 : 60;
	18D1 : 00;
	18D2 : A0;
	18D3 : A0;
	18D4 : A0;
	18D5 : 80;
	18D6 : A0;
	18D7 : A0;
	18D8 : A0;
	18D9 : A0;
	18DA : A0;
	18DB : A0;
	18DC : A0;
	18DD : A0;
	18DE : A0;
	18DF : A0;
	18E0 : A0;
	18E1 : A0;
	18E2 : A0;
	18E3 : A0;
	18E4 : A4;
	18E5 : 60;
	18E6 : A0;
	18E7 : A0;
	18E8 : A0;
	18E9 : A0;
	18EA : A0;
	18EB : A0;
	18EC : A0;
	18ED : A0;
	18EE : A0;
	18EF : 20;
	18F0 : A0;
	18F1 : A0;
	18F2 : A0;
	18F3 : A0;
	18F4 : A0;
	18F5 : A0;
	18F6 : 80;
	18F7 : 80;
	18F8 : 80;
	18F9 : 80;
	18FA : 80;
	18FB : 80;
	18FC : 80;
	18FD : A0;
	18FE : A0;
	18FF : A0;
	1900 : A0;
	1901 : A0;
	1902 : A0;
	1903 : A0;
	1904 : A0;
	1905 : A0;
	1906 : 60;
	1907 : 20;
	1908 : A0;
	1909 : A0;
	190A : A0;
	190B : A0;
	190C : A0;
	190D : A0;
	190E : A4;
	190F : 20;
	1910 : 20;
	1911 : 00;
	1912 : A0;
	1913 : A0;
	1914 : A0;
	1915 : A0;
	1916 : A0;
	1917 : A0;
	1918 : A4;
	1919 : A0;
	191A : A0;
	191B : A0;
	191C : A0;
	191D : A0;
	191E : A0;
	191F : A0;
	1920 : A0;
	1921 : A0;
	1922 : A0;
	1923 : A0;
	1924 : A0;
	1925 : 60;
	1926 : A0;
	1927 : A0;
	1928 : A0;
	1929 : A0;
	192A : A0;
	192B : A0;
	192C : A0;
	192D : A0;
	192E : A0;
	192F : 20;
	1930 : A0;
	1931 : A0;
	1932 : A0;
	1933 : A0;
	1934 : A0;
	1935 : A0;
	1936 : 80;
	1937 : 80;
	1938 : 80;
	1939 : 80;
	193A : 80;
	193B : A0;
	193C : A0;
	193D : A0;
	193E : A0;
	193F : A0;
	1940 : A0;
	1941 : A0;
	1942 : A0;
	1943 : A0;
	1944 : A0;
	1945 : A0;
	1946 : A4;
	1947 : A0;
	1948 : A0;
	1949 : A0;
	194A : A0;
	194B : A0;
	194C : A0;
	194D : A4;
	194E : A4;
	194F : 00;
	1950 : 20;
	1951 : 00;
	1952 : A0;
	1953 : A0;
	1954 : A0;
	1955 : A0;
	1956 : A0;
	1957 : A0;
	1958 : A0;
	1959 : A0;
	195A : A0;
	195B : A0;
	195C : A0;
	195D : A0;
	195E : A0;
	195F : A0;
	1960 : A0;
	1961 : A0;
	1962 : A0;
	1963 : A0;
	1964 : A0;
	1965 : 60;
	1966 : A0;
	1967 : A0;
	1968 : A0;
	1969 : A0;
	196A : A0;
	196B : D0;
	196C : A0;
	196D : A0;
	196E : A0;
	196F : A4;
	1970 : A4;
	1971 : A0;
	1972 : A0;
	1973 : A0;
	1974 : A4;
	1975 : A4;
	1976 : A0;
	1977 : A0;
	1978 : 80;
	1979 : 80;
	197A : 80;
	197B : A0;
	197C : A4;
	197D : A0;
	197E : A0;
	197F : A0;
	1980 : A0;
	1981 : A0;
	1982 : A0;
	1983 : A0;
	1984 : A0;
	1985 : A0;
	1986 : 84;
	1987 : A0;
	1988 : A0;
	1989 : A0;
	198A : A0;
	198B : A0;
	198C : A4;
	198D : A4;
	198E : A4;
	198F : 00;
	1990 : 20;
	1991 : A4;
	1992 : A0;
	1993 : A0;
	1994 : A0;
	1995 : A0;
	1996 : A0;
	1997 : A0;
	1998 : A0;
	1999 : A0;
	199A : A0;
	199B : A0;
	199C : A0;
	199D : A0;
	199E : A0;
	199F : A0;
	19A0 : A0;
	19A1 : A0;
	19A2 : A0;
	19A3 : A0;
	19A4 : A0;
	19A5 : 60;
	19A6 : A0;
	19A7 : A0;
	19A8 : A0;
	19A9 : A0;
	19AA : A0;
	19AB : A0;
	19AC : A0;
	19AD : A0;
	19AE : A0;
	19AF : A0;
	19B0 : A0;
	19B1 : A0;
	19B2 : A0;
	19B3 : A0;
	19B4 : A0;
	19B5 : A0;
	19B6 : A0;
	19B7 : A0;
	19B8 : A0;
	19B9 : A0;
	19BA : A0;
	19BB : A0;
	19BC : A0;
	19BD : A0;
	19BE : A0;
	19BF : A0;
	19C0 : A0;
	19C1 : A0;
	19C2 : A0;
	19C3 : A0;
	19C4 : A0;
	19C5 : A0;
	19C6 : 84;
	19C7 : A0;
	19C8 : A0;
	19C9 : A0;
	19CA : A0;
	19CB : A4;
	19CC : A4;
	19CD : A4;
	19CE : A4;
	19CF : 00;
	19D0 : 20;
	19D1 : A0;
	19D2 : A0;
	19D3 : A0;
	19D4 : A0;
	19D5 : A0;
	19D6 : A0;
	19D7 : A0;
	19D8 : A0;
	19D9 : A0;
	19DA : A0;
	19DB : A0;
	19DC : A0;
	19DD : A0;
	19DE : A0;
	19DF : A0;
	19E0 : A0;
	19E1 : A0;
	19E2 : A4;
	19E3 : A0;
	19E4 : A0;
	19E5 : 60;
	19E6 : A0;
	19E7 : A0;
	19E8 : A0;
	19E9 : A0;
	19EA : A0;
	19EB : A0;
	19EC : A0;
	19ED : A0;
	19EE : A0;
	19EF : A0;
	19F0 : A0;
	19F1 : A0;
	19F2 : A0;
	19F3 : A0;
	19F4 : A0;
	19F5 : A0;
	19F6 : A0;
	19F7 : A0;
	19F8 : A0;
	19F9 : A0;
	19FA : A0;
	19FB : A0;
	19FC : A0;
	19FD : A0;
	19FE : A0;
	19FF : A0;
	1A00 : A0;
	1A01 : A0;
	1A02 : A0;
	1A03 : A0;
	1A04 : A0;
	1A05 : A0;
	1A06 : A0;
	1A07 : A0;
	1A08 : A0;
	1A09 : A0;
	1A0A : A0;
	1A0B : A0;
	1A0C : A4;
	1A0D : A4;
	1A0E : A4;
	1A0F : 00;
	1A10 : 20;
	1A11 : A4;
	1A12 : A0;
	1A13 : A0;
	1A14 : A0;
	1A15 : A0;
	1A16 : A4;
	1A17 : A4;
	1A18 : A0;
	1A19 : A0;
	1A1A : A0;
	1A1B : A0;
	1A1C : A4;
	1A1D : A0;
	1A1E : A0;
	1A1F : A0;
	1A20 : A4;
	1A21 : A0;
	1A22 : A0;
	1A23 : A0;
	1A24 : A0;
	1A25 : 60;
	1A26 : A0;
	1A27 : A0;
	1A28 : A0;
	1A29 : A0;
	1A2A : A0;
	1A2B : A0;
	1A2C : A0;
	1A2D : A0;
	1A2E : A0;
	1A2F : A0;
	1A30 : A0;
	1A31 : A0;
	1A32 : A0;
	1A33 : A0;
	1A34 : A0;
	1A35 : A0;
	1A36 : A0;
	1A37 : A0;
	1A38 : A4;
	1A39 : A0;
	1A3A : A0;
	1A3B : A0;
	1A3C : A0;
	1A3D : A4;
	1A3E : A0;
	1A3F : A0;
	1A40 : 80;
	1A41 : A0;
	1A42 : A0;
	1A43 : A0;
	1A44 : A0;
	1A45 : A0;
	1A46 : A0;
	1A47 : A0;
	1A48 : A0;
	1A49 : A0;
	1A4A : A0;
	1A4B : A4;
	1A4C : A0;
	1A4D : A4;
	1A4E : A4;
	1A4F : 00;
	1A50 : 20;
	1A51 : A0;
	1A52 : 80;
	1A53 : A0;
	1A54 : A0;
	1A55 : 80;
	1A56 : A0;
	1A57 : A0;
	1A58 : A0;
	1A59 : A0;
	1A5A : A0;
	1A5B : A0;
	1A5C : A0;
	1A5D : A0;
	1A5E : A0;
	1A5F : A0;
	1A60 : A0;
	1A61 : A0;
	1A62 : 80;
	1A63 : A0;
	1A64 : 80;
	1A65 : A0;
	1A66 : A0;
	1A67 : A0;
	1A68 : A0;
	1A69 : A0;
	1A6A : A0;
	1A6B : A0;
	1A6C : A0;
	1A6D : A0;
	1A6E : A0;
	1A6F : 80;
	1A70 : A0;
	1A71 : A0;
	1A72 : 80;
	1A73 : A0;
	1A74 : A0;
	1A75 : A0;
	1A76 : A0;
	1A77 : A0;
	1A78 : A0;
	1A79 : A0;
	1A7A : A0;
	1A7B : 80;
	1A7C : A0;
	1A7D : A0;
	1A7E : A0;
	1A7F : 80;
	1A80 : 80;
	1A81 : 80;
	1A82 : 80;
	1A83 : 80;
	1A84 : 80;
	1A85 : 80;
	1A86 : 80;
	1A87 : 80;
	1A88 : 80;
	1A89 : 80;
	1A8A : 80;
	1A8B : 80;
	1A8C : 80;
	1A8D : 80;
	1A8E : 80;
	1A8F : 20;
	1A90 : 60;
	1A91 : 80;
	1A92 : 80;
	1A93 : 80;
	1A94 : 80;
	1A95 : 80;
	1A96 : 80;
	1A97 : 80;
	1A98 : 80;
	1A99 : 80;
	1A9A : 80;
	1A9B : 80;
	1A9C : 80;
	1A9D : 80;
	1A9E : 80;
	1A9F : 80;
	1AA0 : 80;
	1AA1 : 80;
	1AA2 : 80;
	1AA3 : 80;
	1AA4 : 80;
	1AA5 : 80;
	1AA6 : 80;
	1AA7 : 80;
	1AA8 : 80;
	1AA9 : 80;
	1AAA : 80;
	1AAB : 80;
	1AAC : 80;
	1AAD : 80;
	1AAE : 80;
	1AAF : 80;
	1AB0 : 80;
	1AB1 : 80;
	1AB2 : 80;
	1AB3 : 80;
	1AB4 : 80;
	1AB5 : 80;
	1AB6 : 80;
	1AB7 : 80;
	1AB8 : 80;
	1AB9 : 80;
	1ABA : 80;
	1ABB : 80;
	1ABC : 80;
	1ABD : 80;
	1ABE : 80;
	1ABF : 80;
	1AC0 : 80;
	1AC1 : 80;
	1AC2 : 80;
	1AC3 : 80;
	1AC4 : 80;
	1AC5 : 80;
	1AC6 : 80;
	1AC7 : 80;
	1AC8 : 80;
	1AC9 : 80;
	1ACA : 80;
	1ACB : 84;
	1ACC : 80;
	1ACD : 80;
	1ACE : 80;
	1ACF : 84;
	1AD0 : 20;
	1AD1 : 80;
	1AD2 : 80;
	1AD3 : 80;
	1AD4 : 80;
	1AD5 : 80;
	1AD6 : 80;
	1AD7 : 80;
	1AD8 : 80;
	1AD9 : 80;
	1ADA : 80;
	1ADB : 80;
	1ADC : 80;
	1ADD : 80;
	1ADE : 80;
	1ADF : 80;
	1AE0 : 80;
	1AE1 : 80;
	1AE2 : 80;
	1AE3 : 80;
	1AE4 : 80;
	1AE5 : 80;
	1AE6 : 80;
	1AE7 : A4;
	1AE8 : 80;
	1AE9 : 80;
	1AEA : 80;
	1AEB : 80;
	1AEC : 80;
	1AED : 80;
	1AEE : 80;
	1AEF : 80;
	1AF0 : 80;
	1AF1 : 80;
	1AF2 : 80;
	1AF3 : 80;
	1AF4 : 80;
	1AF5 : 80;
	1AF6 : 80;
	1AF7 : 80;
	1AF8 : 80;
	1AF9 : 80;
	1AFA : 80;
	1AFB : 80;
	1AFC : 80;
	1AFD : 80;
	1AFE : 80;
	1AFF : 80;
	1B00 : 80;
	1B01 : 84;
	1B02 : 80;
	1B03 : 80;
	1B04 : 80;
	1B05 : 80;
	1B06 : 80;
	1B07 : 80;
	1B08 : 84;
	1B09 : 84;
	1B0A : 84;
	1B0B : 84;
	1B0C : 80;
	1B0D : 80;
	1B0E : 80;
	1B0F : 64;
	1B10 : 20;
	1B11 : 80;
	1B12 : 80;
	1B13 : 80;
	1B14 : 80;
	1B15 : 80;
	1B16 : 80;
	1B17 : 80;
	1B18 : 80;
	1B19 : 80;
	1B1A : 80;
	1B1B : 80;
	1B1C : 80;
	1B1D : 80;
	1B1E : 80;
	1B1F : 80;
	1B20 : 80;
	1B21 : 80;
	1B22 : 80;
	1B23 : 80;
	1B24 : 80;
	1B25 : 80;
	1B26 : 80;
	1B27 : 80;
	1B28 : 80;
	1B29 : 80;
	1B2A : 80;
	1B2B : 80;
	1B2C : 80;
	1B2D : 80;
	1B2E : 80;
	1B2F : 80;
	1B30 : 80;
	1B31 : 80;
	1B32 : 80;
	1B33 : 80;
	1B34 : 80;
	1B35 : 80;
	1B36 : 80;
	1B37 : 80;
	1B38 : 80;
	1B39 : 80;
	1B3A : 80;
	1B3B : 80;
	1B3C : 80;
	1B3D : 80;
	1B3E : 80;
	1B3F : 80;
	1B40 : 80;
	1B41 : 80;
	1B42 : 80;
	1B43 : 80;
	1B44 : 80;
	1B45 : 80;
	1B46 : 80;
	1B47 : 80;
	1B48 : 80;
	1B49 : 80;
	1B4A : 80;
	1B4B : 80;
	1B4C : 80;
	1B4D : 80;
	1B4E : 80;
	1B4F : 64;
	1B50 : 60;
	1B51 : 80;
	1B52 : 80;
	1B53 : 80;
	1B54 : 80;
	1B55 : 80;
	1B56 : 80;
	1B57 : 80;
	1B58 : 80;
	1B59 : 80;
	1B5A : 80;
	1B5B : 80;
	1B5C : 80;
	1B5D : 80;
	1B5E : 80;
	1B5F : 80;
	1B60 : 80;
	1B61 : 80;
	1B62 : 80;
	1B63 : 80;
	1B64 : 80;
	1B65 : 80;
	1B66 : 80;
	1B67 : 80;
	1B68 : 80;
	1B69 : 80;
	1B6A : 80;
	1B6B : 80;
	1B6C : 80;
	1B6D : 80;
	1B6E : 80;
	1B6F : 80;
	1B70 : 80;
	1B71 : 80;
	1B72 : 80;
	1B73 : 80;
	1B74 : 80;
	1B75 : 80;
	1B76 : 80;
	1B77 : 80;
	1B78 : 80;
	1B79 : 80;
	1B7A : 80;
	1B7B : 80;
	1B7C : 80;
	1B7D : 80;
	1B7E : 80;
	1B7F : 80;
	1B80 : 80;
	1B81 : 80;
	1B82 : 80;
	1B83 : 80;
	1B84 : 80;
	1B85 : 80;
	1B86 : 80;
	1B87 : 80;
	1B88 : 80;
	1B89 : 80;
	1B8A : 80;
	1B8B : 80;
	1B8C : 80;
	1B8D : 80;
	1B8E : 80;
	1B8F : 80;
	1B90 : 60;
	1B91 : 80;
	1B92 : 80;
	1B93 : 80;
	1B94 : 80;
	1B95 : 80;
	1B96 : 80;
	1B97 : 80;
	1B98 : 80;
	1B99 : 80;
	1B9A : 80;
	1B9B : 80;
	1B9C : 80;
	1B9D : 80;
	1B9E : 80;
	1B9F : 80;
	1BA0 : 80;
	1BA1 : 80;
	1BA2 : 80;
	1BA3 : 80;
	1BA4 : 80;
	1BA5 : 80;
	1BA6 : 80;
	1BA7 : 80;
	1BA8 : 80;
	1BA9 : 80;
	1BAA : 80;
	1BAB : 80;
	1BAC : 80;
	1BAD : 80;
	1BAE : 80;
	1BAF : 80;
	1BB0 : 80;
	1BB1 : 80;
	1BB2 : 80;
	1BB3 : 80;
	1BB4 : 80;
	1BB5 : 80;
	1BB6 : 80;
	1BB7 : 80;
	1BB8 : 80;
	1BB9 : 80;
	1BBA : 80;
	1BBB : 80;
	1BBC : 80;
	1BBD : 80;
	1BBE : 80;
	1BBF : 80;
	1BC0 : 80;
	1BC1 : 80;
	1BC2 : 80;
	1BC3 : 80;
	1BC4 : 80;
	1BC5 : 80;
	1BC6 : 80;
	1BC7 : 84;
	1BC8 : 60;
	1BC9 : 60;
	1BCA : 80;
	1BCB : 60;
	1BCC : 80;
	1BCD : 80;
	1BCE : 60;
	1BCF : 60;
	1BD0 : 20;
	1BD1 : 60;
	1BD2 : 60;
	1BD3 : 60;
	1BD4 : 60;
	1BD5 : 60;
	1BD6 : 60;
	1BD7 : 60;
	1BD8 : 80;
	1BD9 : 60;
	1BDA : 80;
	1BDB : 84;
	1BDC : 84;
	1BDD : 80;
	1BDE : 84;
	1BDF : 80;
	1BE0 : 60;
	1BE1 : 60;
	1BE2 : 60;
	1BE3 : 60;
	1BE4 : 60;
	1BE5 : 60;
	1BE6 : 60;
	1BE7 : 60;
	1BE8 : 60;
	1BE9 : 60;
	1BEA : 60;
	1BEB : 60;
	1BEC : 80;
	1BED : 60;
	1BEE : 60;
	1BEF : 80;
	1BF0 : 60;
	1BF1 : 80;
	1BF2 : 80;
	1BF3 : 60;
	1BF4 : 60;
	1BF5 : 60;
	1BF6 : 60;
	1BF7 : 60;
	1BF8 : 60;
	1BF9 : 60;
	1BFA : 60;
	1BFB : 60;
	1BFC : 60;
	1BFD : 60;
	1BFE : 80;
	1BFF : 60;
	1C00 : 60;
	1C01 : 60;
	1C02 : 60;
	1C03 : 60;
	1C04 : 60;
	1C05 : 60;
	1C06 : 60;
	1C07 : 60;
	1C08 : 60;
	1C09 : 60;
	1C0A : 60;
	1C0B : 60;
	1C0C : 60;
	1C0D : 60;
	1C0E : 60;
	1C0F : 60;
	1C10 : 60;
	1C11 : 60;
	1C12 : 60;
	1C13 : 60;
	1C14 : 60;
	1C15 : 60;
	1C16 : 60;
	1C17 : 60;
	1C18 : 60;
	1C19 : 60;
	1C1A : 60;
	1C1B : 60;
	1C1C : 60;
	1C1D : 60;
	1C1E : 60;
	1C1F : 60;
	1C20 : 60;
	1C21 : 60;
	1C22 : 60;
	1C23 : 60;
	1C24 : 60;
	1C25 : 60;
	1C26 : 60;
	1C27 : 60;
	1C28 : 60;
	1C29 : 60;
	1C2A : 60;
	1C2B : 60;
	1C2C : 60;
	1C2D : 60;
	1C2E : 60;
	1C2F : 60;
	1C30 : 60;
	1C31 : 60;
	1C32 : 60;
	1C33 : 60;
	1C34 : 60;
	1C35 : 60;
	1C36 : 60;
	1C37 : 60;
	1C38 : 60;
	1C39 : 60;
	1C3A : 60;
	1C3B : 60;
	1C3C : 60;
	1C3D : 60;
	1C3E : 60;
	1C3F : 60;
	1C40 : 60;
	1C41 : 60;
	1C42 : 60;
	1C43 : 60;
	1C44 : 60;
	1C45 : 60;
	1C46 : 60;
	1C47 : 60;
	1C48 : 60;
	1C49 : 60;
	1C4A : 60;
	1C4B : 60;
	1C4C : 60;
	1C4D : 60;
	1C4E : 60;
	1C4F : 60;
	1C50 : 60;
	1C51 : 60;
	1C52 : 60;
	1C53 : 60;
	1C54 : 60;
	1C55 : 60;
	1C56 : 60;
	1C57 : 60;
	1C58 : 60;
	1C59 : 60;
	1C5A : 60;
	1C5B : 60;
	1C5C : 60;
	1C5D : 60;
	1C5E : 60;
	1C5F : 60;
	1C60 : 60;
	1C61 : 60;
	1C62 : 60;
	1C63 : 60;
	1C64 : 60;
	1C65 : 60;
	1C66 : 60;
	1C67 : 60;
	1C68 : 60;
	1C69 : 60;
	1C6A : 60;
	1C6B : 60;
	1C6C : 60;
	1C6D : 60;
	1C6E : 60;
	1C6F : 60;
	1C70 : 60;
	1C71 : 60;
	1C72 : 60;
	1C73 : 60;
	1C74 : 60;
	1C75 : 60;
	1C76 : 60;
	1C77 : 60;
	1C78 : 60;
	1C79 : 60;
	1C7A : 60;
	1C7B : 60;
	1C7C : 60;
	1C7D : 60;
	1C7E : 60;
	1C7F : 60;
	1C80 : 60;
	1C81 : 60;
	1C82 : 60;
	1C83 : 60;
	1C84 : 60;
	1C85 : 60;
	1C86 : 60;
	1C87 : 60;
	1C88 : 60;
	1C89 : 60;
	1C8A : 60;
	1C8B : 60;
	1C8C : 60;
	1C8D : 60;
	1C8E : 60;
	1C8F : 60;
	1C90 : 60;
	1C91 : 60;
	1C92 : 60;
	1C93 : 60;
	1C94 : 60;
	1C95 : 60;
	1C96 : 60;
	1C97 : 60;
	1C98 : 60;
	1C99 : 60;
	1C9A : 60;
	1C9B : 60;
	1C9C : 60;
	1C9D : 60;
	1C9E : 60;
	1C9F : 60;
	1CA0 : 60;
	1CA1 : 60;
	1CA2 : 60;
	1CA3 : 60;
	1CA4 : 60;
	1CA5 : 60;
	1CA6 : 60;
	1CA7 : 60;
	1CA8 : 60;
	1CA9 : 60;
	1CAA : 60;
	1CAB : 60;
	1CAC : 60;
	1CAD : 60;
	1CAE : 60;
	1CAF : 60;
	1CB0 : 60;
	1CB1 : 60;
	1CB2 : 60;
	1CB3 : 60;
	1CB4 : 60;
	1CB5 : 60;
	1CB6 : 60;
	1CB7 : 60;
	1CB8 : 60;
	1CB9 : 60;
	1CBA : 60;
	1CBB : 60;
	1CBC : 60;
	1CBD : 60;
	1CBE : 60;
	1CBF : 60;
	1CC0 : 60;
	1CC1 : 60;
	1CC2 : 60;
	1CC3 : 60;
	1CC4 : 60;
	1CC5 : 60;
	1CC6 : 60;
	1CC7 : 60;
	1CC8 : 60;
	1CC9 : 60;
	1CCA : 60;
	1CCB : 60;
	1CCC : 60;
	1CCD : 60;
	1CCE : 60;
	1CCF : 60;
	1CD0 : 60;
	1CD1 : 60;
	1CD2 : 60;
	1CD3 : 60;
	1CD4 : 60;
	1CD5 : 60;
	1CD6 : 60;
	1CD7 : 60;
	1CD8 : 60;
	1CD9 : 60;
	1CDA : 60;
	1CDB : 60;
	1CDC : 60;
	1CDD : 60;
	1CDE : 60;
	1CDF : 60;
	1CE0 : 60;
	1CE1 : 60;
	1CE2 : 60;
	1CE3 : 60;
	1CE4 : 60;
	1CE5 : 60;
	1CE6 : 60;
	1CE7 : 60;
	1CE8 : 60;
	1CE9 : 60;
	1CEA : 60;
	1CEB : 60;
	1CEC : 60;
	1CED : 60;
	1CEE : 60;
	1CEF : 60;
	1CF0 : 60;
	1CF1 : 60;
	1CF2 : 60;
	1CF3 : 60;
	1CF4 : 60;
	1CF5 : 60;
	1CF6 : 60;
	1CF7 : 60;
	1CF8 : 60;
	1CF9 : 60;
	1CFA : 60;
	1CFB : 60;
	1CFC : 60;
	1CFD : 60;
	1CFE : 60;
	1CFF : 60;
	1D00 : 60;
	1D01 : 60;
	1D02 : 60;
	1D03 : 60;
	1D04 : 60;
	1D05 : 60;
	1D06 : 60;
	1D07 : 60;
	1D08 : 60;
	1D09 : 60;
	1D0A : 60;
	1D0B : 60;
	1D0C : 60;
	1D0D : 60;
	1D0E : 60;
	1D0F : 60;
	1D10 : 60;
	1D11 : 60;
	1D12 : 60;
	1D13 : 60;
	1D14 : 60;
	1D15 : 60;
	1D16 : 60;
	1D17 : 60;
	1D18 : 60;
	1D19 : 60;
	1D1A : 60;
	1D1B : 60;
	1D1C : 60;
	1D1D : 60;
	1D1E : 60;
	1D1F : 60;
	1D20 : 60;
	1D21 : 60;
	1D22 : 60;
	1D23 : 60;
	1D24 : 60;
	1D25 : 60;
	1D26 : 60;
	1D27 : 60;
	1D28 : 60;
	1D29 : 60;
	1D2A : 60;
	1D2B : 60;
	1D2C : 60;
	1D2D : 60;
	1D2E : 60;
	1D2F : 60;
	1D30 : 60;
	1D31 : 60;
	1D32 : 60;
	1D33 : 60;
	1D34 : 60;
	1D35 : 60;
	1D36 : 60;
	1D37 : 60;
	1D38 : 60;
	1D39 : 60;
	1D3A : 60;
	1D3B : 60;
	1D3C : 60;
	1D3D : 60;
	1D3E : 60;
	1D3F : 60;
	1D40 : 60;
	1D41 : 60;
	1D42 : 60;
	1D43 : 60;
	1D44 : 60;
	1D45 : 60;
	1D46 : 60;
	1D47 : 60;
	1D48 : 60;
	1D49 : 60;
	1D4A : 60;
	1D4B : 60;
	1D4C : 60;
	1D4D : 60;
	1D4E : 60;
	1D4F : 60;
	1D50 : 60;
	1D51 : 60;
	1D52 : 60;
	1D53 : 60;
	1D54 : 60;
	1D55 : 60;
	1D56 : 60;
	1D57 : 60;
	1D58 : 60;
	1D59 : 60;
	1D5A : 60;
	1D5B : 60;
	1D5C : 60;
	1D5D : 60;
	1D5E : 60;
	1D5F : 60;
	1D60 : 60;
	1D61 : 60;
	1D62 : 60;
	1D63 : 60;
	1D64 : 60;
	1D65 : 60;
	1D66 : 60;
	1D67 : 60;
	1D68 : 60;
	1D69 : 60;
	1D6A : 60;
	1D6B : 60;
	1D6C : 60;
	1D6D : 60;
	1D6E : 60;
	1D6F : 60;
	1D70 : 60;
	1D71 : 60;
	1D72 : 60;
	1D73 : 60;
	1D74 : 60;
	1D75 : 60;
	1D76 : 60;
	1D77 : 60;
	1D78 : 60;
	1D79 : 60;
	1D7A : 60;
	1D7B : 60;
	1D7C : 60;
	1D7D : 60;
	1D7E : 60;
	1D7F : 60;
	1D80 : 20;
	1D81 : 20;
	1D82 : 20;
	1D83 : 20;
	1D84 : 20;
	1D85 : 60;
	1D86 : 20;
	1D87 : 20;
	1D88 : 20;
	1D89 : 20;
	1D8A : 20;
	1D8B : 20;
	1D8C : 20;
	1D8D : 20;
	1D8E : 20;
	1D8F : 20;
	1D90 : 20;
	1D91 : 20;
	1D92 : 20;
	1D93 : 20;
	1D94 : 20;
	1D95 : 20;
	1D96 : 20;
	1D97 : 20;
	1D98 : 20;
	1D99 : 20;
	1D9A : 20;
	1D9B : 60;
	1D9C : 20;
	1D9D : 20;
	1D9E : 20;
	1D9F : 20;
	1DA0 : 20;
	1DA1 : 20;
	1DA2 : 20;
	1DA3 : 20;
	1DA4 : 20;
	1DA5 : 20;
	1DA6 : 20;
	1DA7 : 20;
	1DA8 : 20;
	1DA9 : 20;
	1DAA : 20;
	1DAB : 20;
	1DAC : 20;
	1DAD : 20;
	1DAE : 20;
	1DAF : 20;
	1DB0 : 20;
	1DB1 : 20;
	1DB2 : 20;
	1DB3 : 20;
	1DB4 : 20;
	1DB5 : 20;
	1DB6 : 60;
	1DB7 : 20;
	1DB8 : 20;
	1DB9 : 60;
	1DBA : 20;
	1DBB : 20;
	1DBC : 20;
	1DBD : 20;
	1DBE : 20;
	1DBF : 20;
	1DC0 : 20;
	1DC1 : 20;
	1DC2 : 20;
	1DC3 : 20;
	1DC4 : 20;
	1DC5 : 20;
	1DC6 : 20;
	1DC7 : 20;
	1DC8 : 20;
	1DC9 : 20;
	1DCA : 20;
	1DCB : 20;
	1DCC : 20;
	1DCD : 20;
	1DCE : 20;
	1DCF : 20;
	1DD0 : 20;
	1DD1 : 20;
	1DD2 : 20;
	1DD3 : 20;
	1DD4 : 20;
	1DD5 : 20;
	1DD6 : 20;
	1DD7 : 20;
	1DD8 : 20;
	1DD9 : 20;
	1DDA : 20;
	1DDB : 20;
	1DDC : 20;
	1DDD : 20;
	1DDE : 20;
	1DDF : 20;
	1DE0 : 20;
	1DE1 : 20;
	1DE2 : 20;
	1DE3 : 20;
	1DE4 : 20;
	1DE5 : 20;
	1DE6 : 20;
	1DE7 : 20;
	1DE8 : 20;
	1DE9 : 20;
	1DEA : 20;
	1DEB : 20;
	1DEC : 20;
	1DED : 20;
	1DEE : 20;
	1DEF : 20;
	1DF0 : 20;
	1DF1 : 20;
	1DF2 : 20;
	1DF3 : 20;
	1DF4 : 20;
	1DF5 : 20;
	1DF6 : 20;
	1DF7 : 20;
	1DF8 : 20;
	1DF9 : 20;
	1DFA : 20;
	1DFB : 20;
	1DFC : 20;
	1DFD : 20;
	1DFE : 20;
	1DFF : 20;
	1E00 : 20;
	1E01 : 20;
	1E02 : 20;
	1E03 : 20;
	1E04 : 20;
	1E05 : 20;
	1E06 : 20;
	1E07 : 20;
	1E08 : 20;
	1E09 : 20;
	1E0A : 20;
	1E0B : 20;
	1E0C : 20;
	1E0D : 20;
	1E0E : 20;
	1E0F : 20;
	1E10 : 20;
	1E11 : 20;
	1E12 : 20;
	1E13 : 20;
	1E14 : 20;
	1E15 : 20;
	1E16 : 20;
	1E17 : 20;
	1E18 : 20;
	1E19 : 20;
	1E1A : 20;
	1E1B : 20;
	1E1C : 20;
	1E1D : 20;
	1E1E : 20;
	1E1F : 20;
	1E20 : 20;
	1E21 : 20;
	1E22 : 20;
	1E23 : 20;
	1E24 : 20;
	1E25 : 20;
	1E26 : 20;
	1E27 : 20;
	1E28 : 20;
	1E29 : 20;
	1E2A : 20;
	1E2B : 20;
	1E2C : 20;
	1E2D : 20;
	1E2E : 20;
	1E2F : 20;
	1E30 : 20;
	1E31 : 20;
	1E32 : 20;
	1E33 : 20;
	1E34 : 20;
	1E35 : 20;
	1E36 : 20;
	1E37 : 20;
	1E38 : 20;
	1E39 : 20;
	1E3A : 20;
	1E3B : 20;
	1E3C : 20;
	1E3D : 20;
	1E3E : 20;
	1E3F : 20;
	1E40 : 20;
	1E41 : 20;
	1E42 : 20;
	1E43 : 20;
	1E44 : 20;
	1E45 : 20;
	1E46 : 20;
	1E47 : 20;
	1E48 : 20;
	1E49 : 20;
	1E4A : 20;
	1E4B : 20;
	1E4C : 20;
	1E4D : 20;
	1E4E : 20;
	1E4F : 20;
	1E50 : 20;
	1E51 : 20;
	1E52 : 20;
	1E53 : 20;
	1E54 : 20;
	1E55 : 20;
	1E56 : 20;
	1E57 : 20;
	1E58 : 20;
	1E59 : 20;
	1E5A : 20;
	1E5B : 20;
	1E5C : 20;
	1E5D : 20;
	1E5E : 20;
	1E5F : 20;
	1E60 : 20;
	1E61 : 20;
	1E62 : 20;
	1E63 : 20;
	1E64 : 20;
	1E65 : 20;
	1E66 : 20;
	1E67 : 20;
	1E68 : 20;
	1E69 : 20;
	1E6A : 20;
	1E6B : 20;
	1E6C : 20;
	1E6D : 20;
	1E6E : 20;
	1E6F : 20;
	1E70 : 20;
	1E71 : 20;
	1E72 : 20;
	1E73 : 20;
	1E74 : 20;
	1E75 : 20;
	1E76 : 20;
	1E77 : 20;
	1E78 : 20;
	1E79 : 20;
	1E7A : 20;
	1E7B : 20;
	1E7C : 20;
	1E7D : 20;
	1E7E : 20;
	1E7F : 20;
	1E80 : 20;
	1E81 : 20;
	1E82 : 20;
	1E83 : 20;
	1E84 : 20;
	1E85 : 20;
	1E86 : 20;
	1E87 : 20;
	1E88 : 20;
	1E89 : 20;
	1E8A : 20;
	1E8B : 20;
	1E8C : 20;
	1E8D : 20;
	1E8E : 20;
	1E8F : 20;
	1E90 : 20;
	1E91 : 20;
	1E92 : 20;
	1E93 : 20;
	1E94 : 20;
	1E95 : 20;
	1E96 : 20;
	1E97 : 20;
	1E98 : 20;
	1E99 : 20;
	1E9A : 20;
	1E9B : 20;
	1E9C : 20;
	1E9D : 20;
	1E9E : 20;
	1E9F : 20;
	1EA0 : 20;
	1EA1 : 20;
	1EA2 : 20;
	1EA3 : 20;
	1EA4 : 20;
	1EA5 : 20;
	1EA6 : 20;
	1EA7 : 20;
	1EA8 : 20;
	1EA9 : 20;
	1EAA : 20;
	1EAB : 20;
	1EAC : 20;
	1EAD : 20;
	1EAE : 20;
	1EAF : 20;
	1EB0 : 20;
	1EB1 : 20;
	1EB2 : 20;
	1EB3 : 20;
	1EB4 : 20;
	1EB5 : 20;
	1EB6 : 20;
	1EB7 : 20;
	1EB8 : 20;
	1EB9 : 20;
	1EBA : 20;
	1EBB : 20;
	1EBC : 20;
	1EBD : 20;
	1EBE : 20;
	1EBF : 20;
	1EC0 : 20;
	1EC1 : 20;
	1EC2 : 20;
	1EC3 : 20;
	1EC4 : 20;
	1EC5 : 20;
	1EC6 : 20;
	1EC7 : 20;
	1EC8 : 20;
	1EC9 : 20;
	1ECA : 20;
	1ECB : 20;
	1ECC : 20;
	1ECD : 20;
	1ECE : 20;
	1ECF : 20;
	1ED0 : 20;
	1ED1 : 20;
	1ED2 : 20;
	1ED3 : 20;
	1ED4 : 20;
	1ED5 : 20;
	1ED6 : 20;
	1ED7 : 20;
	1ED8 : 20;
	1ED9 : 20;
	1EDA : 20;
	1EDB : 20;
	1EDC : 20;
	1EDD : 20;
	1EDE : 20;
	1EDF : 20;
	1EE0 : 20;
	1EE1 : 20;
	1EE2 : 20;
	1EE3 : 20;
	1EE4 : 20;
	1EE5 : 20;
	1EE6 : 20;
	1EE7 : 20;
	1EE8 : 20;
	1EE9 : 20;
	1EEA : 20;
	1EEB : 20;
	1EEC : 20;
	1EED : 20;
	1EEE : 20;
	1EEF : 20;
	1EF0 : 20;
	1EF1 : 20;
	1EF2 : 20;
	1EF3 : 20;
	1EF4 : 20;
	1EF5 : 20;
	1EF6 : 20;
	1EF7 : 20;
	1EF8 : 20;
	1EF9 : 20;
	1EFA : 20;
	1EFB : 20;
	1EFC : 20;
	1EFD : 20;
	1EFE : 20;
	1EFF : 20;
	1F00 : 20;
	1F01 : 20;
	1F02 : 20;
	1F03 : 20;
	1F04 : 20;
	1F05 : 20;
	1F06 : 20;
	1F07 : 20;
	1F08 : 20;
	1F09 : 20;
	1F0A : 20;
	1F0B : 20;
	1F0C : 20;
	1F0D : 20;
	1F0E : 20;
	1F0F : 20;
	1F10 : 20;
	1F11 : 20;
	1F12 : 20;
	1F13 : 20;
	1F14 : 20;
	1F15 : 20;
	1F16 : 20;
	1F17 : 20;
	1F18 : 20;
	1F19 : 20;
	1F1A : 20;
	1F1B : 20;
	1F1C : 20;
	1F1D : 20;
	1F1E : 20;
	1F1F : 20;
	1F20 : 20;
	1F21 : 20;
	1F22 : 20;
	1F23 : 20;
	1F24 : 20;
	1F25 : 20;
	1F26 : 20;
	1F27 : 20;
	1F28 : 20;
	1F29 : 20;
	1F2A : 20;
	1F2B : 20;
	1F2C : 20;
	1F2D : 20;
	1F2E : 20;
	1F2F : 20;
	1F30 : 20;
	1F31 : 20;
	1F32 : 20;
	1F33 : 20;
	1F34 : 20;
	1F35 : 20;
	1F36 : 20;
	1F37 : 20;
	1F38 : 20;
	1F39 : 20;
	1F3A : 20;
	1F3B : 20;
	1F3C : 20;
	1F3D : 20;
	1F3E : 20;
	1F3F : 20;
	1F40 : 20;
	1F41 : 20;
	1F42 : 20;
	1F43 : 20;
	1F44 : 20;
	1F45 : 20;
	1F46 : 20;
	1F47 : 20;
	1F48 : 20;
	1F49 : 20;
	1F4A : 20;
	1F4B : 20;
	1F4C : 20;
	1F4D : 20;
	1F4E : 20;
	1F4F : 20;
	1F50 : 20;
	1F51 : 20;
	1F52 : 20;
	1F53 : 20;
	1F54 : 20;
	1F55 : 20;
	1F56 : 20;
	1F57 : 20;
	1F58 : 20;
	1F59 : 20;
	1F5A : 20;
	1F5B : 20;
	1F5C : 20;
	1F5D : 20;
	1F5E : 20;
	1F5F : 20;
	1F60 : 20;
	1F61 : 20;
	1F62 : 20;
	1F63 : 20;
	1F64 : 20;
	1F65 : 20;
	1F66 : 20;
	1F67 : 20;
	1F68 : 20;
	1F69 : 20;
	1F6A : 20;
	1F6B : 20;
	1F6C : 20;
	1F6D : 20;
	1F6E : 20;
	1F6F : 20;
	1F70 : 20;
	1F71 : 20;
	1F72 : 20;
	1F73 : 20;
	1F74 : 20;
	1F75 : 20;
	1F76 : 20;
	1F77 : 20;
	1F78 : 20;
	1F79 : 20;
	1F7A : 20;
	1F7B : 20;
	1F7C : 20;
	1F7D : 20;
	1F7E : 20;
	1F7F : 20;
	1F80 : 20;
	1F81 : 20;
	1F82 : 20;
	1F83 : 20;
	1F84 : 20;
	1F85 : 20;
	1F86 : 20;
	1F87 : 20;
	1F88 : 20;
	1F89 : 20;
	1F8A : 20;
	1F8B : 20;
	1F8C : 20;
	1F8D : 20;
	1F8E : 20;
	1F8F : 20;
	1F90 : 20;
	1F91 : 20;
	1F92 : 20;
	1F93 : 20;
	1F94 : 20;
	1F95 : 20;
	1F96 : 20;
	1F97 : 20;
	1F98 : 20;
	1F99 : 20;
	1F9A : 20;
	1F9B : 20;
	1F9C : 20;
	1F9D : 20;
	1F9E : 20;
	1F9F : 20;
	1FA0 : 20;
	1FA1 : 20;
	1FA2 : 20;
	1FA3 : 20;
	1FA4 : 20;
	1FA5 : 20;
	1FA6 : 20;
	1FA7 : 20;
	1FA8 : 20;
	1FA9 : 20;
	1FAA : 20;
	1FAB : 20;
	1FAC : 20;
	1FAD : 20;
	1FAE : 20;
	1FAF : 20;
	1FB0 : 20;
	1FB1 : 20;
	1FB2 : 20;
	1FB3 : 20;
	1FB4 : 20;
	1FB5 : 20;
	1FB6 : 20;
	1FB7 : 20;
	1FB8 : 20;
	1FB9 : 20;
	1FBA : 20;
	1FBB : 20;
	1FBC : 20;
	1FBD : 20;
	1FBE : 20;
	1FBF : 20;
	1FC0 : 20;
	1FC1 : 20;
	1FC2 : 20;
	1FC3 : 20;
	1FC4 : 20;
	1FC5 : 20;
	1FC6 : 20;
	1FC7 : 20;
	1FC8 : 20;
	1FC9 : 20;
	1FCA : 20;
	1FCB : 20;
	1FCC : 20;
	1FCD : 20;
	1FCE : 20;
	1FCF : 20;
	1FD0 : 20;
	1FD1 : 20;
	1FD2 : 20;
	1FD3 : 20;
	1FD4 : 20;
	1FD5 : 20;
	1FD6 : 20;
	1FD7 : 20;
	1FD8 : 20;
	1FD9 : 20;
	1FDA : 20;
	1FDB : 20;
	1FDC : 20;
	1FDD : 20;
	1FDE : 20;
	1FDF : 20;
	1FE0 : 20;
	1FE1 : 20;
	1FE2 : 20;
	1FE3 : 20;
	1FE4 : 20;
	1FE5 : 20;
	1FE6 : 20;
	1FE7 : 20;
	1FE8 : 20;
	1FE9 : 20;
	1FEA : 20;
	1FEB : 20;
	1FEC : 20;
	1FED : 20;
	1FEE : 20;
	1FEF : 20;
	1FF0 : 20;
	1FF1 : 20;
	1FF2 : 20;
	1FF3 : 20;
	1FF4 : 20;
	1FF5 : 20;
	1FF6 : 20;
	1FF7 : 20;
	1FF8 : 20;
	1FF9 : 20;
	1FFA : 20;
	1FFB : 20;
	1FFC : 20;
	1FFD : 20;
	1FFE : 20;
	1FFF : 20;
	2000 : 20;
	2001 : 20;
	2002 : 20;
	2003 : 20;
	2004 : 20;
	2005 : 20;
	2006 : 20;
	2007 : 20;
	2008 : 20;
	2009 : 20;
	200A : 20;
	200B : 20;
	200C : 20;
	200D : 20;
	200E : 20;
	200F : 20;
	2010 : 20;
	2011 : 20;
	2012 : 20;
	2013 : 20;
	2014 : 20;
	2015 : 20;
	2016 : 20;
	2017 : 20;
	2018 : 20;
	2019 : 20;
	201A : 20;
	201B : 20;
	201C : 20;
	201D : 20;
	201E : 20;
	201F : 20;
	2020 : 20;
	2021 : 20;
	2022 : 20;
	2023 : 20;
	2024 : 20;
	2025 : 20;
	2026 : 20;
	2027 : 20;
	2028 : 20;
	2029 : 20;
	202A : 20;
	202B : 20;
	202C : 20;
	202D : 20;
	202E : 20;
	202F : 20;
	2030 : 20;
	2031 : 20;
	2032 : 20;
	2033 : 20;
	2034 : 20;
	2035 : 20;
	2036 : 20;
	2037 : 20;
	2038 : 20;
	2039 : 20;
	203A : 20;
	203B : 20;
	203C : 20;
	203D : 20;
	203E : 20;
	203F : 20;
	2040 : 20;
	2041 : 20;
	2042 : 20;
	2043 : 20;
	2044 : 20;
	2045 : 20;
	2046 : 20;
	2047 : 20;
	2048 : 20;
	2049 : 20;
	204A : 20;
	204B : 20;
	204C : 20;
	204D : 20;
	204E : 20;
	204F : 20;
	2050 : 20;
	2051 : 20;
	2052 : 20;
	2053 : 20;
	2054 : 20;
	2055 : 20;
	2056 : 20;
	2057 : 20;
	2058 : 20;
	2059 : 20;
	205A : 20;
	205B : 20;
	205C : 20;
	205D : 20;
	205E : 20;
	205F : 20;
	2060 : 20;
	2061 : 20;
	2062 : 20;
	2063 : 20;
	2064 : 20;
	2065 : 20;
	2066 : 20;
	2067 : 20;
	2068 : 20;
	2069 : 20;
	206A : 20;
	206B : 20;
	206C : 20;
	206D : 20;
	206E : 20;
	206F : 20;
	2070 : 20;
	2071 : 20;
	2072 : 20;
	2073 : 20;
	2074 : 20;
	2075 : 20;
	2076 : 20;
	2077 : 20;
	2078 : 20;
	2079 : 20;
	207A : 20;
	207B : 20;
	207C : 20;
	207D : 20;
	207E : 20;
	207F : 20;
	2080 : 20;
	2081 : 20;
	2082 : 20;
	2083 : 20;
	2084 : 20;
	2085 : 20;
	2086 : 20;
	2087 : 20;
	2088 : 20;
	2089 : 20;
	208A : 20;
	208B : 20;
	208C : 20;
	208D : 20;
	208E : 20;
	208F : 20;
	2090 : 20;
	2091 : 20;
	2092 : 20;
	2093 : 20;
	2094 : 20;
	2095 : 20;
	2096 : 20;
	2097 : 20;
	2098 : 20;
	2099 : 20;
	209A : 20;
	209B : 20;
	209C : 20;
	209D : 20;
	209E : 20;
	209F : 20;
	20A0 : 20;
	20A1 : 20;
	20A2 : 20;
	20A3 : 20;
	20A4 : 20;
	20A5 : 20;
	20A6 : 20;
	20A7 : 20;
	20A8 : 20;
	20A9 : 20;
	20AA : 20;
	20AB : 20;
	20AC : 20;
	20AD : 20;
	20AE : 20;
	20AF : 20;
	20B0 : 20;
	20B1 : 20;
	20B2 : 20;
	20B3 : 20;
	20B4 : 20;
	20B5 : 20;
	20B6 : 20;
	20B7 : 20;
	20B8 : 20;
	20B9 : 20;
	20BA : 20;
	20BB : 20;
	20BC : 20;
	20BD : 20;
	20BE : 20;
	20BF : 20;
	20C0 : 20;
	20C1 : 20;
	20C2 : 20;
	20C3 : 20;
	20C4 : 20;
	20C5 : 20;
	20C6 : 20;
	20C7 : 20;
	20C8 : 20;
	20C9 : 20;
	20CA : 20;
	20CB : 20;
	20CC : 20;
	20CD : 20;
	20CE : 20;
	20CF : 20;
	20D0 : 20;
	20D1 : 20;
	20D2 : 20;
	20D3 : 20;
	20D4 : 20;
	20D5 : 20;
	20D6 : 20;
	20D7 : 20;
	20D8 : 20;
	20D9 : 20;
	20DA : 20;
	20DB : 20;
	20DC : 20;
	20DD : 20;
	20DE : 20;
	20DF : 20;
	20E0 : 20;
	20E1 : 20;
	20E2 : 20;
	20E3 : 20;
	20E4 : 20;
	20E5 : 20;
	20E6 : 20;
	20E7 : 20;
	20E8 : 20;
	20E9 : 20;
	20EA : 20;
	20EB : 20;
	20EC : 20;
	20ED : 20;
	20EE : 20;
	20EF : 20;
	20F0 : 20;
	20F1 : 20;
	20F2 : 20;
	20F3 : 20;
	20F4 : 20;
	20F5 : 20;
	20F6 : 20;
	20F7 : 20;
	20F8 : 20;
	20F9 : 20;
	20FA : 20;
	20FB : 20;
	20FC : 20;
	20FD : 20;
	20FE : 20;
	20FF : 20;
	2100 : 20;
	2101 : 20;
	2102 : 20;
	2103 : 20;
	2104 : 20;
	2105 : 20;
	2106 : 20;
	2107 : 20;
	2108 : 20;
	2109 : 20;
	210A : 20;
	210B : 20;
	210C : 20;
	210D : 20;
	210E : 20;
	210F : 20;
	2110 : 20;
	2111 : 20;
	2112 : 20;
	2113 : 20;
	2114 : 20;
	2115 : 20;
	2116 : 20;
	2117 : 20;
	2118 : 20;
	2119 : 20;
	211A : 20;
	211B : 20;
	211C : 20;
	211D : 20;
	211E : 20;
	211F : 20;
	2120 : 20;
	2121 : 20;
	2122 : 20;
	2123 : 20;
	2124 : 20;
	2125 : 20;
	2126 : 20;
	2127 : 20;
	2128 : 20;
	2129 : 20;
	212A : 20;
	212B : 20;
	212C : 20;
	212D : 20;
	212E : 20;
	212F : 20;
	2130 : 20;
	2131 : 20;
	2132 : 20;
	2133 : 20;
	2134 : 20;
	2135 : 20;
	2136 : 20;
	2137 : 20;
	2138 : 20;
	2139 : 20;
	213A : 20;
	213B : 20;
	213C : 20;
	213D : 20;
	213E : 20;
	213F : 20;
	2140 : 20;
	2141 : 20;
	2142 : 20;
	2143 : 20;
	2144 : 20;
	2145 : 20;
	2146 : 20;
	2147 : 20;
	2148 : 20;
	2149 : 20;
	214A : 20;
	214B : 20;
	214C : 20;
	214D : 20;
	214E : 20;
	214F : 20;
	2150 : 20;
	2151 : 20;
	2152 : 20;
	2153 : 20;
	2154 : 20;
	2155 : 20;
	2156 : 20;
	2157 : 20;
	2158 : 20;
	2159 : 20;
	215A : 20;
	215B : 20;
	215C : 20;
	215D : 20;
	215E : 20;
	215F : 20;
	2160 : 20;
	2161 : 20;
	2162 : 20;
	2163 : 20;
	2164 : 20;
	2165 : 20;
	2166 : 20;
	2167 : 20;
	2168 : 20;
	2169 : 20;
	216A : 20;
	216B : 20;
	216C : 20;
	216D : 20;
	216E : 20;
	216F : 20;
	2170 : 20;
	2171 : 20;
	2172 : 20;
	2173 : 20;
	2174 : 20;
	2175 : 20;
	2176 : 20;
	2177 : 20;
	2178 : 20;
	2179 : 20;
	217A : 20;
	217B : 20;
	217C : 20;
	217D : 20;
	217E : 20;
	217F : 20;
	2180 : 20;
	2181 : 20;
	2182 : 20;
	2183 : 20;
	2184 : 20;
	2185 : 20;
	2186 : 20;
	2187 : 20;
	2188 : 20;
	2189 : 20;
	218A : 20;
	218B : 20;
	218C : 20;
	218D : 20;
	218E : 20;
	218F : 20;
	2190 : 20;
	2191 : 20;
	2192 : 20;
	2193 : 20;
	2194 : 20;
	2195 : 20;
	2196 : 20;
	2197 : 20;
	2198 : 20;
	2199 : 20;
	219A : 20;
	219B : 20;
	219C : 20;
	219D : 20;
	219E : 20;
	219F : 20;
	21A0 : 20;
	21A1 : 20;
	21A2 : 20;
	21A3 : 20;
	21A4 : 20;
	21A5 : 20;
	21A6 : 20;
	21A7 : 20;
	21A8 : 20;
	21A9 : 20;
	21AA : 20;
	21AB : 20;
	21AC : 20;
	21AD : 20;
	21AE : 20;
	21AF : 20;
	21B0 : 20;
	21B1 : 20;
	21B2 : 20;
	21B3 : 20;
	21B4 : 20;
	21B5 : 20;
	21B6 : 20;
	21B7 : 20;
	21B8 : 20;
	21B9 : 20;
	21BA : 20;
	21BB : 20;
	21BC : 20;
	21BD : 20;
	21BE : 20;
	21BF : 20;
	21C0 : 20;
	21C1 : 20;
	21C2 : 20;
	21C3 : 20;
	21C4 : 20;
	21C5 : 20;
	21C6 : 20;
	21C7 : 20;
	21C8 : 20;
	21C9 : 20;
	21CA : 20;
	21CB : 20;
	21CC : 20;
	21CD : 20;
	21CE : 20;
	21CF : 20;
	21D0 : 20;
	21D1 : 20;
	21D2 : 20;
	21D3 : 20;
	21D4 : 20;
	21D5 : 20;
	21D6 : 20;
	21D7 : 20;
	21D8 : 20;
	21D9 : 20;
	21DA : 20;
	21DB : 20;
	21DC : 20;
	21DD : 20;
	21DE : 20;
	21DF : 20;
	21E0 : 20;
	21E1 : 20;
	21E2 : 20;
	21E3 : 20;
	21E4 : 20;
	21E5 : 20;
	21E6 : 20;
	21E7 : 20;
	21E8 : 20;
	21E9 : 20;
	21EA : 20;
	21EB : 20;
	21EC : 20;
	21ED : 20;
	21EE : 20;
	21EF : 20;
	21F0 : 20;
	21F1 : 20;
	21F2 : 20;
	21F3 : 20;
	21F4 : 20;
	21F5 : 20;
	21F6 : 20;
	21F7 : 20;
	21F8 : 20;
	21F9 : 20;
	21FA : 20;
	21FB : 20;
	21FC : 20;
	21FD : 20;
	21FE : 20;
	21FF : 20;
	2200 : 20;
	2201 : 20;
	2202 : 20;
	2203 : 20;
	2204 : 20;
	2205 : 20;
	2206 : 20;
	2207 : 20;
	2208 : 20;
	2209 : 20;
	220A : 20;
	220B : 20;
	220C : 20;
	220D : 20;
	220E : 20;
	220F : 20;
	2210 : 20;
	2211 : 20;
	2212 : 20;
	2213 : 20;
	2214 : 20;
	2215 : 20;
	2216 : 20;
	2217 : 20;
	2218 : 20;
	2219 : 20;
	221A : 20;
	221B : 20;
	221C : 20;
	221D : 20;
	221E : 20;
	221F : 20;
	2220 : 20;
	2221 : 20;
	2222 : 20;
	2223 : 20;
	2224 : 20;
	2225 : 20;
	2226 : 20;
	2227 : 20;
	2228 : 20;
	2229 : 20;
	222A : 20;
	222B : 20;
	222C : 20;
	222D : 20;
	222E : 20;
	222F : 20;
	2230 : 20;
	2231 : 20;
	2232 : 20;
	2233 : 20;
	2234 : 20;
	2235 : 20;
	2236 : 20;
	2237 : 20;
	2238 : 20;
	2239 : 20;
	223A : 20;
	223B : 20;
	223C : 20;
	223D : 20;
	223E : 20;
	223F : 20;
	2240 : 20;
	2241 : 20;
	2242 : 20;
	2243 : 20;
	2244 : 20;
	2245 : 20;
	2246 : 20;
	2247 : 20;
	2248 : 20;
	2249 : 20;
	224A : 20;
	224B : 20;
	224C : 20;
	224D : 20;
	224E : 20;
	224F : 20;
	2250 : 20;
	2251 : 20;
	2252 : 20;
	2253 : 20;
	2254 : 20;
	2255 : 20;
	2256 : 20;
	2257 : 20;
	2258 : 20;
	2259 : 20;
	225A : 20;
	225B : 20;
	225C : 20;
	225D : 20;
	225E : 20;
	225F : 20;
	2260 : 20;
	2261 : 20;
	2262 : 20;
	2263 : 20;
	2264 : 20;
	2265 : 20;
	2266 : 20;
	2267 : 20;
	2268 : 20;
	2269 : 20;
	226A : 20;
	226B : 20;
	226C : 20;
	226D : 20;
	226E : 20;
	226F : 20;
	2270 : 20;
	2271 : 20;
	2272 : 20;
	2273 : 20;
	2274 : 20;
	2275 : 20;
	2276 : 20;
	2277 : 20;
	2278 : 20;
	2279 : 20;
	227A : 20;
	227B : 20;
	227C : 20;
	227D : 20;
	227E : 20;
	227F : 20;
	2280 : 20;
	2281 : 20;
	2282 : 20;
	2283 : 20;
	2284 : 20;
	2285 : 20;
	2286 : 20;
	2287 : 20;
	2288 : 20;
	2289 : 20;
	228A : 20;
	228B : 20;
	228C : 20;
	228D : 20;
	228E : 20;
	228F : 20;
	2290 : 20;
	2291 : 20;
	2292 : 60;
	2293 : 20;
	2294 : 20;
	2295 : 20;
	2296 : 20;
	2297 : 20;
	2298 : 20;
	2299 : 20;
	229A : 20;
	229B : 20;
	229C : 20;
	229D : 20;
	229E : 20;
	229F : 20;
	22A0 : 20;
	22A1 : 20;
	22A2 : 20;
	22A3 : 20;
	22A4 : 20;
	22A5 : 20;
	22A6 : 20;
	22A7 : 20;
	22A8 : 20;
	22A9 : 20;
	22AA : 20;
	22AB : 20;
	22AC : 20;
	22AD : 20;
	22AE : 20;
	22AF : 20;
	22B0 : 20;
	22B1 : 20;
	22B2 : 20;
	22B3 : 20;
	22B4 : 20;
	22B5 : 20;
	22B6 : 20;
	22B7 : 20;
	22B8 : 20;
	22B9 : 20;
	22BA : 20;
	22BB : 20;
	22BC : 20;
	22BD : 20;
	22BE : 20;
	22BF : 20;
	22C0 : 20;
	22C1 : 20;
	22C2 : 20;
	22C3 : 20;
	22C4 : 20;
	22C5 : 20;
	22C6 : 20;
	22C7 : 20;
	22C8 : 20;
	22C9 : 20;
	22CA : 20;
	22CB : 60;
	22CC : 60;
	22CD : 60;
	22CE : 60;
	22CF : 20;
	22D0 : 20;
	22D1 : 20;
	22D2 : 20;
	22D3 : 20;
	22D4 : 20;
	22D5 : 20;
	22D6 : 20;
	22D7 : 20;
	22D8 : 20;
	22D9 : 20;
	22DA : 20;
	22DB : 20;
	22DC : 20;
	22DD : 20;
	22DE : 20;
	22DF : 60;
	22E0 : 20;
	22E1 : 20;
	22E2 : 20;
	22E3 : 20;
	22E4 : 20;
	22E5 : 20;
	22E6 : 20;
	22E7 : 20;
	22E8 : 20;
	22E9 : 20;
	22EA : 20;
	22EB : 20;
	22EC : 20;
	22ED : 20;
	22EE : 20;
	22EF : 60;
	22F0 : 20;
	22F1 : 20;
	22F2 : 20;
	22F3 : 20;
	22F4 : 60;
	22F5 : 60;
	22F6 : 20;
	22F7 : 20;
	22F8 : 20;
	22F9 : 20;
	22FA : 20;
	22FB : 20;
	22FC : 20;
	22FD : 20;
	22FE : 20;
	22FF : 20;
	2300 : 20;
	2301 : 20;
	2302 : 20;
	2303 : 60;
	2304 : 20;
	2305 : 20;
	2306 : 20;
	2307 : 20;
	2308 : 20;
	2309 : 20;
	230A : 20;
	230B : 60;
	230C : 60;
	230D : 60;
	230E : 60;
	230F : 20;
	2310 : 20;
	2311 : 20;
	2312 : 60;
	2313 : 20;
	2314 : 20;
	2315 : 20;
	2316 : 20;
	2317 : 20;
	2318 : 20;
	2319 : 20;
	231A : 20;
	231B : 20;
	231C : 20;
	231D : 20;
	231E : 20;
	231F : 60;
	2320 : 60;
	2321 : 20;
	2322 : 20;
	2323 : 20;
	2324 : 20;
	2325 : 20;
	2326 : 20;
	2327 : 20;
	2328 : 20;
	2329 : 20;
	232A : 20;
	232B : 20;
	232C : 20;
	232D : 20;
	232E : 20;
	232F : 60;
	2330 : 60;
	2331 : 20;
	2332 : 20;
	2333 : 20;
	2334 : 20;
	2335 : 20;
	2336 : 20;
	2337 : 20;
	2338 : 20;
	2339 : 20;
	233A : 20;
	233B : 20;
	233C : 20;
	233D : 20;
	233E : 20;
	233F : 60;
	2340 : 20;
	2341 : 20;
	2342 : 60;
	2343 : 60;
	2344 : 20;
	2345 : 20;
	2346 : 20;
	2347 : 20;
	2348 : 20;
	2349 : 20;
	234A : 20;
	234B : 60;
	234C : 60;
	234D : 60;
	234E : 60;
	234F : 60;
	2350 : 60;
	2351 : 60;
	2352 : 20;
	2353 : 20;
	2354 : 20;
	2355 : 20;
	2356 : 20;
	2357 : 20;
	2358 : 20;
	2359 : 20;
	235A : 60;
	235B : 20;
	235C : 60;
	235D : 20;
	235E : 60;
	235F : 60;
	2360 : 60;
	2361 : 20;
	2362 : 20;
	2363 : 20;
	2364 : 20;
	2365 : 20;
	2366 : 20;
	2367 : 20;
	2368 : 60;
	2369 : 20;
	236A : 60;
	236B : 60;
	236C : 20;
	236D : 60;
	236E : 60;
	236F : 60;
	2370 : 60;
	2371 : 20;
	2372 : 60;
	2373 : 60;
	2374 : 60;
	2375 : 20;
	2376 : 20;
	2377 : 20;
	2378 : 20;
	2379 : 20;
	237A : 20;
	237B : 20;
	237C : 20;
	237D : 20;
	237E : 20;
	237F : 60;
	2380 : 20;
	2381 : 60;
	2382 : 60;
	2383 : 60;
	2384 : 60;
	2385 : 20;
	2386 : 20;
	2387 : 20;
	2388 : 20;
	2389 : 20;
	238A : 20;
	238B : 60;
	238C : 60;
	238D : 60;
	238E : 60;
	238F : 60;
	2390 : 20;
	2391 : 20;
	2392 : 20;
	2393 : 20;
	2394 : 20;
	2395 : 20;
	2396 : 20;
	2397 : 20;
	2398 : 20;
	2399 : 20;
	239A : 60;
	239B : 60;
	239C : 60;
	239D : 60;
	239E : 60;
	239F : 60;
	23A0 : 20;
	23A1 : 20;
	23A2 : 20;
	23A3 : 20;
	23A4 : 20;
	23A5 : 20;
	23A6 : 20;
	23A7 : 60;
	23A8 : 60;
	23A9 : 60;
	23AA : 60;
	23AB : 60;
	23AC : 60;
	23AD : 60;
	23AE : 60;
	23AF : 60;
	23B0 : 60;
	23B1 : 60;
	23B2 : 20;
	23B3 : 60;
	23B4 : 60;
	23B5 : 60;
	23B6 : 20;
	23B7 : 20;
	23B8 : 20;
	23B9 : 20;
	23BA : 20;
	23BB : 20;
	23BC : 20;
	23BD : 20;
	23BE : 20;
	23BF : 20;
	23C0 : 20;
	23C1 : 20;
	23C2 : 60;
	23C3 : 60;
	23C4 : 60;
	23C5 : 60;
	23C6 : 60;
	23C7 : 60;
	23C8 : 20;
	23C9 : 20;
	23CA : 60;
	23CB : 60;
	23CC : 60;
	23CD : 60;
	23CE : 60;
	23CF : 60;
	23D0 : 60;
	23D1 : 60;
	23D2 : 20;
	23D3 : 20;
	23D4 : 20;
	23D5 : 20;
	23D6 : 20;
	23D7 : 20;
	23D8 : 20;
	23D9 : 20;
	23DA : 20;
	23DB : 20;
	23DC : 20;
	23DD : 60;
	23DE : 60;
	23DF : 60;
	23E0 : 20;
	23E1 : 20;
	23E2 : 20;
	23E3 : 20;
	23E4 : 20;
	23E5 : 20;
	23E6 : 20;
	23E7 : 20;
	23E8 : 60;
	23E9 : 60;
	23EA : 60;
	23EB : 60;
	23EC : 60;
	23ED : 60;
	23EE : 60;
	23EF : 60;
	23F0 : 60;
	23F1 : 60;
	23F2 : 60;
	23F3 : 60;
	23F4 : 60;
	23F5 : 20;
	23F6 : 20;
	23F7 : 20;
	23F8 : 20;
	23F9 : 20;
	23FA : 20;
	23FB : 20;
	23FC : 20;
	23FD : 20;
	23FE : 20;
	23FF : 20;
	2400 : 20;
	2401 : 60;
	2402 : 60;
	2403 : 60;
	2404 : 60;
	2405 : 60;
	2406 : 60;
	2407 : 60;
	2408 : 20;
	2409 : 20;
	240A : 20;
	240B : 60;
	240C : 60;
	240D : 60;
	240E : 60;
	240F : 60;
	2410 : 60;
	2411 : 60;
	2412 : 60;
	2413 : 20;
	2414 : 20;
	2415 : 20;
	2416 : 20;
	2417 : 20;
	2418 : 20;
	2419 : 60;
	241A : 20;
	241B : 20;
	241C : 20;
	241D : 60;
	241E : 60;
	241F : 60;
	2420 : 60;
	2421 : 60;
	2422 : 60;
	2423 : 60;
	2424 : 20;
	2425 : 20;
	2426 : 20;
	2427 : 20;
	2428 : 20;
	2429 : 60;
	242A : 60;
	242B : 60;
	242C : 60;
	242D : 60;
	242E : 60;
	242F : 60;
	2430 : 60;
	2431 : 60;
	2432 : 60;
	2433 : 60;
	2434 : 60;
	2435 : 20;
	2436 : 20;
	2437 : 20;
	2438 : 60;
	2439 : 20;
	243A : 20;
	243B : 20;
	243C : 20;
	243D : 20;
	243E : 20;
	243F : 20;
	2440 : 60;
	2441 : 60;
	2442 : 60;
	2443 : 20;
	2444 : 60;
	2445 : 60;
	2446 : 60;
	2447 : 20;
	2448 : 20;
	2449 : 60;
	244A : 60;
	244B : 60;
	244C : 60;
	244D : 60;
	244E : 60;
	244F : 60;
	2450 : 60;
	2451 : 60;
	2452 : 20;
	2453 : 20;
	2454 : 20;
	2455 : 20;
	2456 : 20;
	2457 : 20;
	2458 : 60;
	2459 : 60;
	245A : 60;
	245B : 60;
	245C : 20;
	245D : 60;
	245E : 60;
	245F : 60;
	2460 : 60;
	2461 : 60;
	2462 : 60;
	2463 : 60;
	2464 : 20;
	2465 : 20;
	2466 : 20;
	2467 : 20;
	2468 : 60;
	2469 : 60;
	246A : 60;
	246B : 60;
	246C : 60;
	246D : 60;
	246E : 60;
	246F : 60;
	2470 : 60;
	2471 : 60;
	2472 : 60;
	2473 : 60;
	2474 : 20;
	2475 : 60;
	2476 : 20;
	2477 : 20;
	2478 : 60;
	2479 : 60;
	247A : 20;
	247B : 20;
	247C : 20;
	247D : 60;
	247E : 20;
	247F : 20;
	2480 : 60;
	2481 : 60;
	2482 : 20;
	2483 : 60;
	2484 : 20;
	2485 : 60;
	2486 : 60;
	2487 : 60;
	2488 : 60;
	2489 : 60;
	248A : 60;
	248B : 60;
	248C : 60;
	248D : 60;
	248E : 60;
	248F : 60;
	2490 : 60;
	2491 : 60;
	2492 : 20;
	2493 : 20;
	2494 : 20;
	2495 : 20;
	2496 : 20;
	2497 : 20;
	2498 : 20;
	2499 : 20;
	249A : 60;
	249B : 60;
	249C : 60;
	249D : 60;
	249E : 60;
	249F : 60;
	24A0 : 60;
	24A1 : 60;
	24A2 : 60;
	24A3 : 20;
	24A4 : 60;
	24A5 : 20;
	24A6 : 20;
	24A7 : 60;
	24A8 : 60;
	24A9 : 60;
	24AA : 60;
	24AB : 60;
	24AC : 60;
	24AD : 60;
	24AE : 00;
	24AF : 60;
	24B0 : 60;
	24B1 : 60;
	24B2 : 60;
	24B3 : 60;
	24B4 : 60;
	24B5 : 60;
	24B6 : 60;
	24B7 : 20;
	24B8 : 60;
	24B9 : 60;
	24BA : 20;
	24BB : 20;
	24BC : 20;
	24BD : 60;
	24BE : 60;
	24BF : 60;
	24C0 : 60;
	24C1 : 20;
	24C2 : 20;
	24C3 : 60;
	24C4 : 20;
	24C5 : 60;
	24C6 : 60;
	24C7 : 60;
	24C8 : 60;
	24C9 : 60;
	24CA : 60;
	24CB : 60;
	24CC : 60;
	24CD : 20;
	24CE : 60;
	24CF : 60;
	24D0 : 60;
	24D1 : 60;
	24D2 : 60;
	24D3 : 60;
	24D4 : 20;
	24D5 : 20;
	24D6 : 20;
	24D7 : 20;
	24D8 : 20;
	24D9 : 20;
	24DA : 20;
	24DB : 60;
	24DC : 60;
	24DD : 60;
	24DE : 60;
	24DF : 60;
	24E0 : 60;
	24E1 : 60;
	24E2 : 60;
	24E3 : 20;
	24E4 : 60;
	24E5 : 60;
	24E6 : 60;
	24E7 : 60;
	24E8 : 60;
	24E9 : 60;
	24EA : 60;
	24EB : 60;
	24EC : 60;
	24ED : 20;
	24EE : 00;
	24EF : 60;
	24F0 : 60;
	24F1 : 60;
	24F2 : 60;
	24F3 : 60;
	24F4 : 60;
	24F5 : 60;
	24F6 : 60;
	24F7 : 60;
	24F8 : 20;
	24F9 : 20;
	24FA : 20;
	24FB : 20;
	24FC : 60;
	24FD : 60;
	24FE : 60;
	24FF : 60;
	2500 : 60;
	2501 : 60;
	2502 : 60;
	2503 : 60;
	2504 : 60;
	2505 : 20;
	2506 : 60;
	2507 : 60;
	2508 : 60;
	2509 : 60;
	250A : 60;
	250B : 60;
	250C : 60;
	250D : 00;
	250E : 60;
	250F : 60;
	2510 : 60;
	2511 : 60;
	2512 : 60;
	2513 : 20;
	2514 : 20;
	2515 : 20;
	2516 : 20;
	2517 : 20;
	2518 : 20;
	2519 : 20;
	251A : 20;
	251B : 60;
	251C : 60;
	251D : 60;
	251E : 60;
	251F : 60;
	2520 : 60;
	2521 : 60;
	2522 : 60;
	2523 : 60;
	2524 : 60;
	2525 : 60;
	2526 : 60;
	2527 : 60;
	2528 : 60;
	2529 : 60;
	252A : 60;
	252B : 60;
	252C : 60;
	252D : 20;
	252E : 00;
	252F : 20;
	2530 : 60;
	2531 : 60;
	2532 : 60;
	2533 : 60;
	2534 : 60;
	2535 : 60;
	2536 : 60;
	2537 : 60;
	2538 : 20;
	2539 : 20;
	253A : 60;
	253B : 20;
	253C : 60;
	253D : 60;
	253E : 60;
	253F : 60;
	2540 : 60;
	2541 : 60;
	2542 : 60;
	2543 : 60;
	2544 : 60;
	2545 : 60;
	2546 : 60;
	2547 : 60;
	2548 : 60;
	2549 : 60;
	254A : 60;
	254B : 60;
	254C : 60;
	254D : 00;
	254E : 60;
	254F : 60;
	2550 : 60;
	2551 : 60;
	2552 : 60;
	2553 : 20;
	2554 : 60;
	2555 : 60;
	2556 : 60;
	2557 : 20;
	2558 : 20;
	2559 : 20;
	255A : 60;
	255B : 60;
	255C : 60;
	255D : 60;
	255E : 60;
	255F : 60;
	2560 : 60;
	2561 : 60;
	2562 : 60;
	2563 : 60;
	2564 : 60;
	2565 : 60;
	2566 : 60;
	2567 : 60;
	2568 : 60;
	2569 : 60;
	256A : 80;
	256B : 60;
	256C : 60;
	256D : 20;
	256E : 00;
	256F : 20;
	2570 : 60;
	2571 : 60;
	2572 : 60;
	2573 : 60;
	2574 : 60;
	2575 : 60;
	2576 : 60;
	2577 : 60;
	2578 : 20;
	2579 : 20;
	257A : 60;
	257B : 60;
	257C : 60;
	257D : 60;
	257E : 60;
	257F : 60;
	2580 : 60;
	2581 : 60;
	2582 : 60;
	2583 : 60;
	2584 : 60;
	2585 : 60;
	2586 : 60;
	2587 : 60;
	2588 : 60;
	2589 : 60;
	258A : 60;
	258B : 60;
	258C : 20;
	258D : 20;
	258E : 60;
	258F : 60;
	2590 : 60;
	2591 : 60;
	2592 : 60;
	2593 : 60;
	2594 : 60;
	2595 : 60;
	2596 : 60;
	2597 : 60;
	2598 : 20;
	2599 : 20;
	259A : 60;
	259B : 60;
	259C : 60;
	259D : 60;
	259E : 60;
	259F : 60;
	25A0 : 60;
	25A1 : 60;
	25A2 : 60;
	25A3 : 60;
	25A4 : 60;
	25A5 : 60;
	25A6 : 60;
	25A7 : 60;
	25A8 : 60;
	25A9 : 80;
	25AA : 80;
	25AB : 80;
	25AC : 20;
	25AD : 00;
	25AE : 00;
	25AF : 20;
	25B0 : 60;
	25B1 : 60;
	25B2 : 60;
	25B3 : 60;
	25B4 : 60;
	25B5 : 60;
	25B6 : 60;
	25B7 : 60;
	25B8 : 60;
	25B9 : 60;
	25BA : 60;
	25BB : 60;
	25BC : 60;
	25BD : 60;
	25BE : 60;
	25BF : 60;
	25C0 : 60;
	25C1 : 60;
	25C2 : 60;
	25C3 : 60;
	25C4 : 60;
	25C5 : 60;
	25C6 : 60;
	25C7 : 60;
	25C8 : 60;
	25C9 : 60;
	25CA : 60;
	25CB : 80;
	25CC : 20;
	25CD : 00;
	25CE : 20;
	25CF : 20;
	25D0 : 60;
	25D1 : 60;
	25D2 : 60;
	25D3 : 60;
	25D4 : 60;
	25D5 : 60;
	25D6 : 60;
	25D7 : 60;
	25D8 : 60;
	25D9 : 60;
	25DA : 60;
	25DB : 60;
	25DC : 60;
	25DD : 60;
	25DE : 60;
	25DF : 60;
	25E0 : 60;
	25E1 : 60;
	25E2 : 60;
	25E3 : 60;
	25E4 : 60;
	25E5 : 60;
	25E6 : 60;
	25E7 : 60;
	25E8 : 60;
	25E9 : 60;
	25EA : 80;
	25EB : 20;
	25EC : 20;
	25ED : 00;
	25EE : 00;
	25EF : 00;
	25F0 : 80;
	25F1 : 80;
	25F2 : 60;
	25F3 : 60;
	25F4 : 60;
	25F5 : 60;
	25F6 : 60;
	25F7 : 60;
	25F8 : 60;
	25F9 : 60;
	25FA : 60;
	25FB : 60;
	25FC : 60;
	25FD : 60;
	25FE : 60;
	25FF : 60;
	2600 : 60;
	2601 : 60;
	2602 : 60;
	2603 : 60;
	2604 : 60;
	2605 : 60;
	2606 : 60;
	2607 : 60;
	2608 : 60;
	2609 : 60;
	260A : 80;
	260B : 84;
	260C : 20;
	260D : 00;
	260E : 00;
	260F : 00;
	2610 : 80;
	2611 : 60;
	2612 : 60;
	2613 : 60;
	2614 : 60;
	2615 : 60;
	2616 : 60;
	2617 : 60;
	2618 : 60;
	2619 : 60;
	261A : 60;
	261B : 60;
	261C : 60;
	261D : 60;
	261E : 60;
	261F : 60;
	2620 : 60;
	2621 : 60;
	2622 : 60;
	2623 : 60;
	2624 : 60;
	2625 : 60;
	2626 : 60;
	2627 : 80;
	2628 : 60;
	2629 : 80;
	262A : 80;
	262B : 00;
	262C : 20;
	262D : 20;
	262E : 00;
	262F : 00;
	2630 : 20;
	2631 : 80;
	2632 : 80;
	2633 : 80;
	2634 : 80;
	2635 : 60;
	2636 : 60;
	2637 : 60;
	2638 : 60;
	2639 : 60;
	263A : 60;
	263B : 60;
	263C : 60;
	263D : 60;
	263E : 60;
	263F : 60;
	2640 : 80;
	2641 : 60;
	2642 : 60;
	2643 : 60;
	2644 : 60;
	2645 : 60;
	2646 : 60;
	2647 : 60;
	2648 : 60;
	2649 : 60;
	264A : 60;
	264B : 20;
	264C : 20;
	264D : 00;
	264E : 00;
	264F : 00;
	2650 : 80;
	2651 : 60;
	2652 : 60;
	2653 : 60;
	2654 : 60;
	2655 : 60;
	2656 : 60;
	2657 : 60;
	2658 : 60;
	2659 : 60;
	265A : 60;
	265B : 60;
	265C : 60;
	265D : 60;
	265E : 60;
	265F : 60;
	2660 : 60;
	2661 : 60;
	2662 : 60;
	2663 : 60;
	2664 : 60;
	2665 : 60;
	2666 : 80;
	2667 : 80;
	2668 : 80;
	2669 : 80;
	266A : 60;
	266B : 00;
	266C : 20;
	266D : 20;
	266E : 00;
	266F : 00;
	2670 : 20;
	2671 : 20;
	2672 : 20;
	2673 : 80;
	2674 : 80;
	2675 : 84;
	2676 : 60;
	2677 : 80;
	2678 : 60;
	2679 : 60;
	267A : 80;
	267B : 60;
	267C : 60;
	267D : 60;
	267E : 60;
	267F : 60;
	2680 : 80;
	2681 : 80;
	2682 : 80;
	2683 : 60;
	2684 : 80;
	2685 : 60;
	2686 : 60;
	2687 : 60;
	2688 : 80;
	2689 : 60;
	268A : 60;
	268B : 20;
	268C : 20;
	268D : 00;
	268E : 00;
	268F : 00;
	2690 : 80;
	2691 : 80;
	2692 : 60;
	2693 : 80;
	2694 : 60;
	2695 : 60;
	2696 : 60;
	2697 : 60;
	2698 : 60;
	2699 : 60;
	269A : 60;
	269B : 80;
	269C : 80;
	269D : 80;
	269E : 60;
	269F : 60;
	26A0 : 60;
	26A1 : 60;
	26A2 : 60;
	26A3 : 80;
	26A4 : 60;
	26A5 : 60;
	26A6 : 80;
	26A7 : 80;
	26A8 : 80;
	26A9 : 80;
	26AA : 20;
	26AB : 00;
	26AC : 20;
	26AD : 20;
	26AE : 00;
	26AF : 00;
	26B0 : 00;
	26B1 : 00;
	26B2 : 20;
	26B3 : 80;
	26B4 : 80;
	26B5 : 80;
	26B6 : 80;
	26B7 : 80;
	26B8 : 80;
	26B9 : 60;
	26BA : 80;
	26BB : 60;
	26BC : 60;
	26BD : 60;
	26BE : 60;
	26BF : 60;
	26C0 : 80;
	26C1 : 80;
	26C2 : 80;
	26C3 : 80;
	26C4 : 60;
	26C5 : 80;
	26C6 : 80;
	26C7 : 80;
	26C8 : 80;
	26C9 : 80;
	26CA : 80;
	26CB : 20;
	26CC : 00;
	26CD : 20;
	26CE : 00;
	26CF : 20;
	26D0 : 20;
	26D1 : 80;
	26D2 : 80;
	26D3 : 80;
	26D4 : 80;
	26D5 : 60;
	26D6 : 60;
	26D7 : 60;
	26D8 : 80;
	26D9 : 80;
	26DA : 80;
	26DB : 80;
	26DC : 80;
	26DD : 60;
	26DE : 80;
	26DF : 80;
	26E0 : 60;
	26E1 : 60;
	26E2 : 60;
	26E3 : 60;
	26E4 : 60;
	26E5 : 80;
	26E6 : 80;
	26E7 : 80;
	26E8 : 80;
	26E9 : 20;
	26EA : 20;
	26EB : 20;
	26EC : 20;
	26ED : 00;
	26EE : 00;
	26EF : 00;
	26F0 : 00;
	26F1 : 00;
	26F2 : 20;
	26F3 : 80;
	26F4 : A0;
	26F5 : 80;
	26F6 : 80;
	26F7 : 80;
	26F8 : 80;
	26F9 : 80;
	26FA : 60;
	26FB : 80;
	26FC : 60;
	26FD : 80;
	26FE : 60;
	26FF : 60;
	2700 : 80;
	2701 : 84;
	2702 : 80;
	2703 : 80;
	2704 : 60;
	2705 : 80;
	2706 : 80;
	2707 : 80;
	2708 : 80;
	2709 : 80;
	270A : 00;
	270B : 20;
	270C : 20;
	270D : 20;
	270E : 00;
	270F : 00;
	2710 : 20;
	2711 : 80;
	2712 : 80;
	2713 : 80;
	2714 : 80;
	2715 : 80;
	2716 : 60;
	2717 : 60;
	2718 : 80;
	2719 : 60;
	271A : 80;
	271B : 80;
	271C : 80;
	271D : 80;
	271E : 80;
	271F : 80;
	2720 : 60;
	2721 : 60;
	2722 : 80;
	2723 : 80;
	2724 : 60;
	2725 : 80;
	2726 : 00;
	2727 : 80;
	2728 : 80;
	2729 : 20;
	272A : 20;
	272B : 20;
	272C : 20;
	272D : 00;
	272E : 00;
	272F : 00;
	2730 : 00;
	2731 : 20;
	2732 : 20;
	2733 : A0;
	2734 : A4;
	2735 : 80;
	2736 : 80;
	2737 : 80;
	2738 : 80;
	2739 : 80;
	273A : 80;
	273B : 80;
	273C : 80;
	273D : 60;
	273E : 60;
	273F : 80;
	2740 : 80;
	2741 : 80;
	2742 : 80;
	2743 : 80;
	2744 : 80;
	2745 : 80;
	2746 : 80;
	2747 : 20;
	2748 : 80;
	2749 : 80;
	274A : 20;
	274B : 00;
	274C : 20;
	274D : 20;
	274E : 00;
	274F : 00;
	2750 : 00;
	2751 : A4;
	2752 : 80;
	2753 : 80;
	2754 : 80;
	2755 : 80;
	2756 : 80;
	2757 : 60;
	2758 : 60;
	2759 : 80;
	275A : 80;
	275B : 80;
	275C : 80;
	275D : 80;
	275E : 80;
	275F : 80;
	2760 : 60;
	2761 : 60;
	2762 : 80;
	2763 : 80;
	2764 : 80;
	2765 : 80;
	2766 : 20;
	2767 : 80;
	2768 : A4;
	2769 : 20;
	276A : 00;
	276B : 20;
	276C : 00;
	276D : 20;
	276E : 00;
	276F : 00;
	2770 : 20;
	2771 : 20;
	2772 : 00;
	2773 : 20;
	2774 : A0;
	2775 : 80;
	2776 : A4;
	2777 : A0;
	2778 : 20;
	2779 : 60;
	277A : 80;
	277B : 80;
	277C : 80;
	277D : 80;
	277E : 80;
	277F : 80;
	2780 : A4;
	2781 : A4;
	2782 : 80;
	2783 : 84;
	2784 : 80;
	2785 : 80;
	2786 : 80;
	2787 : 20;
	2788 : 20;
	2789 : 20;
	278A : 20;
	278B : 20;
	278C : 20;
	278D : 00;
	278E : 00;
	278F : 00;
	2790 : 20;
	2791 : 20;
	2792 : A4;
	2793 : 20;
	2794 : 20;
	2795 : 80;
	2796 : 80;
	2797 : 80;
	2798 : 80;
	2799 : 80;
	279A : 80;
	279B : A0;
	279C : A0;
	279D : 80;
	279E : 80;
	279F : 80;
	27A0 : 80;
	27A1 : 80;
	27A2 : 80;
	27A3 : 80;
	27A4 : 84;
	27A5 : 20;
	27A6 : 20;
	27A7 : 00;
	27A8 : 20;
	27A9 : 20;
	27AA : 00;
	27AB : 20;
	27AC : 20;
	27AD : 20;
	27AE : 00;
	27AF : 00;
	27B0 : 00;
	27B1 : 20;
	27B2 : 00;
	27B3 : 20;
	27B4 : A0;
	27B5 : A4;
	27B6 : A4;
	27B7 : 20;
	27B8 : 20;
	27B9 : 20;
	27BA : 80;
	27BB : 80;
	27BC : 80;
	27BD : 80;
	27BE : 64;
	27BF : 80;
	27C0 : A4;
	27C1 : A4;
	27C2 : 80;
	27C3 : A4;
	27C4 : 80;
	27C5 : A0;
	27C6 : A4;
	27C7 : 20;
	27C8 : 00;
	27C9 : 20;
	27CA : 00;
	27CB : 20;
	27CC : 20;
	27CD : 00;
	27CE : 20;
	27CF : 00;
	27D0 : 00;
	27D1 : 20;
	27D2 : 20;
	27D3 : 20;
	27D4 : 20;
	27D5 : 80;
	27D6 : 80;
	27D7 : 80;
	27D8 : 80;
	27D9 : A4;
	27DA : 80;
	27DB : A4;
	27DC : A0;
	27DD : A0;
	27DE : 80;
	27DF : 80;
	27E0 : 80;
	27E1 : 80;
	27E2 : 80;
	27E3 : A0;
	27E4 : 84;
	27E5 : 20;
	27E6 : 20;
	27E7 : 00;
	27E8 : 20;
	27E9 : 00;
	27EA : 20;
	27EB : 20;
	27EC : 20;
	27ED : 20;
	27EE : 00;
	27EF : 00;
	27F0 : 00;
	27F1 : 20;
	27F2 : 20;
	27F3 : 20;
	27F4 : A4;
	27F5 : 00;
	27F6 : A4;
	27F7 : 20;
	27F8 : 20;
	27F9 : 20;
	27FA : 80;
	27FB : A4;
	27FC : A0;
	27FD : 80;
	27FE : 80;
	27FF : A4;
	2800 : A4;
	2801 : 20;
	2802 : A4;
	2803 : A4;
	2804 : A4;
	2805 : A0;
	2806 : 20;
	2807 : 20;
	2808 : 20;
	2809 : 00;
	280A : 00;
	280B : 20;
	280C : 20;
	280D : 20;
	280E : 00;
	280F : 20;
	2810 : 00;
	2811 : 20;
	2812 : 00;
	2813 : 20;
	2814 : 20;
	2815 : 80;
	2816 : 80;
	2817 : 80;
	2818 : A0;
	2819 : A4;
	281A : A4;
	281B : A4;
	281C : 60;
	281D : 20;
	281E : A4;
	281F : A0;
	2820 : A0;
	2821 : 80;
	2822 : 80;
	2823 : A0;
	2824 : A4;
	2825 : 20;
	2826 : 20;
	2827 : 00;
	2828 : 00;
	2829 : 00;
	282A : 20;
	282B : 20;
	282C : 20;
	282D : 00;
	282E : 00;
	282F : 60;
	2830 : 00;
	2831 : 00;
	2832 : 00;
	2833 : 00;
	2834 : 20;
	2835 : 20;
	2836 : A4;
	2837 : 20;
	2838 : 20;
	2839 : 20;
	283A : A0;
	283B : A0;
	283C : A0;
	283D : 80;
	283E : 80;
	283F : A0;
	2840 : 20;
	2841 : 20;
	2842 : A4;
	2843 : A4;
	2844 : A4;
	2845 : A4;
	2846 : 20;
	2847 : 20;
	2848 : 00;
	2849 : 00;
	284A : 20;
	284B : 20;
	284C : 20;
	284D : 20;
	284E : 00;
	284F : 00;
	2850 : 00;
	2851 : 00;
	2852 : 20;
	2853 : 00;
	2854 : 20;
	2855 : 20;
	2856 : A0;
	2857 : A0;
	2858 : A0;
	2859 : 84;
	285A : A4;
	285B : 20;
	285C : 60;
	285D : 20;
	285E : A4;
	285F : A4;
	2860 : A4;
	2861 : 20;
	2862 : A4;
	2863 : A4;
	2864 : 20;
	2865 : 00;
	2866 : 20;
	2867 : 00;
	2868 : 00;
	2869 : 60;
	286A : 20;
	286B : 20;
	286C : 20;
	286D : 00;
	286E : 00;
	286F : 00;
	2870 : 00;
	2871 : 20;
	2872 : 20;
	2873 : 00;
	2874 : 20;
	2875 : 20;
	2876 : 20;
	2877 : 20;
	2878 : 20;
	2879 : 20;
	287A : 20;
	287B : C4;
	287C : A0;
	287D : A4;
	287E : A4;
	287F : A0;
	2880 : 60;
	2881 : 20;
	2882 : A4;
	2883 : A4;
	2884 : A4;
	2885 : C4;
	2886 : 20;
	2887 : 20;
	2888 : 00;
	2889 : 00;
	288A : 20;
	288B : 20;
	288C : 20;
	288D : 20;
	288E : 00;
	288F : 00;
	2890 : 20;
	2891 : 00;
	2892 : 20;
	2893 : 00;
	2894 : 20;
	2895 : 20;
	2896 : A4;
	2897 : A0;
	2898 : A4;
	2899 : A4;
	289A : A4;
	289B : 60;
	289C : 60;
	289D : 20;
	289E : A4;
	289F : A0;
	28A0 : A4;
	28A1 : 20;
	28A2 : A4;
	28A3 : A4;
	28A4 : 20;
	28A5 : 20;
	28A6 : 20;
	28A7 : 00;
	28A8 : 00;
	28A9 : 20;
	28AA : 20;
	28AB : 20;
	28AC : 20;
	28AD : 00;
	28AE : 00;
	28AF : 00;
	28B0 : 60;
	28B1 : 00;
	28B2 : 20;
	28B3 : 20;
	28B4 : 00;
	28B5 : 00;
	28B6 : 20;
	28B7 : 20;
	28B8 : 20;
	28B9 : 20;
	28BA : 20;
	28BB : A4;
	28BC : A4;
	28BD : A4;
	28BE : A4;
	28BF : A4;
	28C0 : 60;
	28C1 : 20;
	28C2 : 60;
	28C3 : A4;
	28C4 : C4;
	28C5 : 20;
	28C6 : 20;
	28C7 : 20;
	28C8 : 00;
	28C9 : 00;
	28CA : 20;
	28CB : 00;
	28CC : 20;
	28CD : 00;
	28CE : 00;
	28CF : 00;
	28D0 : 20;
	28D1 : 20;
	28D2 : 60;
	28D3 : 00;
	28D4 : 20;
	28D5 : 20;
	28D6 : 20;
	28D7 : A4;
	28D8 : A4;
	28D9 : C4;
	28DA : A4;
	28DB : 20;
	28DC : 20;
	28DD : 20;
	28DE : 20;
	28DF : A4;
	28E0 : C4;
	28E1 : 00;
	28E2 : C4;
	28E3 : 20;
	28E4 : 20;
	28E5 : 20;
	28E6 : 20;
	28E7 : 00;
	28E8 : 00;
	28E9 : 20;
	28EA : 00;
	28EB : 20;
	28EC : 00;
	28ED : 00;
	28EE : 00;
	28EF : 00;
	28F0 : 00;
	28F1 : 20;
	28F2 : 20;
	28F3 : 20;
	28F4 : 20;
	28F5 : 00;
	28F6 : 20;
	28F7 : 20;
	28F8 : 20;
	28F9 : 20;
	28FA : 20;
	28FB : 20;
	28FC : A4;
	28FD : 60;
	28FE : 60;
	28FF : C4;
	2900 : 20;
	2901 : 20;
	2902 : 60;
	2903 : 20;
	2904 : 00;
	2905 : 20;
	2906 : 20;
	2907 : 00;
	2908 : 00;
	2909 : 20;
	290A : 20;
	290B : 20;
	290C : 20;
	290D : 00;
	290E : 00;
	290F : 00;
	2910 : 00;
	2911 : 60;
	2912 : 20;
	2913 : 20;
	2914 : 00;
	2915 : 20;
	2916 : 20;
	2917 : 20;
	2918 : 20;
	2919 : 20;
	291A : 60;
	291B : 20;
	291C : 60;
	291D : 20;
	291E : 20;
	291F : 60;
	2920 : 20;
	2921 : 00;
	2922 : 00;
	2923 : 20;
	2924 : 20;
	2925 : 00;
	2926 : 20;
	2927 : 00;
	2928 : 20;
	2929 : 20;
	292A : 20;
	292B : 20;
	292C : 00;
	292D : 00;
	292E : 00;
	292F : 00;
	2930 : 00;
	2931 : 20;
	2932 : 60;
	2933 : 00;
	2934 : 20;
	2935 : 00;
	2936 : 00;
	2937 : 20;
	2938 : 20;
	2939 : 00;
	293A : 20;
	293B : 20;
	293C : 60;
	293D : 20;
	293E : 20;
	293F : 80;
	2940 : 20;
	2941 : 60;
	2942 : 20;
	2943 : 20;
	2944 : 20;
	2945 : 00;
	2946 : 20;
	2947 : 00;
	2948 : 00;
	2949 : 20;
	294A : 00;
	294B : 20;
	294C : 20;
	294D : 00;
	294E : 00;
	294F : 00;
	2950 : 20;
	2951 : 00;
	2952 : 20;
	2953 : 20;
	2954 : 20;
	2955 : 20;
	2956 : 20;
	2957 : 20;
	2958 : 20;
	2959 : 20;
	295A : 20;
	295B : 20;
	295C : 20;
	295D : 60;
	295E : 20;
	295F : 60;
	2960 : 20;
	2961 : 20;
	2962 : 20;
	2963 : 20;
	2964 : 20;
	2965 : 20;
	2966 : 00;
	2967 : 00;
	2968 : 00;
	2969 : 20;
	296A : 20;
	296B : 20;
	296C : 00;
	296D : 00;
	296E : 00;
	296F : 00;
	2970 : 00;
	2971 : 00;
	2972 : 60;
	2973 : 20;
	2974 : 20;
	2975 : 00;
	2976 : 00;
	2977 : 20;
	2978 : 60;
	2979 : 20;
	297A : 20;
	297B : 20;
	297C : 20;
	297D : 20;
	297E : 20;
	297F : 60;
	2980 : 20;
	2981 : 60;
	2982 : 20;
	2983 : 20;
	2984 : 20;
	2985 : 60;
	2986 : 00;
	2987 : 00;
	2988 : 20;
	2989 : 20;
	298A : 60;
	298B : 20;
	298C : 00;
	298D : 00;
	298E : 00;
	298F : 00;
	2990 : 00;
	2991 : 00;
	2992 : 20;
	2993 : 20;
	2994 : 20;
	2995 : 00;
	2996 : 00;
	2997 : 20;
	2998 : 00;
	2999 : 20;
	299A : 20;
	299B : 20;
	299C : 20;
	299D : 60;
	299E : 60;
	299F : 20;
	29A0 : 20;
	29A1 : 00;
	29A2 : 20;
	29A3 : 20;
	29A4 : 00;
	29A5 : 20;
	29A6 : 00;
	29A7 : 20;
	29A8 : 20;
	29A9 : 20;
	29AA : 00;
	29AB : 20;
	29AC : 00;
	29AD : 00;
	29AE : 00;
	29AF : 00;
	29B0 : 00;
	29B1 : 20;
	29B2 : 20;
	29B3 : 20;
	29B4 : 00;
	29B5 : 20;
	29B6 : 00;
	29B7 : 00;
	29B8 : 00;
	29B9 : 20;
	29BA : 00;
	29BB : 20;
	29BC : 20;
	29BD : 20;
	29BE : 20;
	29BF : 60;
	29C0 : 20;
	29C1 : 20;
	29C2 : 20;
	29C3 : 00;
	29C4 : 20;
	29C5 : 00;
	29C6 : 20;
	29C7 : 00;
	29C8 : 20;
	29C9 : 00;
	29CA : 20;
	29CB : 00;
	29CC : 20;
	29CD : 00;
	29CE : 20;
	29CF : 00;
	29D0 : 00;
	29D1 : 20;
	29D2 : 20;
	29D3 : 60;
	29D4 : 20;
	29D5 : 20;
	29D6 : 20;
	29D7 : 20;
	29D8 : 60;
	29D9 : 20;
	29DA : 20;
	29DB : 20;
	29DC : 20;
	29DD : 60;
	29DE : 20;
	29DF : 20;
	29E0 : 20;
	29E1 : 20;
	29E2 : 00;
	29E3 : 60;
	29E4 : 20;
	29E5 : 00;
	29E6 : 20;
	29E7 : 20;
	29E8 : 20;
	29E9 : 20;
	29EA : 20;
	29EB : 00;
	29EC : 20;
	29ED : 00;
	29EE : 00;
	29EF : 00;
	29F0 : 20;
	29F1 : 20;
	29F2 : 20;
	29F3 : 80;
	29F4 : 20;
	29F5 : 20;
	29F6 : 20;
	29F7 : 20;
	29F8 : 20;
	29F9 : 20;
	29FA : 20;
	29FB : 20;
	29FC : 20;
	29FD : 20;
	29FE : 20;
	29FF : 20;
	2A00 : 60;
	2A01 : 20;
	2A02 : 00;
	2A03 : 20;
	2A04 : 60;
	2A05 : 00;
	2A06 : 20;
	2A07 : 20;
	2A08 : 20;
	2A09 : 20;
	2A0A : 00;
	2A0B : 20;
	2A0C : 20;
	2A0D : 00;
	2A0E : 00;
	2A0F : 00;
	2A10 : 20;
	2A11 : 00;
	2A12 : 20;
	2A13 : 20;
	2A14 : 60;
	2A15 : 20;
	2A16 : 20;
	2A17 : 20;
	2A18 : 20;
	2A19 : 20;
	2A1A : 20;
	2A1B : 20;
	2A1C : 20;
	2A1D : 60;
	2A1E : 20;
	2A1F : 00;
	2A20 : 20;
	2A21 : 00;
	2A22 : 20;
	2A23 : 00;
	2A24 : 20;
	2A25 : 20;
	2A26 : 20;
	2A27 : 20;
	2A28 : 20;
	2A29 : 20;
	2A2A : 00;
	2A2B : 20;
	2A2C : 20;
	2A2D : 00;
	2A2E : 00;
	2A2F : 00;
	2A30 : 00;
	2A31 : 20;
	2A32 : 20;
	2A33 : 20;
	2A34 : 60;
	2A35 : 20;
	2A36 : 20;
	2A37 : 00;
	2A38 : 20;
	2A39 : 20;
	2A3A : 60;
	2A3B : 20;
	2A3C : 20;
	2A3D : 20;
	2A3E : 20;
	2A3F : 60;
	2A40 : 00;
	2A41 : 20;
	2A42 : 20;
	2A43 : 00;
	2A44 : 00;
	2A45 : 20;
	2A46 : 20;
	2A47 : 20;
	2A48 : 80;
	2A49 : 20;
	2A4A : 20;
	2A4B : 00;
	2A4C : 20;
	2A4D : 00;
	2A4E : 00;
	2A4F : 00;
	2A50 : 00;
	2A51 : 00;
	2A52 : 20;
	2A53 : 60;
	2A54 : 20;
	2A55 : 20;
	2A56 : 60;
	2A57 : 20;
	2A58 : 60;
	2A59 : 20;
	2A5A : 60;
	2A5B : 20;
	2A5C : 20;
	2A5D : 20;
	2A5E : 20;
	2A5F : 20;
	2A60 : 20;
	2A61 : 20;
	2A62 : 00;
	2A63 : 00;
	2A64 : 20;
	2A65 : 20;
	2A66 : 20;
	2A67 : 20;
	2A68 : 20;
	2A69 : 00;
	2A6A : 20;
	2A6B : 00;
	2A6C : 20;
	2A6D : 00;
	2A6E : 00;
	2A6F : 20;
	2A70 : 00;
	2A71 : 00;
	2A72 : 20;
	2A73 : 00;
	2A74 : 20;
	2A75 : 20;
	2A76 : 20;
	2A77 : 20;
	2A78 : 00;
	2A79 : 00;
	2A7A : 20;
	2A7B : 20;
	2A7C : 20;
	2A7D : 20;
	2A7E : 20;
	2A7F : 20;
	2A80 : 20;
	2A81 : 00;
	2A82 : 00;
	2A83 : 20;
	2A84 : 20;
	2A85 : 20;
	2A86 : 20;
	2A87 : 20;
	2A88 : 20;
	2A89 : 20;
	2A8A : 20;
	2A8B : 20;
	2A8C : 00;
	2A8D : 00;
	2A8E : 00;
	2A8F : 00;
	2A90 : 00;
	2A91 : 00;
	2A92 : 00;
	2A93 : 20;
	2A94 : 20;
	2A95 : 80;
	2A96 : 60;
	2A97 : A0;
	2A98 : 20;
	2A99 : 60;
	2A9A : 20;
	2A9B : 20;
	2A9C : 20;
	2A9D : 20;
	2A9E : 20;
	2A9F : 00;
	2AA0 : 20;
	2AA1 : 20;
	2AA2 : 00;
	2AA3 : 20;
	2AA4 : 20;
	2AA5 : 20;
	2AA6 : 60;
	2AA7 : 20;
	2AA8 : 20;
	2AA9 : 20;
	2AAA : 00;
	2AAB : 20;
	2AAC : 00;
	2AAD : 00;
	2AAE : 00;
	2AAF : 00;
	2AB0 : 00;
	2AB1 : 20;
	2AB2 : 20;
	2AB3 : 20;
	2AB4 : 20;
	2AB5 : 20;
	2AB6 : 20;
	2AB7 : 20;
	2AB8 : 20;
	2AB9 : 20;
	2ABA : 20;
	2ABB : 20;
	2ABC : 20;
	2ABD : 20;
	2ABE : 80;
	2ABF : 20;
	2AC0 : 20;
	2AC1 : 00;
	2AC2 : 20;
	2AC3 : 20;
	2AC4 : 20;
	2AC5 : 20;
	2AC6 : 20;
	2AC7 : 84;
	2AC8 : 20;
	2AC9 : 20;
	2ACA : 20;
	2ACB : 00;
	2ACC : 00;
	2ACD : 00;
	2ACE : 20;
	2ACF : 20;
	2AD0 : 00;
	2AD1 : 00;
	2AD2 : 00;
	2AD3 : 20;
	2AD4 : 20;
	2AD5 : 20;
	2AD6 : 80;
	2AD7 : 20;
	2AD8 : 20;
	2AD9 : 00;
	2ADA : 00;
	2ADB : 20;
	2ADC : 60;
	2ADD : 20;
	2ADE : 00;
	2ADF : 00;
	2AE0 : 00;
	2AE1 : 20;
	2AE2 : 20;
	2AE3 : 00;
	2AE4 : 20;
	2AE5 : 60;
	2AE6 : 20;
	2AE7 : 20;
	2AE8 : 20;
	2AE9 : 00;
	2AEA : 20;
	2AEB : 00;
	2AEC : 00;
	2AED : 00;
	2AEE : 00;
	2AEF : 00;
	2AF0 : 00;
	2AF1 : 00;
	2AF2 : 20;
	2AF3 : 20;
	2AF4 : 20;
	2AF5 : 20;
	2AF6 : 60;
	2AF7 : 20;
	2AF8 : 20;
	2AF9 : 20;
	2AFA : 20;
	2AFB : 20;
	2AFC : 20;
	2AFD : 20;
	2AFE : 20;
	2AFF : 00;
	2B00 : 20;
	2B01 : 20;
	2B02 : 20;
	2B03 : 20;
	2B04 : 20;
	2B05 : 20;
	2B06 : 80;
	2B07 : A0;
	2B08 : 20;
	2B09 : 20;
	2B0A : 20;
	2B0B : 00;
	2B0C : 00;
	2B0D : 00;
	2B0E : 00;
	2B0F : 00;
	2B10 : 20;
	2B11 : 20;
	2B12 : 20;
	2B13 : 00;
	2B14 : 20;
	2B15 : 00;
	2B16 : 00;
	2B17 : 20;
	2B18 : 00;
	2B19 : 00;
	2B1A : 00;
	2B1B : 00;
	2B1C : 20;
	2B1D : 20;
	2B1E : 20;
	2B1F : 20;
	2B20 : 20;
	2B21 : 00;
	2B22 : 20;
	2B23 : 00;
	2B24 : 20;
	2B25 : 20;
	2B26 : 20;
	2B27 : 20;
	2B28 : 20;
	2B29 : 20;
	2B2A : 00;
	2B2B : 00;
	2B2C : 20;
	2B2D : 20;
	2B2E : 00;
	2B2F : 20;
	2B30 : 20;
	2B31 : 00;
	2B32 : 00;
	2B33 : 20;
	2B34 : 20;
	2B35 : 20;
	2B36 : 60;
	2B37 : 80;
	2B38 : 60;
	2B39 : 00;
	2B3A : 60;
	2B3B : 60;
	2B3C : 20;
	2B3D : 20;
	2B3E : 00;
	2B3F : 20;
	2B40 : 20;
	2B41 : 20;
	2B42 : 20;
	2B43 : 60;
	2B44 : 80;
	2B45 : A0;
	2B46 : 20;
	2B47 : 20;
	2B48 : 20;
	2B49 : 00;
	2B4A : 00;
	2B4B : 20;
	2B4C : 20;
	2B4D : 20;
	2B4E : 20;
	2B4F : 20;
	2B50 : 20;
	2B51 : 20;
	2B52 : 60;
	2B53 : 20;
	2B54 : 20;
	2B55 : 20;
	2B56 : 20;
	2B57 : 20;
	2B58 : 00;
	2B59 : 00;
	2B5A : 20;
	2B5B : 00;
	2B5C : 00;
	2B5D : 20;
	2B5E : 20;
	2B5F : 20;
	2B60 : 20;
	2B61 : 20;
	2B62 : 20;
	2B63 : 20;
	2B64 : 20;
	2B65 : 20;
	2B66 : 20;
	2B67 : 20;
	2B68 : 00;
	2B69 : 00;
	2B6A : 00;
	2B6B : 00;
	2B6C : 20;
	2B6D : 00;
	2B6E : 20;
	2B6F : 20;
	2B70 : 00;
	2B71 : 20;
	2B72 : 20;
	2B73 : 00;
	2B74 : 20;
	2B75 : 20;
	2B76 : 20;
	2B77 : A4;
	2B78 : 20;
	2B79 : 00;
	2B7A : 00;
	2B7B : 20;
	2B7C : 20;
	2B7D : 20;
	2B7E : 20;
	2B7F : 20;
	2B80 : 20;
	2B81 : 20;
	2B82 : 20;
	2B83 : 20;
	2B84 : 20;
	2B85 : 20;
	2B86 : 20;
	2B87 : 20;
	2B88 : 20;
	2B89 : 20;
	2B8A : 20;
	2B8B : 20;
	2B8C : 20;
	2B8D : 20;
	2B8E : 20;
	2B8F : 60;
	2B90 : 60;
	2B91 : 80;
	2B92 : 20;
	2B93 : 20;
	2B94 : 00;
	2B95 : 00;
	2B96 : 20;
	2B97 : 00;
	2B98 : 00;
	2B99 : 00;
	2B9A : 00;
	2B9B : 00;
	2B9C : 00;
	2B9D : 20;
	2B9E : 00;
	2B9F : 20;
	2BA0 : 00;
	2BA1 : 20;
	2BA2 : 20;
	2BA3 : 20;
	2BA4 : 20;
	2BA5 : 20;
	2BA6 : 20;
	2BA7 : 00;
	2BA8 : 00;
	2BA9 : 00;
	2BAA : 20;
	2BAB : 20;
	2BAC : 00;
	2BAD : 20;
	2BAE : 00;
	2BAF : 00;
	2BB0 : 20;
	2BB1 : 20;
	2BB2 : 20;
	2BB3 : 20;
	2BB4 : 20;
	2BB5 : 00;
	2BB6 : 00;
	2BB7 : 20;
	2BB8 : 20;
	2BB9 : 00;
	2BBA : 00;
	2BBB : 00;
	2BBC : 00;
	2BBD : 20;
	2BBE : 20;
	2BBF : 20;
	2BC0 : 00;
	2BC1 : 20;
	2BC2 : 20;
	2BC3 : 20;
	2BC4 : 20;
	2BC5 : 20;
	2BC6 : 80;
	2BC7 : 60;
	2BC8 : 20;
	2BC9 : 20;
	2BCA : 20;
	2BCB : 20;
	2BCC : 20;
	2BCD : 60;
	2BCE : 00;
	2BCF : 20;
	2BD0 : 20;
	2BD1 : 20;
	2BD2 : 00;
	2BD3 : 20;
	2BD4 : 20;
	2BD5 : 20;
	2BD6 : 20;
	2BD7 : 00;
	2BD8 : 20;
	2BD9 : 00;
	2BDA : 20;
	2BDB : 20;
	2BDC : 20;
	2BDD : 20;
	2BDE : 20;
	2BDF : 60;
	2BE0 : 20;
	2BE1 : 20;
	2BE2 : 20;
	2BE3 : 20;
	2BE4 : 20;
	2BE5 : 20;
	2BE6 : 00;
	2BE7 : 00;
	2BE8 : 20;
	2BE9 : 20;
	2BEA : 20;
	2BEB : 20;
	2BEC : 00;
	2BED : 20;
	2BEE : 20;
	2BEF : 20;
	2BF0 : 20;
	2BF1 : 20;
	2BF2 : 20;
	2BF3 : 20;
	2BF4 : 00;
	2BF5 : 20;
	2BF6 : 20;
	2BF7 : 20;
	2BF8 : 00;
	2BF9 : 00;
	2BFA : 00;
	2BFB : 20;
	2BFC : 00;
	2BFD : 20;
	2BFE : 00;
	2BFF : 20;
	2C00 : 20;
	2C01 : 00;
	2C02 : 00;
	2C03 : 00;
	2C04 : 20;
	2C05 : 20;
	2C06 : 20;
	2C07 : 20;
	2C08 : 20;
	2C09 : 20;
	2C0A : 80;
	2C0B : 20;
	2C0C : 20;
	2C0D : 20;
	2C0E : 00;
	2C0F : 20;
	2C10 : 20;
	2C11 : 20;
	2C12 : 00;
	2C13 : 20;
	2C14 : 20;
	2C15 : 00;
	2C16 : 00;
	2C17 : 20;
	2C18 : 20;
	2C19 : 20;
	2C1A : 00;
	2C1B : 00;
	2C1C : 00;
	2C1D : 00;
	2C1E : 20;
	2C1F : 20;
	2C20 : 20;
	2C21 : 20;
	2C22 : 20;
	2C23 : 20;
	2C24 : 20;
	2C25 : 20;
	2C26 : 20;
	2C27 : 20;
	2C28 : 20;
	2C29 : 20;
	2C2A : 20;
	2C2B : 20;
	2C2C : 20;
	2C2D : 20;
	2C2E : 20;
	2C2F : 20;
	2C30 : 20;
	2C31 : 60;
	2C32 : 20;
	2C33 : 20;
	2C34 : 00;
	2C35 : 20;
	2C36 : 20;
	2C37 : 00;
	2C38 : 00;
	2C39 : 00;
	2C3A : 00;
	2C3B : 00;
	2C3C : 00;
	2C3D : 00;
	2C3E : 20;
	2C3F : 20;
	2C40 : 20;
	2C41 : 20;
	2C42 : 20;
	2C43 : 00;
	2C44 : 00;
	2C45 : 00;
	2C46 : 20;
	2C47 : 20;
	2C48 : 20;
	2C49 : 20;
	2C4A : 60;
	2C4B : 84;
	2C4C : 80;
	2C4D : 20;
	2C4E : 20;
	2C4F : 20;
	2C50 : 00;
	2C51 : 00;
	2C52 : 00;
	2C53 : 00;
	2C54 : 00;
	2C55 : 20;
	2C56 : 20;
	2C57 : 60;
	2C58 : 20;
	2C59 : 20;
	2C5A : 20;
	2C5B : 00;
	2C5C : 20;
	2C5D : 20;
	2C5E : 00;
	2C5F : 00;
	2C60 : 00;
	2C61 : 20;
	2C62 : 20;
	2C63 : 20;
	2C64 : 20;
	2C65 : 20;
	2C66 : 20;
	2C67 : 00;
	2C68 : 00;
	2C69 : 00;
	2C6A : 60;
	2C6B : 20;
	2C6C : 20;
	2C6D : 20;
	2C6E : 60;
	2C6F : 60;
	2C70 : 64;
	2C71 : 60;
	2C72 : 20;
	2C73 : 00;
	2C74 : 20;
	2C75 : 00;
	2C76 : 00;
	2C77 : 20;
	2C78 : 20;
	2C79 : 20;
	2C7A : 20;
	2C7B : 20;
	2C7C : 00;
	2C7D : 20;
	2C7E : 20;
	2C7F : 20;
	2C80 : 00;
	2C81 : 00;
	2C82 : 00;
	2C83 : 00;
	2C84 : 20;
	2C85 : 20;
	2C86 : 20;
	2C87 : 20;
	2C88 : 60;
	2C89 : 20;
	2C8A : 20;
	2C8B : 20;
	2C8C : 20;
	2C8D : 00;
	2C8E : 20;
	2C8F : 20;
	2C90 : 20;
	2C91 : 20;
	2C92 : 20;
	2C93 : 20;
	2C94 : 20;
	2C95 : 20;
	2C96 : 20;
	2C97 : 20;
	2C98 : 20;
	2C99 : 60;
	2C9A : 00;
	2C9B : 20;
	2C9C : 20;
	2C9D : 20;
	2C9E : 00;
	2C9F : 20;
	2CA0 : 20;
	2CA1 : 00;
	2CA2 : 00;
	2CA3 : 00;
	2CA4 : 00;
	2CA5 : 00;
	2CA6 : 00;
	2CA7 : 20;
	2CA8 : 20;
	2CA9 : 20;
	2CAA : 20;
	2CAB : 20;
	2CAC : 20;
	2CAD : 20;
	2CAE : 20;
	2CAF : 20;
	2CB0 : 20;
	2CB1 : 20;
	2CB2 : 20;
	2CB3 : 00;
	2CB4 : 00;
	2CB5 : 00;
	2CB6 : 00;
	2CB7 : 20;
	2CB8 : 00;
	2CB9 : 00;
	2CBA : 20;
	2CBB : 20;
	2CBC : 60;
	2CBD : 60;
	2CBE : 20;
	2CBF : 20;
	2CC0 : 00;
	2CC1 : 00;
	2CC2 : 20;
	2CC3 : 20;
	2CC4 : 20;
	2CC5 : 20;
	2CC6 : 20;
	2CC7 : 20;
	2CC8 : 20;
	2CC9 : 00;
	2CCA : 00;
	2CCB : 20;
	2CCC : 20;
	2CCD : 20;
	2CCE : 20;
	2CCF : 00;
	2CD0 : 00;
	2CD1 : 00;
	2CD2 : 20;
	2CD3 : 20;
	2CD4 : 20;
	2CD5 : 20;
	2CD6 : 20;
	2CD7 : 00;
	2CD8 : 00;
	2CD9 : 20;
	2CDA : 20;
	2CDB : 20;
	2CDC : 20;
	2CDD : 00;
	2CDE : 20;
	2CDF : 20;
	2CE0 : 20;
	2CE1 : 00;
	2CE2 : 00;
	2CE3 : 00;
	2CE4 : 00;
	2CE5 : 00;
	2CE6 : 00;
	2CE7 : 20;
	2CE8 : 00;
	2CE9 : 80;
	2CEA : 20;
	2CEB : 20;
	2CEC : 20;
	2CED : 00;
	2CEE : 20;
	2CEF : 20;
	2CF0 : 20;
	2CF1 : 20;
	2CF2 : 00;
	2CF3 : 00;
	2CF4 : 00;
	2CF5 : 00;
	2CF6 : 20;
	2CF7 : 20;
	2CF8 : 20;
	2CF9 : 00;
	2CFA : 00;
	2CFB : 20;
	2CFC : 20;
	2CFD : 20;
	2CFE : 20;
	2CFF : 20;
	2D00 : 00;
	2D01 : 00;
	2D02 : 00;
	2D03 : 00;
	2D04 : 00;
	2D05 : 20;
	2D06 : 20;
	2D07 : 20;
	2D08 : 20;
	2D09 : 20;
	2D0A : 00;
	2D0B : 00;
	2D0C : 00;
	2D0D : 00;
	2D0E : 00;
	2D0F : 20;
	2D10 : 00;
	2D11 : 00;
	2D12 : 00;
	2D13 : 00;
	2D14 : 20;
	2D15 : 20;
	2D16 : 20;
	2D17 : 20;
	2D18 : 20;
	2D19 : 60;
	2D1A : 00;
	2D1B : 00;
	2D1C : 00;
	2D1D : 00;
	2D1E : 00;
	2D1F : 00;
	2D20 : 00;
	2D21 : 00;
	2D22 : 00;
	2D23 : 00;
	2D24 : 00;
	2D25 : 00;
	2D26 : 00;
	2D27 : 00;
	2D28 : 00;
	2D29 : 20;
	2D2A : 20;
	2D2B : 20;
	2D2C : 80;
	2D2D : 20;
	2D2E : 20;
	2D2F : 20;
	2D30 : 20;
	2D31 : 20;
	2D32 : 20;
	2D33 : 00;
	2D34 : 20;
	2D35 : 00;
	2D36 : 00;
	2D37 : 00;
	2D38 : 20;
	2D39 : 20;
	2D3A : 20;
	2D3B : 20;
	2D3C : 00;
	2D3D : 00;
	2D3E : 00;
	2D3F : 20;
	2D40 : 20;
	2D41 : 00;
	2D42 : 20;
	2D43 : 20;
	2D44 : 00;
	2D45 : 00;
	2D46 : 00;
	2D47 : 20;
	2D48 : 20;
	2D49 : 00;
	2D4A : 20;
	2D4B : 20;
	2D4C : 20;
	2D4D : 20;
	2D4E : 00;
	2D4F : 00;
	2D50 : 00;
	2D51 : 20;
	2D52 : 00;
	2D53 : 20;
	2D54 : 00;
	2D55 : 20;
	2D56 : 80;
	2D57 : 00;
	2D58 : 00;
	2D59 : 00;
	2D5A : 00;
	2D5B : 00;
	2D5C : 20;
	2D5D : 20;
	2D5E : 00;
	2D5F : 20;
	2D60 : 20;
	2D61 : 20;
	2D62 : 20;
	2D63 : 00;
	2D64 : 20;
	2D65 : 20;
	2D66 : 20;
	2D67 : 20;
	2D68 : 20;
	2D69 : 00;
	2D6A : 20;
	2D6B : 20;
	2D6C : 20;
	2D6D : 00;
	2D6E : 20;
	2D6F : 20;
	2D70 : 20;
	2D71 : 00;
	2D72 : 20;
	2D73 : 00;
	2D74 : 00;
	2D75 : 00;
	2D76 : 00;
	2D77 : 00;
	2D78 : 20;
	2D79 : 20;
	2D7A : 20;
	2D7B : 00;
	2D7C : 00;
	2D7D : 00;
	2D7E : 00;
	2D7F : 00;
	2D80 : 20;
	2D81 : 20;
	2D82 : 20;
	2D83 : 00;
	2D84 : 00;
	2D85 : 00;
	2D86 : 00;
	2D87 : 00;
	2D88 : 00;
	2D89 : 00;
	2D8A : 00;
	2D8B : 20;
	2D8C : 20;
	2D8D : 20;
	2D8E : 00;
	2D8F : 00;
	2D90 : 00;
	2D91 : 20;
	2D92 : 20;
	2D93 : 20;
	2D94 : 20;
	2D95 : 20;
	2D96 : 20;
	2D97 : 20;
	2D98 : 20;
	2D99 : 00;
	2D9A : 20;
	2D9B : 00;
	2D9C : 00;
	2D9D : 00;
	2D9E : 20;
	2D9F : 20;
	2DA0 : 20;
	2DA1 : 00;
	2DA2 : 00;
	2DA3 : 00;
	2DA4 : 20;
	2DA5 : 20;
	2DA6 : 20;
	2DA7 : 20;
	2DA8 : 20;
	2DA9 : 00;
	2DAA : 20;
	2DAB : 20;
	2DAC : 00;
	2DAD : 20;
	2DAE : 00;
	2DAF : 00;
	2DB0 : 20;
	2DB1 : 00;
	2DB2 : 60;
	2DB3 : 00;
	2DB4 : 00;
	2DB5 : 00;
	2DB6 : 00;
	2DB7 : 00;
	2DB8 : 00;
	2DB9 : 00;
	2DBA : 00;
	2DBB : 00;
	2DBC : 20;
	2DBD : 20;
	2DBE : 00;
	2DBF : 20;
	2DC0 : 00;
	2DC1 : 20;
	2DC2 : 00;
	2DC3 : 00;
	2DC4 : 00;
	2DC5 : 20;
	2DC6 : 00;
	2DC7 : 00;
	2DC8 : 20;
	2DC9 : 20;
	2DCA : 20;
	2DCB : 20;
	2DCC : 00;
	2DCD : 20;
	2DCE : 20;
	2DCF : 20;
	2DD0 : 20;
	2DD1 : 20;
	2DD2 : 00;
	2DD3 : 00;
	2DD4 : 20;
	2DD5 : 20;
	2DD6 : 20;
	2DD7 : 20;
	2DD8 : 20;
	2DD9 : 20;
	2DDA : 00;
	2DDB : 20;
	2DDC : 20;
	2DDD : 20;
	2DDE : 00;
	2DDF : 00;
	2DE0 : 20;
	2DE1 : 20;
	2DE2 : 00;
	2DE3 : 00;
	2DE4 : 20;
	2DE5 : 00;
	2DE6 : 00;
	2DE7 : 60;
	2DE8 : 20;
	2DE9 : 20;
	2DEA : 00;
	2DEB : 00;
	2DEC : 00;
	2DED : 00;
	2DEE : 00;
	2DEF : 00;
	2DF0 : 20;
	2DF1 : 00;
	2DF2 : 00;
	2DF3 : 20;
	2DF4 : 20;
	2DF5 : 20;
	2DF6 : 20;
	2DF7 : 00;
	2DF8 : 00;
	2DF9 : 00;
	2DFA : 00;
	2DFB : 20;
	2DFC : 20;
	2DFD : 00;
	2DFE : 00;
	2DFF : 20;
	2E00 : 00;
	2E01 : 20;
	2E02 : 20;
	2E03 : 20;
	2E04 : 00;
	2E05 : 00;
	2E06 : 00;
	2E07 : 00;
	2E08 : 00;
	2E09 : 20;
	2E0A : 20;
	2E0B : 00;
	2E0C : 20;
	2E0D : 20;
	2E0E : 20;
	2E0F : 20;
	2E10 : 20;
	2E11 : 20;
	2E12 : 20;
	2E13 : 20;
	2E14 : 00;
	2E15 : 00;
	2E16 : 00;
	2E17 : 20;
	2E18 : 00;
	2E19 : 00;
	2E1A : 00;
	2E1B : 20;
	2E1C : 00;
	2E1D : 00;
	2E1E : 00;
	2E1F : 00;
	2E20 : 20;
	2E21 : 20;
	2E22 : 20;
	2E23 : 20;
	2E24 : 20;
	2E25 : 00;
	2E26 : 00;
	2E27 : 20;
	2E28 : 00;
	2E29 : 00;
	2E2A : 20;
	2E2B : 20;
	2E2C : 00;
	2E2D : 00;
	2E2E : 20;
	2E2F : 20;
	2E30 : 20;
	2E31 : 20;
	2E32 : 20;
	2E33 : 20;
	2E34 : 20;
	2E35 : 20;
	2E36 : 00;
	2E37 : 20;
	2E38 : 00;
	2E39 : 00;
	2E3A : 00;
	2E3B : 20;
	2E3C : 20;
	2E3D : 20;
	2E3E : 00;
	2E3F : 00;
	2E40 : 20;
	2E41 : 20;
	2E42 : 20;
	2E43 : 20;
	2E44 : 20;
	2E45 : 00;
	2E46 : 20;
	2E47 : 20;
	2E48 : 20;
	2E49 : 20;
	2E4A : 20;
	2E4B : 20;
	2E4C : 20;
	2E4D : 20;
	2E4E : 20;
	2E4F : 20;
	2E50 : 20;
	2E51 : 20;
	2E52 : 20;
	2E53 : 20;
	2E54 : 20;
	2E55 : 20;
	2E56 : 00;
	2E57 : 00;
	2E58 : 20;
	2E59 : 20;
	2E5A : 20;
	2E5B : 00;
	2E5C : 00;
	2E5D : 20;
	2E5E : 20;
	2E5F : 20;
	2E60 : 20;
	2E61 : 20;
	2E62 : 00;
	2E63 : 20;
	2E64 : 20;
	2E65 : 20;
	2E66 : 00;
	2E67 : 00;
	2E68 : 00;
	2E69 : 20;
	2E6A : 00;
	2E6B : 20;
	2E6C : 00;
	2E6D : 20;
	2E6E : 00;
	2E6F : 20;
	2E70 : 20;
	2E71 : 20;
	2E72 : 20;
	2E73 : 20;
	2E74 : 00;
	2E75 : 20;
	2E76 : 20;
	2E77 : 00;
	2E78 : 20;
	2E79 : 20;
	2E7A : 20;
	2E7B : 20;
	2E7C : 20;
	2E7D : 20;
	2E7E : 20;
	2E7F : 20;
	2E80 : 20;
	2E81 : 20;
	2E82 : 20;
	2E83 : 20;
	2E84 : 20;
	2E85 : 20;
	2E86 : 20;
	2E87 : 20;
	2E88 : 20;
	2E89 : 20;
	2E8A : 20;
	2E8B : 20;
	2E8C : 20;
	2E8D : 20;
	2E8E : 20;
	2E8F : 20;
	2E90 : 20;
	2E91 : 20;
	2E92 : 20;
	2E93 : 20;
	2E94 : 20;
	2E95 : 20;
	2E96 : 20;
	2E97 : 20;
	2E98 : 20;
	2E99 : 20;
	2E9A : 20;
	2E9B : 20;
	2E9C : 20;
	2E9D : 20;
	2E9E : 20;
	2E9F : 20;
	2EA0 : 20;
	2EA1 : 20;
	2EA2 : 20;
	2EA3 : 20;
	2EA4 : 20;
	2EA5 : 20;
	2EA6 : 20;
	2EA7 : 20;
	2EA8 : 20;
	2EA9 : 20;
	2EAA : 20;
	2EAB : 20;
	2EAC : 20;
	2EAD : 20;
	2EAE : 20;
	2EAF : 20;
	2EB0 : 20;
	2EB1 : 20;
	2EB2 : 20;
	2EB3 : 20;
	2EB4 : 20;
	2EB5 : 20;
	2EB6 : 20;
	2EB7 : 20;
	2EB8 : 20;
	2EB9 : 20;
	2EBA : 20;
	2EBB : 20;
	2EBC : 20;
	2EBD : 20;
	2EBE : 20;
	2EBF : 20;
	2EC0 : 20;
	2EC1 : 20;
	2EC2 : 20;
	2EC3 : 20;
	2EC4 : 20;
	2EC5 : 20;
	2EC6 : 20;
	2EC7 : 20;
	2EC8 : 20;
	2EC9 : 20;
	2ECA : 20;
	2ECB : 20;
	2ECC : 20;
	2ECD : 20;
	2ECE : 20;
	2ECF : 20;
	2ED0 : 20;
	2ED1 : 20;
	2ED2 : 20;
	2ED3 : 20;
	2ED4 : 20;
	2ED5 : 20;
	2ED6 : 20;
	2ED7 : 20;
	2ED8 : 20;
	2ED9 : 20;
	2EDA : 20;
	2EDB : 20;
	2EDC : 20;
	2EDD : 20;
	2EDE : 20;
	2EDF : 20;
	2EE0 : 20;
	2EE1 : 20;
	2EE2 : 20;
	2EE3 : 20;
	2EE4 : 20;
	2EE5 : 20;
	2EE6 : 20;
	2EE7 : 20;
	2EE8 : 20;
	2EE9 : 20;
	2EEA : 20;
	2EEB : 20;
	2EEC : 20;
	2EED : 20;
	2EEE : 20;
	2EEF : 20;
	2EF0 : 20;
	2EF1 : 20;
	2EF2 : 20;
	2EF3 : 20;
	2EF4 : 20;
	2EF5 : 20;
	2EF6 : 20;
	2EF7 : 20;
	2EF8 : 20;
	2EF9 : 20;
	2EFA : 20;
	2EFB : 20;
	2EFC : 20;
	2EFD : 20;
	2EFE : 20;
	2EFF : 20;
	2F00 : 20;
	2F01 : 20;
	2F02 : 20;
	2F03 : 20;
	2F04 : 20;
	2F05 : 20;
	2F06 : 20;
	2F07 : 20;
	2F08 : 20;
	2F09 : 20;
	2F0A : 20;
	2F0B : 20;
	2F0C : 20;
	2F0D : 20;
	2F0E : 20;
	2F0F : 20;
	2F10 : 20;
	2F11 : 20;
	2F12 : 20;
	2F13 : 20;
	2F14 : 20;
	2F15 : 20;
	2F16 : 20;
	2F17 : 20;
	2F18 : 20;
	2F19 : 20;
	2F1A : 20;
	2F1B : 20;
	2F1C : 20;
	2F1D : 20;
	2F1E : 20;
	2F1F : 20;
	2F20 : 20;
	2F21 : 20;
	2F22 : 20;
	2F23 : 20;
	2F24 : 20;
	2F25 : 20;
	2F26 : 20;
	2F27 : 20;
	2F28 : 20;
	2F29 : 20;
	2F2A : 20;
	2F2B : 20;
	2F2C : 20;
	2F2D : 20;
	2F2E : 20;
	2F2F : 20;
	2F30 : 20;
	2F31 : 20;
	2F32 : 20;
	2F33 : 20;
	2F34 : 20;
	2F35 : 20;
	2F36 : 20;
	2F37 : 20;
	2F38 : 20;
	2F39 : 20;
	2F3A : 20;
	2F3B : 20;
	2F3C : 20;
	2F3D : 20;
	2F3E : 20;
	2F3F : 20;
	2F40 : 20;
	2F41 : 20;
	2F42 : 20;
	2F43 : 20;
	2F44 : 20;
	2F45 : 20;
	2F46 : 20;
	2F47 : 20;
	2F48 : 20;
	2F49 : 20;
	2F4A : 20;
	2F4B : 20;
	2F4C : 20;
	2F4D : 20;
	2F4E : 20;
	2F4F : 20;
	2F50 : 20;
	2F51 : 20;
	2F52 : 20;
	2F53 : 20;
	2F54 : 20;
	2F55 : 20;
	2F56 : 20;
	2F57 : 20;
	2F58 : 20;
	2F59 : 20;
	2F5A : 20;
	2F5B : 20;
	2F5C : 20;
	2F5D : 20;
	2F5E : 20;
	2F5F : 20;
	2F60 : 20;
	2F61 : 20;
	2F62 : 20;
	2F63 : 20;
	2F64 : 20;
	2F65 : 20;
	2F66 : 20;
	2F67 : 20;
	2F68 : 20;
	2F69 : 20;
	2F6A : 20;
	2F6B : 20;
	2F6C : 20;
	2F6D : 20;
	2F6E : 20;
	2F6F : 20;
	2F70 : 20;
	2F71 : 20;
	2F72 : 20;
	2F73 : 20;
	2F74 : 20;
	2F75 : 20;
	2F76 : 20;
	2F77 : 20;
	2F78 : 20;
	2F79 : 20;
	2F7A : 20;
	2F7B : 20;
	2F7C : 20;
	2F7D : 20;
	2F7E : 20;
	2F7F : 20;
	2F80 : 20;
	2F81 : 20;
	2F82 : 20;
	2F83 : 20;
	2F84 : 20;
	2F85 : 20;
	2F86 : 20;
	2F87 : 20;
	2F88 : 20;
	2F89 : 20;
	2F8A : 20;
	2F8B : 20;
	2F8C : 20;
	2F8D : 20;
	2F8E : 20;
	2F8F : 20;
	2F90 : 20;
	2F91 : 20;
	2F92 : 20;
	2F93 : 20;
	2F94 : 20;
	2F95 : 20;
	2F96 : 20;
	2F97 : 20;
	2F98 : 20;
	2F99 : 20;
	2F9A : 20;
	2F9B : 20;
	2F9C : 20;
	2F9D : 20;
	2F9E : 20;
	2F9F : 20;
	2FA0 : 20;
	2FA1 : 20;
	2FA2 : 20;
	2FA3 : 20;
	2FA4 : 20;
	2FA5 : 20;
	2FA6 : 20;
	2FA7 : 20;
	2FA8 : 20;
	2FA9 : 20;
	2FAA : 20;
	2FAB : 20;
	2FAC : 20;
	2FAD : 20;
	2FAE : 20;
	2FAF : 20;
	2FB0 : 20;
	2FB1 : 20;
	2FB2 : 20;
	2FB3 : 20;
	2FB4 : 20;
	2FB5 : 20;
	2FB6 : 20;
	2FB7 : 20;
	2FB8 : 20;
	2FB9 : 20;
	2FBA : 20;
	2FBB : 20;
	2FBC : 20;
	2FBD : 20;
	2FBE : 20;
	2FBF : 20;
	2FC0 : 20;
	2FC1 : 20;
	2FC2 : 20;
	2FC3 : 20;
	2FC4 : 20;
	2FC5 : 20;
	2FC6 : 20;
	2FC7 : 20;
	2FC8 : 20;
	2FC9 : 20;
	2FCA : 20;
	2FCB : 20;
	2FCC : 20;
	2FCD : 20;
	2FCE : 20;
	2FCF : 20;
	2FD0 : 20;
	2FD1 : 20;
	2FD2 : 20;
	2FD3 : 20;
	2FD4 : 20;
	2FD5 : 20;
	2FD6 : 20;
	2FD7 : 20;
	2FD8 : 20;
	2FD9 : 20;
	2FDA : 20;
	2FDB : 20;
	2FDC : 20;
	2FDD : 20;
	2FDE : 20;
	2FDF : 20;
	2FE0 : 20;
	2FE1 : 20;
	2FE2 : 20;
	2FE3 : 20;
	2FE4 : 20;
	2FE5 : 20;
	2FE6 : 20;
	2FE7 : 20;
	2FE8 : 20;
	2FE9 : 20;
	2FEA : 20;
	2FEB : 20;
	2FEC : 20;
	2FED : 20;
	2FEE : 20;
	2FEF : 20;
	2FF0 : 20;
	2FF1 : 20;
	2FF2 : 20;
	2FF3 : 20;
	2FF4 : 20;
	2FF5 : 20;
	2FF6 : 20;
	2FF7 : 20;
	2FF8 : 20;
	2FF9 : 20;
	2FFA : 20;
	2FFB : 20;
	2FFC : 20;
	2FFD : 20;
	2FFE : 20;
	2FFF : 20;
END;
