-- Merged MIF file generated by Quartos

DEPTH = 20480;
WIDTH = 8;
ADDRESS_RADIX = HEX;
DATA_RADIX = HEX;

CONTENT BEGIN
	0 : 05;
	1 : 05;
	2 : 05;
	3 : 25;
	4 : 05;
	5 : 25;
	6 : 05;
	7 : 05;
	8 : 05;
	9 : 25;
	A : 05;
	B : 00;
	C : 00;
	D : 00;
	E : 00;
	F : 00;
	10 : 00;
	11 : 00;
	12 : 25;
	13 : 25;
	14 : 05;
	15 : 05;
	16 : 05;
	17 : 05;
	18 : 05;
	19 : 05;
	1A : 25;
	1B : 05;
	1C : 00;
	1D : 00;
	1E : 00;
	1F : 00;
	20 : 00;
	21 : 25;
	22 : 25;
	23 : 05;
	24 : 00;
	25 : 00;
	26 : 00;
	27 : 05;
	28 : 05;
	29 : 05;
	2A : 25;
	2B : 00;
	2C : 00;
	2D : 00;
	2E : 05;
	2F : 05;
	30 : 05;
	31 : 00;
	32 : 00;
	33 : 00;
	34 : 00;
	35 : 05;
	36 : 00;
	37 : 05;
	38 : 00;
	39 : 00;
	3A : 25;
	3B : 25;
	3C : 25;
	3D : 25;
	3E : 25;
	3F : 05;
	40 : 04;
	41 : 00;
	42 : 05;
	43 : 04;
	44 : 04;
	45 : 05;
	46 : 04;
	47 : 05;
	48 : 04;
	49 : 05;
	4A : 05;
	4B : 25;
	4C : 05;
	4D : 00;
	4E : 00;
	4F : 00;
	50 : 00;
	51 : 05;
	52 : 05;
	53 : 05;
	54 : 05;
	55 : 05;
	56 : 05;
	57 : 05;
	58 : 05;
	59 : 05;
	5A : 05;
	5B : 05;
	5C : 05;
	5D : 05;
	5E : 00;
	5F : 00;
	60 : 05;
	61 : 05;
	62 : 05;
	63 : 05;
	64 : 00;
	65 : 00;
	66 : 05;
	67 : 05;
	68 : 04;
	69 : 05;
	6A : 05;
	6B : 04;
	6C : 05;
	6D : 05;
	6E : 05;
	6F : 05;
	70 : 05;
	71 : 05;
	72 : 05;
	73 : 05;
	74 : 00;
	75 : 00;
	76 : 00;
	77 : 05;
	78 : 25;
	79 : 05;
	7A : 05;
	7B : 05;
	7C : 05;
	7D : 05;
	7E : 05;
	7F : 05;
	80 : 00;
	81 : 00;
	82 : 05;
	83 : 05;
	84 : 05;
	85 : 05;
	86 : 05;
	87 : 05;
	88 : 05;
	89 : 05;
	8A : 05;
	8B : 05;
	8C : 05;
	8D : 00;
	8E : 00;
	8F : 00;
	90 : 05;
	91 : 05;
	92 : 05;
	93 : 05;
	94 : 05;
	95 : 05;
	96 : 05;
	97 : 05;
	98 : 05;
	99 : 05;
	9A : 05;
	9B : 05;
	9C : 05;
	9D : 05;
	9E : 05;
	9F : 25;
	A0 : 00;
	A1 : 05;
	A2 : 05;
	A3 : 00;
	A4 : 00;
	A5 : 05;
	A6 : 04;
	A7 : 05;
	A8 : 05;
	A9 : 05;
	AA : 05;
	AB : 05;
	AC : 05;
	AD : 05;
	AE : 05;
	AF : 05;
	B0 : 05;
	B1 : 05;
	B2 : 00;
	B3 : 00;
	B4 : 00;
	B5 : 00;
	B6 : 00;
	B7 : 05;
	B8 : 05;
	B9 : 05;
	BA : 05;
	BB : 05;
	BC : 05;
	BD : 05;
	BE : 05;
	BF : 05;
	C0 : 04;
	C1 : 05;
	C2 : 05;
	C3 : 05;
	C4 : 04;
	C5 : 05;
	C6 : 05;
	C7 : 05;
	C8 : 05;
	C9 : 05;
	CA : 05;
	CB : 05;
	CC : 25;
	CD : 00;
	CE : 00;
	CF : 00;
	D0 : 05;
	D1 : 05;
	D2 : 05;
	D3 : 05;
	D4 : 05;
	D5 : 05;
	D6 : 05;
	D7 : 05;
	D8 : 04;
	D9 : 05;
	DA : 05;
	DB : 05;
	DC : 05;
	DD : 05;
	DE : 05;
	DF : 05;
	E0 : 05;
	E1 : 00;
	E2 : 05;
	E3 : 05;
	E4 : 00;
	E5 : 05;
	E6 : 05;
	E7 : 04;
	E8 : 05;
	E9 : 05;
	EA : 05;
	EB : 05;
	EC : 05;
	ED : 05;
	EE : 05;
	EF : 05;
	F0 : 05;
	F1 : 05;
	F2 : 05;
	F3 : 00;
	F4 : 00;
	F5 : 00;
	F6 : 00;
	F7 : 25;
	F8 : 05;
	F9 : 05;
	FA : 05;
	FB : 05;
	FC : 05;
	FD : 05;
	FE : 05;
	FF : 05;
	100 : 05;
	101 : 05;
	102 : 05;
	103 : 05;
	104 : 05;
	105 : 05;
	106 : 05;
	107 : 05;
	108 : 05;
	109 : 05;
	10A : 05;
	10B : 05;
	10C : 25;
	10D : 00;
	10E : 00;
	10F : 00;
	110 : 05;
	111 : 05;
	112 : 05;
	113 : 05;
	114 : 05;
	115 : 05;
	116 : 05;
	117 : 05;
	118 : 05;
	119 : 05;
	11A : 05;
	11B : 05;
	11C : 05;
	11D : 05;
	11E : 05;
	11F : 05;
	120 : 05;
	121 : 00;
	122 : 00;
	123 : 00;
	124 : 00;
	125 : 25;
	126 : 05;
	127 : 05;
	128 : 05;
	129 : 05;
	12A : 05;
	12B : 05;
	12C : 05;
	12D : 05;
	12E : 05;
	12F : 05;
	130 : 05;
	131 : 05;
	132 : 05;
	133 : 05;
	134 : 00;
	135 : 00;
	136 : 00;
	137 : 25;
	138 : 05;
	139 : 05;
	13A : 05;
	13B : 05;
	13C : 05;
	13D : 05;
	13E : 05;
	13F : 05;
	140 : 05;
	141 : 05;
	142 : 05;
	143 : 05;
	144 : 05;
	145 : 05;
	146 : 05;
	147 : 05;
	148 : 05;
	149 : 05;
	14A : 05;
	14B : 04;
	14C : 05;
	14D : 00;
	14E : 00;
	14F : 05;
	150 : 05;
	151 : 05;
	152 : 05;
	153 : 05;
	154 : 05;
	155 : 05;
	156 : 05;
	157 : 05;
	158 : 05;
	159 : 05;
	15A : 05;
	15B : 05;
	15C : 05;
	15D : 05;
	15E : 05;
	15F : 05;
	160 : 05;
	161 : 25;
	162 : 00;
	163 : 00;
	164 : 00;
	165 : 05;
	166 : 05;
	167 : 05;
	168 : 05;
	169 : 05;
	16A : 05;
	16B : 00;
	16C : 05;
	16D : 05;
	16E : 05;
	16F : 05;
	170 : 05;
	171 : 05;
	172 : 05;
	173 : 05;
	174 : 05;
	175 : 00;
	176 : 00;
	177 : 25;
	178 : 05;
	179 : 04;
	17A : 05;
	17B : 05;
	17C : 05;
	17D : 05;
	17E : 05;
	17F : 05;
	180 : 05;
	181 : 05;
	182 : 05;
	183 : 05;
	184 : 05;
	185 : 05;
	186 : 05;
	187 : 05;
	188 : 05;
	189 : 04;
	18A : 04;
	18B : 00;
	18C : 25;
	18D : 00;
	18E : 00;
	18F : 25;
	190 : 05;
	191 : 05;
	192 : 05;
	193 : 05;
	194 : 05;
	195 : 05;
	196 : 05;
	197 : 05;
	198 : 05;
	199 : 05;
	19A : 05;
	19B : 05;
	19C : 05;
	19D : 05;
	19E : 05;
	19F : 05;
	1A0 : 05;
	1A1 : 05;
	1A2 : 00;
	1A3 : 00;
	1A4 : 00;
	1A5 : 25;
	1A6 : 05;
	1A7 : 05;
	1A8 : 05;
	1A9 : 05;
	1AA : 05;
	1AB : 05;
	1AC : 05;
	1AD : 05;
	1AE : 05;
	1AF : 05;
	1B0 : 05;
	1B1 : 05;
	1B2 : 05;
	1B3 : 05;
	1B4 : 05;
	1B5 : 00;
	1B6 : 00;
	1B7 : 00;
	1B8 : 05;
	1B9 : 05;
	1BA : 05;
	1BB : 05;
	1BC : 05;
	1BD : 05;
	1BE : 05;
	1BF : 05;
	1C0 : 05;
	1C1 : 05;
	1C2 : 05;
	1C3 : 05;
	1C4 : 05;
	1C5 : 04;
	1C6 : 05;
	1C7 : 04;
	1C8 : 05;
	1C9 : 05;
	1CA : 05;
	1CB : 04;
	1CC : 05;
	1CD : 00;
	1CE : 00;
	1CF : 25;
	1D0 : 05;
	1D1 : 04;
	1D2 : 05;
	1D3 : 05;
	1D4 : 05;
	1D5 : 05;
	1D6 : 05;
	1D7 : 05;
	1D8 : 05;
	1D9 : 05;
	1DA : 05;
	1DB : 05;
	1DC : 05;
	1DD : 05;
	1DE : 05;
	1DF : 04;
	1E0 : 05;
	1E1 : 05;
	1E2 : 00;
	1E3 : 00;
	1E4 : 00;
	1E5 : 05;
	1E6 : 05;
	1E7 : 05;
	1E8 : 05;
	1E9 : 05;
	1EA : 05;
	1EB : 05;
	1EC : 05;
	1ED : 05;
	1EE : 05;
	1EF : 05;
	1F0 : 05;
	1F1 : 05;
	1F2 : 05;
	1F3 : 05;
	1F4 : 05;
	1F5 : 05;
	1F6 : 00;
	1F7 : 04;
	1F8 : 05;
	1F9 : 05;
	1FA : 05;
	1FB : 04;
	1FC : 05;
	1FD : 05;
	1FE : 05;
	1FF : 05;
	200 : 05;
	201 : 05;
	202 : 05;
	203 : 05;
	204 : 05;
	205 : 05;
	206 : 00;
	207 : 05;
	208 : 05;
	209 : 05;
	20A : 05;
	20B : 05;
	20C : 05;
	20D : 00;
	20E : 00;
	20F : 25;
	210 : 05;
	211 : 05;
	212 : 05;
	213 : 05;
	214 : 05;
	215 : 05;
	216 : 05;
	217 : 05;
	218 : 05;
	219 : 05;
	21A : 05;
	21B : 05;
	21C : 05;
	21D : 05;
	21E : 05;
	21F : 05;
	220 : 05;
	221 : 05;
	222 : 25;
	223 : 05;
	224 : 00;
	225 : 05;
	226 : 05;
	227 : 05;
	228 : 05;
	229 : 05;
	22A : 05;
	22B : 05;
	22C : 05;
	22D : 05;
	22E : 05;
	22F : 05;
	230 : 05;
	231 : 05;
	232 : 04;
	233 : 04;
	234 : 00;
	235 : 04;
	236 : 00;
	237 : 00;
	238 : 05;
	239 : 05;
	23A : 05;
	23B : 05;
	23C : 05;
	23D : 05;
	23E : 05;
	23F : 05;
	240 : 05;
	241 : 05;
	242 : 05;
	243 : 05;
	244 : 00;
	245 : 04;
	246 : 00;
	247 : 05;
	248 : 05;
	249 : 05;
	24A : 05;
	24B : 05;
	24C : 05;
	24D : 00;
	24E : 00;
	24F : 25;
	250 : 05;
	251 : 05;
	252 : 05;
	253 : 05;
	254 : 05;
	255 : 05;
	256 : 05;
	257 : 05;
	258 : 05;
	259 : 05;
	25A : 05;
	25B : 05;
	25C : 05;
	25D : 05;
	25E : 05;
	25F : 05;
	260 : 00;
	261 : 05;
	262 : 00;
	263 : 00;
	264 : 00;
	265 : 05;
	266 : 05;
	267 : 05;
	268 : 05;
	269 : 05;
	26A : 05;
	26B : 05;
	26C : 05;
	26D : 05;
	26E : 05;
	26F : 05;
	270 : 05;
	271 : 05;
	272 : 05;
	273 : 00;
	274 : 05;
	275 : 00;
	276 : 00;
	277 : 05;
	278 : 05;
	279 : 05;
	27A : 05;
	27B : 05;
	27C : 05;
	27D : 04;
	27E : 05;
	27F : 05;
	280 : 05;
	281 : 05;
	282 : 05;
	283 : 05;
	284 : 05;
	285 : 04;
	286 : 05;
	287 : 05;
	288 : 04;
	289 : 05;
	28A : 05;
	28B : 05;
	28C : 05;
	28D : 00;
	28E : 00;
	28F : 25;
	290 : 05;
	291 : 05;
	292 : 05;
	293 : 05;
	294 : 05;
	295 : 05;
	296 : 05;
	297 : 05;
	298 : 05;
	299 : 05;
	29A : 05;
	29B : 05;
	29C : 05;
	29D : 05;
	29E : 05;
	29F : 05;
	2A0 : 05;
	2A1 : 05;
	2A2 : 05;
	2A3 : 04;
	2A4 : 00;
	2A5 : 25;
	2A6 : 05;
	2A7 : 05;
	2A8 : 05;
	2A9 : 05;
	2AA : 05;
	2AB : 05;
	2AC : 05;
	2AD : 05;
	2AE : 05;
	2AF : 05;
	2B0 : 05;
	2B1 : 05;
	2B2 : 05;
	2B3 : 05;
	2B4 : 04;
	2B5 : 00;
	2B6 : 00;
	2B7 : 25;
	2B8 : 05;
	2B9 : 05;
	2BA : 05;
	2BB : 05;
	2BC : 05;
	2BD : 04;
	2BE : 05;
	2BF : 05;
	2C0 : 05;
	2C1 : 05;
	2C2 : 05;
	2C3 : 05;
	2C4 : 05;
	2C5 : 05;
	2C6 : 05;
	2C7 : 05;
	2C8 : 05;
	2C9 : 05;
	2CA : 05;
	2CB : 05;
	2CC : 00;
	2CD : 00;
	2CE : 00;
	2CF : 25;
	2D0 : 05;
	2D1 : 05;
	2D2 : 05;
	2D3 : 05;
	2D4 : 05;
	2D5 : 05;
	2D6 : 05;
	2D7 : 05;
	2D8 : 05;
	2D9 : 05;
	2DA : 05;
	2DB : 05;
	2DC : 05;
	2DD : 05;
	2DE : 05;
	2DF : 05;
	2E0 : 05;
	2E1 : 05;
	2E2 : 00;
	2E3 : 05;
	2E4 : 00;
	2E5 : 25;
	2E6 : 05;
	2E7 : 05;
	2E8 : 05;
	2E9 : 05;
	2EA : 05;
	2EB : 05;
	2EC : 05;
	2ED : 05;
	2EE : 05;
	2EF : 05;
	2F0 : 05;
	2F1 : 05;
	2F2 : 05;
	2F3 : 05;
	2F4 : 04;
	2F5 : 00;
	2F6 : 00;
	2F7 : 00;
	2F8 : 05;
	2F9 : 05;
	2FA : 05;
	2FB : 05;
	2FC : 05;
	2FD : 05;
	2FE : 05;
	2FF : 05;
	300 : 05;
	301 : 05;
	302 : 05;
	303 : 05;
	304 : 05;
	305 : 05;
	306 : 05;
	307 : 05;
	308 : 05;
	309 : 05;
	30A : 05;
	30B : 05;
	30C : 25;
	30D : 00;
	30E : 00;
	30F : 25;
	310 : 05;
	311 : 05;
	312 : 05;
	313 : 05;
	314 : 05;
	315 : 05;
	316 : 05;
	317 : 05;
	318 : 05;
	319 : 05;
	31A : 05;
	31B : 05;
	31C : 05;
	31D : 05;
	31E : 05;
	31F : 04;
	320 : 05;
	321 : 05;
	322 : 00;
	323 : 05;
	324 : 00;
	325 : 25;
	326 : 05;
	327 : 05;
	328 : 05;
	329 : 05;
	32A : 05;
	32B : 05;
	32C : 05;
	32D : 05;
	32E : 05;
	32F : 05;
	330 : 00;
	331 : 04;
	332 : 05;
	333 : 05;
	334 : 05;
	335 : 05;
	336 : 00;
	337 : 05;
	338 : 05;
	339 : 05;
	33A : 05;
	33B : 05;
	33C : 05;
	33D : 05;
	33E : 05;
	33F : 05;
	340 : 05;
	341 : 05;
	342 : 05;
	343 : 05;
	344 : 05;
	345 : 05;
	346 : 05;
	347 : 05;
	348 : 05;
	349 : 05;
	34A : 05;
	34B : 05;
	34C : 25;
	34D : 00;
	34E : 00;
	34F : 00;
	350 : 05;
	351 : 05;
	352 : 05;
	353 : 05;
	354 : 05;
	355 : 05;
	356 : 05;
	357 : 05;
	358 : 05;
	359 : 05;
	35A : 05;
	35B : 05;
	35C : 05;
	35D : 05;
	35E : 05;
	35F : 05;
	360 : 05;
	361 : 05;
	362 : 00;
	363 : 05;
	364 : 00;
	365 : 25;
	366 : 05;
	367 : 05;
	368 : 05;
	369 : 05;
	36A : 05;
	36B : 05;
	36C : 05;
	36D : 05;
	36E : 04;
	36F : 05;
	370 : 05;
	371 : 05;
	372 : 05;
	373 : 05;
	374 : 05;
	375 : 00;
	376 : 00;
	377 : 25;
	378 : 05;
	379 : 05;
	37A : 05;
	37B : 05;
	37C : 05;
	37D : 05;
	37E : 05;
	37F : 05;
	380 : 05;
	381 : 05;
	382 : 05;
	383 : 05;
	384 : 05;
	385 : 05;
	386 : 05;
	387 : 05;
	388 : 05;
	389 : 05;
	38A : 05;
	38B : 05;
	38C : 05;
	38D : 00;
	38E : 00;
	38F : 25;
	390 : 05;
	391 : 05;
	392 : 05;
	393 : 05;
	394 : 05;
	395 : 05;
	396 : 05;
	397 : 25;
	398 : 25;
	399 : 05;
	39A : 05;
	39B : 05;
	39C : 05;
	39D : 05;
	39E : 05;
	39F : 05;
	3A0 : 05;
	3A1 : 05;
	3A2 : 00;
	3A3 : 04;
	3A4 : 00;
	3A5 : 25;
	3A6 : 04;
	3A7 : 05;
	3A8 : 05;
	3A9 : 05;
	3AA : 05;
	3AB : 05;
	3AC : 04;
	3AD : 04;
	3AE : 05;
	3AF : 05;
	3B0 : 05;
	3B1 : 05;
	3B2 : 05;
	3B3 : 05;
	3B4 : 05;
	3B5 : 00;
	3B6 : 00;
	3B7 : 04;
	3B8 : 05;
	3B9 : 05;
	3BA : 05;
	3BB : 05;
	3BC : 05;
	3BD : 05;
	3BE : 05;
	3BF : 05;
	3C0 : 05;
	3C1 : 05;
	3C2 : 05;
	3C3 : 05;
	3C4 : 05;
	3C5 : 05;
	3C6 : 05;
	3C7 : 05;
	3C8 : 05;
	3C9 : 05;
	3CA : 05;
	3CB : 05;
	3CC : 00;
	3CD : 00;
	3CE : 00;
	3CF : 25;
	3D0 : 05;
	3D1 : 05;
	3D2 : 05;
	3D3 : 05;
	3D4 : 05;
	3D5 : 05;
	3D6 : 05;
	3D7 : 05;
	3D8 : 05;
	3D9 : 25;
	3DA : 05;
	3DB : 05;
	3DC : 05;
	3DD : 05;
	3DE : 05;
	3DF : 05;
	3E0 : 05;
	3E1 : 05;
	3E2 : 00;
	3E3 : 00;
	3E4 : 00;
	3E5 : 25;
	3E6 : 05;
	3E7 : 05;
	3E8 : 05;
	3E9 : 05;
	3EA : 05;
	3EB : 05;
	3EC : 05;
	3ED : 05;
	3EE : 05;
	3EF : 05;
	3F0 : 05;
	3F1 : 05;
	3F2 : 05;
	3F3 : 05;
	3F4 : 05;
	3F5 : 00;
	3F6 : 00;
	3F7 : 05;
	3F8 : 05;
	3F9 : 05;
	3FA : 05;
	3FB : 05;
	3FC : 05;
	3FD : 05;
	3FE : 05;
	3FF : 05;
	400 : 05;
	401 : 05;
	402 : 05;
	403 : 05;
	404 : 05;
	405 : 05;
	406 : 05;
	407 : 05;
	408 : 05;
	409 : 05;
	40A : 05;
	40B : 05;
	40C : 00;
	40D : 00;
	40E : 00;
	40F : 05;
	410 : 05;
	411 : 05;
	412 : 05;
	413 : 05;
	414 : 05;
	415 : 05;
	416 : 05;
	417 : 05;
	418 : 05;
	419 : 05;
	41A : 05;
	41B : 05;
	41C : 05;
	41D : 05;
	41E : 05;
	41F : 05;
	420 : 05;
	421 : 05;
	422 : 00;
	423 : 00;
	424 : 00;
	425 : 00;
	426 : 05;
	427 : 05;
	428 : 04;
	429 : 05;
	42A : 05;
	42B : 05;
	42C : 05;
	42D : 05;
	42E : 05;
	42F : 05;
	430 : 05;
	431 : 05;
	432 : 05;
	433 : 05;
	434 : 05;
	435 : 00;
	436 : 00;
	437 : 05;
	438 : 05;
	439 : 04;
	43A : 05;
	43B : 05;
	43C : 05;
	43D : 05;
	43E : 05;
	43F : 05;
	440 : 05;
	441 : 05;
	442 : 05;
	443 : 05;
	444 : 05;
	445 : 05;
	446 : 05;
	447 : 05;
	448 : 05;
	449 : 05;
	44A : 25;
	44B : 05;
	44C : 00;
	44D : 00;
	44E : 00;
	44F : 25;
	450 : 05;
	451 : 05;
	452 : 05;
	453 : 05;
	454 : 05;
	455 : 05;
	456 : 05;
	457 : 05;
	458 : 05;
	459 : 05;
	45A : 05;
	45B : 05;
	45C : 05;
	45D : 05;
	45E : 05;
	45F : 05;
	460 : 05;
	461 : 05;
	462 : 00;
	463 : 00;
	464 : 00;
	465 : 00;
	466 : 00;
	467 : 05;
	468 : 05;
	469 : 05;
	46A : 05;
	46B : 05;
	46C : 05;
	46D : 05;
	46E : 05;
	46F : 05;
	470 : 05;
	471 : 05;
	472 : 00;
	473 : 05;
	474 : 25;
	475 : 00;
	476 : 00;
	477 : 04;
	478 : 05;
	479 : 05;
	47A : 05;
	47B : 05;
	47C : 05;
	47D : 05;
	47E : 05;
	47F : 05;
	480 : 25;
	481 : 25;
	482 : 25;
	483 : 25;
	484 : 25;
	485 : 25;
	486 : 25;
	487 : 25;
	488 : 25;
	489 : 25;
	48A : 25;
	48B : 00;
	48C : 00;
	48D : 05;
	48E : 00;
	48F : 25;
	490 : 05;
	491 : 05;
	492 : 04;
	493 : 05;
	494 : 05;
	495 : 05;
	496 : 05;
	497 : 05;
	498 : 05;
	499 : 05;
	49A : 05;
	49B : 05;
	49C : 05;
	49D : 05;
	49E : 05;
	49F : 05;
	4A0 : 05;
	4A1 : 05;
	4A2 : 05;
	4A3 : 04;
	4A4 : 00;
	4A5 : 00;
	4A6 : 00;
	4A7 : 05;
	4A8 : 25;
	4A9 : 25;
	4AA : 25;
	4AB : 25;
	4AC : 05;
	4AD : 25;
	4AE : 25;
	4AF : 25;
	4B0 : 25;
	4B1 : 25;
	4B2 : 25;
	4B3 : 25;
	4B4 : 05;
	4B5 : 00;
	4B6 : 00;
	4B7 : 05;
	4B8 : 00;
	4B9 : 00;
	4BA : 05;
	4BB : 05;
	4BC : 05;
	4BD : 00;
	4BE : 00;
	4BF : 05;
	4C0 : 00;
	4C1 : 00;
	4C2 : 00;
	4C3 : 00;
	4C4 : 00;
	4C5 : 04;
	4C6 : 04;
	4C7 : 00;
	4C8 : 04;
	4C9 : 00;
	4CA : 00;
	4CB : 00;
	4CC : 04;
	4CD : 00;
	4CE : 00;
	4CF : 25;
	4D0 : 05;
	4D1 : 05;
	4D2 : 05;
	4D3 : 05;
	4D4 : 05;
	4D5 : 05;
	4D6 : 05;
	4D7 : 05;
	4D8 : 05;
	4D9 : 05;
	4DA : 05;
	4DB : 05;
	4DC : 05;
	4DD : 05;
	4DE : 05;
	4DF : 05;
	4E0 : 05;
	4E1 : 05;
	4E2 : 00;
	4E3 : 05;
	4E4 : 00;
	4E5 : 00;
	4E6 : 00;
	4E7 : 00;
	4E8 : 00;
	4E9 : 00;
	4EA : 00;
	4EB : 00;
	4EC : 00;
	4ED : 00;
	4EE : 00;
	4EF : 00;
	4F0 : 00;
	4F1 : 00;
	4F2 : 00;
	4F3 : 00;
	4F4 : 00;
	4F5 : 00;
	4F6 : 05;
	4F7 : 00;
	4F8 : 00;
	4F9 : 00;
	4FA : 00;
	4FB : 00;
	4FC : 00;
	4FD : 00;
	4FE : 00;
	4FF : 00;
	500 : 00;
	501 : 00;
	502 : 00;
	503 : 05;
	504 : 00;
	505 : 00;
	506 : 00;
	507 : 00;
	508 : 00;
	509 : 00;
	50A : 00;
	50B : 05;
	50C : 00;
	50D : 00;
	50E : 00;
	50F : 05;
	510 : 05;
	511 : 05;
	512 : 04;
	513 : 04;
	514 : 05;
	515 : 05;
	516 : 05;
	517 : 05;
	518 : 05;
	519 : 05;
	51A : 05;
	51B : 05;
	51C : 05;
	51D : 05;
	51E : 05;
	51F : 04;
	520 : 05;
	521 : 05;
	522 : 00;
	523 : 00;
	524 : 00;
	525 : 05;
	526 : 00;
	527 : 00;
	528 : 00;
	529 : 04;
	52A : 04;
	52B : 05;
	52C : 00;
	52D : 00;
	52E : 00;
	52F : 00;
	530 : 25;
	531 : 00;
	532 : 04;
	533 : 05;
	534 : 04;
	535 : 04;
	536 : 00;
	537 : 05;
	538 : 00;
	539 : 00;
	53A : 00;
	53B : 00;
	53C : 00;
	53D : 05;
	53E : 05;
	53F : 00;
	540 : 00;
	541 : 05;
	542 : 00;
	543 : 05;
	544 : 00;
	545 : 05;
	546 : 25;
	547 : 00;
	548 : 00;
	549 : 25;
	54A : 05;
	54B : 05;
	54C : 25;
	54D : 00;
	54E : 00;
	54F : 25;
	550 : 05;
	551 : 05;
	552 : 05;
	553 : 05;
	554 : 05;
	555 : 05;
	556 : 05;
	557 : 05;
	558 : 05;
	559 : 05;
	55A : 05;
	55B : 05;
	55C : 05;
	55D : 05;
	55E : 05;
	55F : 05;
	560 : 05;
	561 : 05;
	562 : 00;
	563 : 00;
	564 : 00;
	565 : 00;
	566 : 00;
	567 : 05;
	568 : 05;
	569 : 04;
	56A : 05;
	56B : 05;
	56C : 05;
	56D : 05;
	56E : 05;
	56F : 05;
	570 : 00;
	571 : 00;
	572 : 05;
	573 : 00;
	574 : 05;
	575 : 05;
	576 : 05;
	577 : 05;
	578 : 05;
	579 : 04;
	57A : 25;
	57B : 05;
	57C : 05;
	57D : 05;
	57E : 05;
	57F : 05;
	580 : 05;
	581 : 05;
	582 : 00;
	583 : 05;
	584 : 00;
	585 : 05;
	586 : 05;
	587 : 00;
	588 : 01;
	589 : 05;
	58A : 05;
	58B : 05;
	58C : 05;
	58D : 00;
	58E : 00;
	58F : 25;
	590 : 05;
	591 : 05;
	592 : 05;
	593 : 05;
	594 : 05;
	595 : 05;
	596 : 05;
	597 : 05;
	598 : 05;
	599 : 05;
	59A : 05;
	59B : 05;
	59C : 05;
	59D : 05;
	59E : 05;
	59F : 05;
	5A0 : 05;
	5A1 : 05;
	5A2 : 00;
	5A3 : 00;
	5A4 : 00;
	5A5 : 25;
	5A6 : 05;
	5A7 : 05;
	5A8 : 04;
	5A9 : 05;
	5AA : 05;
	5AB : 05;
	5AC : 05;
	5AD : 05;
	5AE : 05;
	5AF : 05;
	5B0 : 00;
	5B1 : 00;
	5B2 : 25;
	5B3 : 05;
	5B4 : 05;
	5B5 : 05;
	5B6 : 05;
	5B7 : 05;
	5B8 : 05;
	5B9 : 05;
	5BA : 05;
	5BB : 05;
	5BC : 05;
	5BD : 05;
	5BE : 05;
	5BF : 05;
	5C0 : 05;
	5C1 : 05;
	5C2 : 05;
	5C3 : 05;
	5C4 : 00;
	5C5 : 05;
	5C6 : 25;
	5C7 : 00;
	5C8 : 00;
	5C9 : 05;
	5CA : 05;
	5CB : 05;
	5CC : 05;
	5CD : 04;
	5CE : 00;
	5CF : 00;
	5D0 : 25;
	5D1 : 05;
	5D2 : 05;
	5D3 : 05;
	5D4 : 05;
	5D5 : 05;
	5D6 : 05;
	5D7 : 05;
	5D8 : 05;
	5D9 : 05;
	5DA : 05;
	5DB : 05;
	5DC : 05;
	5DD : 05;
	5DE : 05;
	5DF : 05;
	5E0 : 05;
	5E1 : 05;
	5E2 : 00;
	5E3 : 00;
	5E4 : 00;
	5E5 : 25;
	5E6 : 05;
	5E7 : 05;
	5E8 : 05;
	5E9 : 05;
	5EA : 05;
	5EB : 05;
	5EC : 05;
	5ED : 05;
	5EE : 05;
	5EF : 05;
	5F0 : 00;
	5F1 : 00;
	5F2 : 05;
	5F3 : 05;
	5F4 : 05;
	5F5 : 05;
	5F6 : 05;
	5F7 : 05;
	5F8 : 05;
	5F9 : 05;
	5FA : 05;
	5FB : 05;
	5FC : 04;
	5FD : 05;
	5FE : 05;
	5FF : 05;
	600 : 05;
	601 : 05;
	602 : 05;
	603 : 05;
	604 : 05;
	605 : 05;
	606 : 05;
	607 : 00;
	608 : 00;
	609 : 05;
	60A : 05;
	60B : 05;
	60C : 05;
	60D : 00;
	60E : 00;
	60F : 00;
	610 : 04;
	611 : 25;
	612 : 05;
	613 : 05;
	614 : 05;
	615 : 05;
	616 : 05;
	617 : 05;
	618 : 05;
	619 : 05;
	61A : 05;
	61B : 05;
	61C : 25;
	61D : 05;
	61E : 05;
	61F : 05;
	620 : 05;
	621 : 00;
	622 : 00;
	623 : 00;
	624 : 00;
	625 : 05;
	626 : 05;
	627 : 05;
	628 : 05;
	629 : 05;
	62A : 05;
	62B : 05;
	62C : 05;
	62D : 05;
	62E : 05;
	62F : 05;
	630 : 00;
	631 : 00;
	632 : 05;
	633 : 05;
	634 : 05;
	635 : 05;
	636 : 04;
	637 : 05;
	638 : 05;
	639 : 05;
	63A : 05;
	63B : 05;
	63C : 05;
	63D : 05;
	63E : 04;
	63F : 05;
	640 : 05;
	641 : 05;
	642 : 05;
	643 : 05;
	644 : 05;
	645 : 25;
	646 : 05;
	647 : 00;
	648 : 00;
	649 : 05;
	64A : 05;
	64B : 05;
	64C : 25;
	64D : 00;
	64E : 00;
	64F : 05;
	650 : 00;
	651 : 00;
	652 : 05;
	653 : 25;
	654 : 25;
	655 : 25;
	656 : 25;
	657 : 25;
	658 : 05;
	659 : 25;
	65A : 25;
	65B : 25;
	65C : 25;
	65D : 25;
	65E : 00;
	65F : 04;
	660 : 00;
	661 : 00;
	662 : 05;
	663 : 00;
	664 : 00;
	665 : 05;
	666 : 05;
	667 : 05;
	668 : 05;
	669 : 05;
	66A : 05;
	66B : 05;
	66C : 05;
	66D : 05;
	66E : 05;
	66F : 05;
	670 : 00;
	671 : 00;
	672 : 25;
	673 : 05;
	674 : 05;
	675 : 05;
	676 : 05;
	677 : 05;
	678 : 05;
	679 : 05;
	67A : 05;
	67B : 05;
	67C : 05;
	67D : 05;
	67E : 05;
	67F : 05;
	680 : 05;
	681 : 05;
	682 : 05;
	683 : 05;
	684 : 05;
	685 : 00;
	686 : 25;
	687 : 00;
	688 : 00;
	689 : 05;
	68A : 25;
	68B : 25;
	68C : 00;
	68D : 00;
	68E : 00;
	68F : 05;
	690 : 00;
	691 : 05;
	692 : 00;
	693 : 04;
	694 : 00;
	695 : 00;
	696 : 00;
	697 : 05;
	698 : 05;
	699 : 05;
	69A : 00;
	69B : 05;
	69C : 04;
	69D : 05;
	69E : 05;
	69F : 04;
	6A0 : 00;
	6A1 : 05;
	6A2 : 25;
	6A3 : 00;
	6A4 : 00;
	6A5 : 00;
	6A6 : 25;
	6A7 : 25;
	6A8 : 05;
	6A9 : 25;
	6AA : 05;
	6AB : 25;
	6AC : 05;
	6AD : 25;
	6AE : 25;
	6AF : 05;
	6B0 : 00;
	6B1 : 00;
	6B2 : 25;
	6B3 : 05;
	6B4 : 05;
	6B5 : 05;
	6B6 : 05;
	6B7 : 05;
	6B8 : 05;
	6B9 : 05;
	6BA : 05;
	6BB : 05;
	6BC : 05;
	6BD : 05;
	6BE : 25;
	6BF : 05;
	6C0 : 04;
	6C1 : 05;
	6C2 : 05;
	6C3 : 25;
	6C4 : 05;
	6C5 : 00;
	6C6 : 04;
	6C7 : 00;
	6C8 : 05;
	6C9 : 00;
	6CA : 00;
	6CB : 00;
	6CC : 00;
	6CD : 00;
	6CE : 00;
	6CF : 00;
	6D0 : 00;
	6D1 : 00;
	6D2 : 00;
	6D3 : 00;
	6D4 : 00;
	6D5 : 00;
	6D6 : 00;
	6D7 : 00;
	6D8 : 00;
	6D9 : 00;
	6DA : 00;
	6DB : 00;
	6DC : 00;
	6DD : 00;
	6DE : 00;
	6DF : 00;
	6E0 : 00;
	6E1 : 00;
	6E2 : 00;
	6E3 : 00;
	6E4 : 00;
	6E5 : 00;
	6E6 : 00;
	6E7 : 00;
	6E8 : 00;
	6E9 : 00;
	6EA : 00;
	6EB : 00;
	6EC : 00;
	6ED : 00;
	6EE : 00;
	6EF : 00;
	6F0 : 05;
	6F1 : 00;
	6F2 : 00;
	6F3 : 05;
	6F4 : 05;
	6F5 : 25;
	6F6 : 05;
	6F7 : 05;
	6F8 : 05;
	6F9 : 05;
	6FA : 05;
	6FB : 05;
	6FC : 05;
	6FD : 05;
	6FE : 05;
	6FF : 05;
	700 : 05;
	701 : 05;
	702 : 05;
	703 : 05;
	704 : 05;
	705 : 05;
	706 : 25;
	707 : 00;
	708 : 00;
	709 : 05;
	70A : 04;
	70B : 25;
	70C : 25;
	70D : 25;
	70E : 25;
	70F : 25;
	710 : 25;
	711 : 25;
	712 : 25;
	713 : 25;
	714 : 25;
	715 : 00;
	716 : 00;
	717 : 04;
	718 : 00;
	719 : 25;
	71A : 00;
	71B : 00;
	71C : 00;
	71D : 04;
	71E : 25;
	71F : 25;
	720 : 25;
	721 : 25;
	722 : 04;
	723 : 00;
	724 : 25;
	725 : 00;
	726 : 00;
	727 : 00;
	728 : 25;
	729 : 25;
	72A : 25;
	72B : 25;
	72C : 25;
	72D : 00;
	72E : 00;
	72F : 00;
	730 : 00;
	731 : 00;
	732 : 00;
	733 : 25;
	734 : 05;
	735 : 05;
	736 : 05;
	737 : 05;
	738 : 05;
	739 : 05;
	73A : 05;
	73B : 05;
	73C : 05;
	73D : 05;
	73E : 05;
	73F : 05;
	740 : 05;
	741 : 05;
	742 : 05;
	743 : 05;
	744 : 05;
	745 : 05;
	746 : 25;
	747 : 00;
	748 : 00;
	749 : 05;
	74A : 05;
	74B : 05;
	74C : 05;
	74D : 05;
	74E : 05;
	74F : 05;
	750 : 05;
	751 : 05;
	752 : 05;
	753 : 05;
	754 : 05;
	755 : 05;
	756 : 25;
	757 : 05;
	758 : 00;
	759 : 00;
	75A : 05;
	75B : 25;
	75C : 05;
	75D : 05;
	75E : 05;
	75F : 05;
	760 : 05;
	761 : 05;
	762 : 05;
	763 : 05;
	764 : 05;
	765 : 05;
	766 : 05;
	767 : 05;
	768 : 25;
	769 : 05;
	76A : 05;
	76B : 05;
	76C : 05;
	76D : 05;
	76E : 05;
	76F : 00;
	770 : 00;
	771 : 00;
	772 : 25;
	773 : 05;
	774 : 25;
	775 : 05;
	776 : 05;
	777 : 05;
	778 : 05;
	779 : 05;
	77A : 05;
	77B : 05;
	77C : 05;
	77D : 05;
	77E : 05;
	77F : 05;
	780 : 05;
	781 : 05;
	782 : 05;
	783 : 05;
	784 : 05;
	785 : 05;
	786 : 25;
	787 : 00;
	788 : 00;
	789 : 25;
	78A : 05;
	78B : 05;
	78C : 05;
	78D : 05;
	78E : 05;
	78F : 05;
	790 : 05;
	791 : 05;
	792 : 05;
	793 : 05;
	794 : 05;
	795 : 05;
	796 : 25;
	797 : 05;
	798 : 00;
	799 : 05;
	79A : 25;
	79B : 05;
	79C : 05;
	79D : 05;
	79E : 05;
	79F : 05;
	7A0 : 05;
	7A1 : 05;
	7A2 : 05;
	7A3 : 05;
	7A4 : 05;
	7A5 : 05;
	7A6 : 05;
	7A7 : 05;
	7A8 : 05;
	7A9 : 05;
	7AA : 05;
	7AB : 05;
	7AC : 05;
	7AD : 05;
	7AE : 05;
	7AF : 05;
	7B0 : 00;
	7B1 : 00;
	7B2 : 05;
	7B3 : 05;
	7B4 : 05;
	7B5 : 05;
	7B6 : 05;
	7B7 : 05;
	7B8 : 05;
	7B9 : 05;
	7BA : 05;
	7BB : 05;
	7BC : 05;
	7BD : 05;
	7BE : 05;
	7BF : 05;
	7C0 : 05;
	7C1 : 05;
	7C2 : 05;
	7C3 : 05;
	7C4 : 05;
	7C5 : 05;
	7C6 : 25;
	7C7 : 00;
	7C8 : 00;
	7C9 : 05;
	7CA : 05;
	7CB : 05;
	7CC : 05;
	7CD : 05;
	7CE : 05;
	7CF : 05;
	7D0 : 05;
	7D1 : 05;
	7D2 : 05;
	7D3 : 05;
	7D4 : 05;
	7D5 : 05;
	7D6 : 05;
	7D7 : 05;
	7D8 : 00;
	7D9 : 00;
	7DA : 05;
	7DB : 05;
	7DC : 05;
	7DD : 05;
	7DE : 05;
	7DF : 05;
	7E0 : 05;
	7E1 : 05;
	7E2 : 05;
	7E3 : 05;
	7E4 : 05;
	7E5 : 05;
	7E6 : 05;
	7E7 : 05;
	7E8 : 05;
	7E9 : 05;
	7EA : 05;
	7EB : 05;
	7EC : 05;
	7ED : 05;
	7EE : 05;
	7EF : 25;
	7F0 : 00;
	7F1 : 00;
	7F2 : 05;
	7F3 : 05;
	7F4 : 05;
	7F5 : 05;
	7F6 : 05;
	7F7 : 05;
	7F8 : 05;
	7F9 : 05;
	7FA : 05;
	7FB : 05;
	7FC : 05;
	7FD : 05;
	7FE : 05;
	7FF : 05;
	800 : 05;
	801 : 05;
	802 : 05;
	803 : 05;
	804 : 05;
	805 : 05;
	806 : 25;
	807 : 00;
	808 : 00;
	809 : 04;
	80A : 05;
	80B : 05;
	80C : 05;
	80D : 05;
	80E : 05;
	80F : 05;
	810 : 05;
	811 : 05;
	812 : 05;
	813 : 05;
	814 : 05;
	815 : 05;
	816 : 05;
	817 : 05;
	818 : 00;
	819 : 00;
	81A : 05;
	81B : 05;
	81C : 05;
	81D : 05;
	81E : 05;
	81F : 05;
	820 : 25;
	821 : 05;
	822 : 25;
	823 : 05;
	824 : 05;
	825 : 05;
	826 : 05;
	827 : 05;
	828 : 05;
	829 : 05;
	82A : 05;
	82B : 05;
	82C : 05;
	82D : 05;
	82E : 05;
	82F : 25;
	830 : 00;
	831 : 05;
	832 : 05;
	833 : 05;
	834 : 05;
	835 : 05;
	836 : 05;
	837 : 05;
	838 : 05;
	839 : 05;
	83A : 05;
	83B : 05;
	83C : 05;
	83D : 05;
	83E : 05;
	83F : 05;
	840 : 05;
	841 : 05;
	842 : 05;
	843 : 05;
	844 : 05;
	845 : 05;
	846 : 25;
	847 : 00;
	848 : 00;
	849 : 05;
	84A : 05;
	84B : 05;
	84C : 05;
	84D : 05;
	84E : 05;
	84F : 05;
	850 : 05;
	851 : 05;
	852 : 05;
	853 : 05;
	854 : 04;
	855 : 05;
	856 : 05;
	857 : 05;
	858 : 00;
	859 : 05;
	85A : 05;
	85B : 05;
	85C : 05;
	85D : 05;
	85E : 05;
	85F : 05;
	860 : 05;
	861 : 05;
	862 : 25;
	863 : 05;
	864 : 05;
	865 : 05;
	866 : 05;
	867 : 05;
	868 : 05;
	869 : 05;
	86A : 05;
	86B : 05;
	86C : 05;
	86D : 05;
	86E : 05;
	86F : 25;
	870 : 00;
	871 : 00;
	872 : 05;
	873 : 05;
	874 : 05;
	875 : 05;
	876 : 05;
	877 : 05;
	878 : 05;
	879 : 05;
	87A : 05;
	87B : 05;
	87C : 05;
	87D : 05;
	87E : 05;
	87F : 05;
	880 : 05;
	881 : 05;
	882 : 05;
	883 : 05;
	884 : 05;
	885 : 05;
	886 : 25;
	887 : 00;
	888 : 00;
	889 : 05;
	88A : 05;
	88B : 05;
	88C : 05;
	88D : 05;
	88E : 05;
	88F : 05;
	890 : 05;
	891 : 05;
	892 : 05;
	893 : 05;
	894 : 05;
	895 : 05;
	896 : 05;
	897 : 05;
	898 : 00;
	899 : 05;
	89A : 05;
	89B : 05;
	89C : 05;
	89D : 05;
	89E : 05;
	89F : 05;
	8A0 : 05;
	8A1 : 05;
	8A2 : 05;
	8A3 : 25;
	8A4 : 05;
	8A5 : 05;
	8A6 : 05;
	8A7 : 05;
	8A8 : 05;
	8A9 : 05;
	8AA : 05;
	8AB : 05;
	8AC : 05;
	8AD : 05;
	8AE : 05;
	8AF : 25;
	8B0 : 00;
	8B1 : 04;
	8B2 : 25;
	8B3 : 05;
	8B4 : 05;
	8B5 : 05;
	8B6 : 05;
	8B7 : 05;
	8B8 : 05;
	8B9 : 05;
	8BA : 05;
	8BB : 05;
	8BC : 05;
	8BD : 05;
	8BE : 05;
	8BF : 05;
	8C0 : 05;
	8C1 : 05;
	8C2 : 05;
	8C3 : 05;
	8C4 : 05;
	8C5 : 05;
	8C6 : 25;
	8C7 : 00;
	8C8 : 00;
	8C9 : 05;
	8CA : 05;
	8CB : 05;
	8CC : 05;
	8CD : 05;
	8CE : 05;
	8CF : 05;
	8D0 : 05;
	8D1 : 05;
	8D2 : 05;
	8D3 : 05;
	8D4 : 05;
	8D5 : 05;
	8D6 : 05;
	8D7 : 05;
	8D8 : 00;
	8D9 : 05;
	8DA : 05;
	8DB : 05;
	8DC : 05;
	8DD : 05;
	8DE : 05;
	8DF : 05;
	8E0 : 05;
	8E1 : 25;
	8E2 : 05;
	8E3 : 05;
	8E4 : 05;
	8E5 : 25;
	8E6 : 05;
	8E7 : 05;
	8E8 : 05;
	8E9 : 05;
	8EA : 05;
	8EB : 05;
	8EC : 05;
	8ED : 05;
	8EE : 05;
	8EF : 25;
	8F0 : 00;
	8F1 : 00;
	8F2 : 05;
	8F3 : 05;
	8F4 : 05;
	8F5 : 05;
	8F6 : 05;
	8F7 : 05;
	8F8 : 05;
	8F9 : 05;
	8FA : 05;
	8FB : 05;
	8FC : 05;
	8FD : 05;
	8FE : 05;
	8FF : 05;
	900 : 04;
	901 : 05;
	902 : 05;
	903 : 05;
	904 : 05;
	905 : 05;
	906 : 25;
	907 : 00;
	908 : 00;
	909 : 05;
	90A : 05;
	90B : 05;
	90C : 05;
	90D : 05;
	90E : 05;
	90F : 05;
	910 : 05;
	911 : 05;
	912 : 05;
	913 : 05;
	914 : 05;
	915 : 05;
	916 : 05;
	917 : 05;
	918 : 00;
	919 : 25;
	91A : 05;
	91B : 05;
	91C : 05;
	91D : 05;
	91E : 05;
	91F : 05;
	920 : 05;
	921 : 05;
	922 : 05;
	923 : 05;
	924 : 05;
	925 : 05;
	926 : 05;
	927 : 05;
	928 : 05;
	929 : 05;
	92A : 05;
	92B : 05;
	92C : 05;
	92D : 05;
	92E : 05;
	92F : 25;
	930 : 00;
	931 : 00;
	932 : 25;
	933 : 05;
	934 : 05;
	935 : 05;
	936 : 05;
	937 : 05;
	938 : 05;
	939 : 05;
	93A : 05;
	93B : 05;
	93C : 05;
	93D : 05;
	93E : 05;
	93F : 05;
	940 : 05;
	941 : 05;
	942 : 05;
	943 : 05;
	944 : 05;
	945 : 05;
	946 : 05;
	947 : 00;
	948 : 00;
	949 : 05;
	94A : 05;
	94B : 05;
	94C : 05;
	94D : 05;
	94E : 05;
	94F : 05;
	950 : 05;
	951 : 05;
	952 : 05;
	953 : 05;
	954 : 05;
	955 : 05;
	956 : 05;
	957 : 05;
	958 : 00;
	959 : 00;
	95A : 05;
	95B : 05;
	95C : 25;
	95D : 05;
	95E : 05;
	95F : 05;
	960 : 25;
	961 : 05;
	962 : 05;
	963 : 05;
	964 : 25;
	965 : 05;
	966 : 05;
	967 : 05;
	968 : 25;
	969 : 05;
	96A : 05;
	96B : 05;
	96C : 05;
	96D : 25;
	96E : 05;
	96F : 25;
	970 : 00;
	971 : 00;
	972 : 04;
	973 : 05;
	974 : 05;
	975 : 05;
	976 : 05;
	977 : 05;
	978 : 05;
	979 : 05;
	97A : 05;
	97B : 05;
	97C : 05;
	97D : 05;
	97E : 05;
	97F : 05;
	980 : 25;
	981 : 05;
	982 : 05;
	983 : 05;
	984 : 05;
	985 : 05;
	986 : 00;
	987 : 00;
	988 : 00;
	989 : 05;
	98A : 05;
	98B : 05;
	98C : 05;
	98D : 05;
	98E : 05;
	98F : 05;
	990 : 05;
	991 : 05;
	992 : 05;
	993 : 05;
	994 : 05;
	995 : 05;
	996 : 05;
	997 : 05;
	998 : 00;
	999 : 00;
	99A : 05;
	99B : 05;
	99C : 05;
	99D : 05;
	99E : 25;
	99F : 05;
	9A0 : 25;
	9A1 : 05;
	9A2 : 05;
	9A3 : 05;
	9A4 : 05;
	9A5 : 05;
	9A6 : 05;
	9A7 : 05;
	9A8 : 05;
	9A9 : 05;
	9AA : 05;
	9AB : 25;
	9AC : 05;
	9AD : 05;
	9AE : 05;
	9AF : 25;
	9B0 : 00;
	9B1 : 00;
	9B2 : 00;
	9B3 : 04;
	9B4 : 25;
	9B5 : 25;
	9B6 : 25;
	9B7 : 25;
	9B8 : 25;
	9B9 : 25;
	9BA : 25;
	9BB : 25;
	9BC : 25;
	9BD : 25;
	9BE : 25;
	9BF : 25;
	9C0 : 00;
	9C1 : 00;
	9C2 : 00;
	9C3 : 00;
	9C4 : 00;
	9C5 : 00;
	9C6 : 00;
	9C7 : 00;
	9C8 : 00;
	9C9 : 25;
	9CA : 05;
	9CB : 05;
	9CC : 05;
	9CD : 05;
	9CE : 05;
	9CF : 05;
	9D0 : 05;
	9D1 : 05;
	9D2 : 05;
	9D3 : 05;
	9D4 : 05;
	9D5 : 05;
	9D6 : 05;
	9D7 : 00;
	9D8 : 00;
	9D9 : 05;
	9DA : 25;
	9DB : 05;
	9DC : 25;
	9DD : 25;
	9DE : 25;
	9DF : 05;
	9E0 : 05;
	9E1 : 05;
	9E2 : 05;
	9E3 : 05;
	9E4 : 05;
	9E5 : 05;
	9E6 : 05;
	9E7 : 25;
	9E8 : 05;
	9E9 : 05;
	9EA : 05;
	9EB : 05;
	9EC : 05;
	9ED : 25;
	9EE : 25;
	9EF : 00;
	9F0 : 00;
	9F1 : 05;
	9F2 : 00;
	9F3 : 00;
	9F4 : 00;
	9F5 : 00;
	9F6 : 00;
	9F7 : 00;
	9F8 : 00;
	9F9 : 00;
	9FA : 00;
	9FB : 00;
	9FC : 00;
	9FD : 00;
	9FE : 00;
	9FF : 00;
	A00 : 00;
	A01 : 00;
	A02 : 00;
	A03 : 00;
	A04 : 00;
	A05 : 00;
	A06 : 05;
	A07 : 00;
	A08 : 00;
	A09 : 05;
	A0A : 05;
	A0B : 05;
	A0C : 05;
	A0D : 05;
	A0E : 05;
	A0F : 05;
	A10 : 05;
	A11 : 05;
	A12 : 05;
	A13 : 05;
	A14 : 05;
	A15 : 05;
	A16 : 25;
	A17 : 05;
	A18 : 00;
	A19 : 00;
	A1A : 25;
	A1B : 05;
	A1C : 05;
	A1D : 05;
	A1E : 05;
	A1F : 05;
	A20 : 25;
	A21 : 05;
	A22 : 05;
	A23 : 05;
	A24 : 05;
	A25 : 05;
	A26 : 05;
	A27 : 05;
	A28 : 05;
	A29 : 05;
	A2A : 05;
	A2B : 05;
	A2C : 05;
	A2D : 05;
	A2E : 25;
	A2F : 00;
	A30 : 00;
	A31 : 00;
	A32 : 25;
	A33 : 25;
	A34 : 05;
	A35 : 25;
	A36 : 00;
	A37 : 00;
	A38 : 05;
	A39 : 00;
	A3A : 00;
	A3B : 00;
	A3C : 00;
	A3D : 00;
	A3E : 00;
	A3F : 00;
	A40 : 00;
	A41 : 00;
	A42 : 00;
	A43 : 00;
	A44 : 00;
	A45 : 00;
	A46 : 00;
	A47 : 00;
	A48 : 00;
	A49 : 25;
	A4A : 05;
	A4B : 05;
	A4C : 05;
	A4D : 05;
	A4E : 05;
	A4F : 05;
	A50 : 05;
	A51 : 05;
	A52 : 05;
	A53 : 05;
	A54 : 05;
	A55 : 05;
	A56 : 00;
	A57 : 25;
	A58 : 00;
	A59 : 00;
	A5A : 00;
	A5B : 25;
	A5C : 25;
	A5D : 25;
	A5E : 05;
	A5F : 05;
	A60 : 05;
	A61 : 25;
	A62 : 25;
	A63 : 05;
	A64 : 05;
	A65 : 25;
	A66 : 05;
	A67 : 05;
	A68 : 05;
	A69 : 05;
	A6A : 05;
	A6B : 05;
	A6C : 25;
	A6D : 25;
	A6E : 00;
	A6F : 00;
	A70 : 00;
	A71 : 00;
	A72 : 05;
	A73 : 05;
	A74 : 05;
	A75 : 05;
	A76 : 05;
	A77 : 05;
	A78 : 00;
	A79 : 00;
	A7A : 25;
	A7B : 05;
	A7C : 05;
	A7D : 05;
	A7E : 04;
	A7F : 05;
	A80 : 05;
	A81 : 25;
	A82 : 00;
	A83 : 00;
	A84 : 05;
	A85 : 25;
	A86 : 05;
	A87 : 00;
	A88 : 00;
	A89 : 25;
	A8A : 05;
	A8B : 05;
	A8C : 05;
	A8D : 05;
	A8E : 05;
	A8F : 05;
	A90 : 05;
	A91 : 05;
	A92 : 05;
	A93 : 05;
	A94 : 05;
	A95 : 25;
	A96 : 00;
	A97 : 25;
	A98 : 00;
	A99 : 00;
	A9A : 00;
	A9B : 00;
	A9C : 25;
	A9D : 25;
	A9E : 25;
	A9F : 25;
	AA0 : 25;
	AA1 : 25;
	AA2 : 00;
	AA3 : 04;
	AA4 : 25;
	AA5 : 25;
	AA6 : 25;
	AA7 : 25;
	AA8 : 25;
	AA9 : 25;
	AAA : 25;
	AAB : 25;
	AAC : 05;
	AAD : 00;
	AAE : 00;
	AAF : 00;
	AB0 : 00;
	AB1 : 00;
	AB2 : 05;
	AB3 : 05;
	AB4 : 05;
	AB5 : 05;
	AB6 : 05;
	AB7 : 05;
	AB8 : 00;
	AB9 : 25;
	ABA : 05;
	ABB : 05;
	ABC : 04;
	ABD : 05;
	ABE : 05;
	ABF : 05;
	AC0 : 05;
	AC1 : 05;
	AC2 : 05;
	AC3 : 05;
	AC4 : 05;
	AC5 : 00;
	AC6 : 05;
	AC7 : 00;
	AC8 : 05;
	AC9 : 00;
	ACA : 05;
	ACB : 05;
	ACC : 05;
	ACD : 05;
	ACE : 05;
	ACF : 05;
	AD0 : 05;
	AD1 : 05;
	AD2 : 05;
	AD3 : 05;
	AD4 : 05;
	AD5 : 05;
	AD6 : 25;
	AD7 : 25;
	AD8 : 00;
	AD9 : 00;
	ADA : 00;
	ADB : 00;
	ADC : 00;
	ADD : 00;
	ADE : 00;
	ADF : 00;
	AE0 : 00;
	AE1 : 00;
	AE2 : 00;
	AE3 : 00;
	AE4 : 00;
	AE5 : 00;
	AE6 : 00;
	AE7 : 00;
	AE8 : 00;
	AE9 : 00;
	AEA : 00;
	AEB : 00;
	AEC : 00;
	AED : 00;
	AEE : 00;
	AEF : 00;
	AF0 : 00;
	AF1 : 00;
	AF2 : 00;
	AF3 : 00;
	AF4 : 25;
	AF5 : 25;
	AF6 : 05;
	AF7 : 00;
	AF8 : 05;
	AF9 : 05;
	AFA : 05;
	AFB : 05;
	AFC : 05;
	AFD : 05;
	AFE : 05;
	AFF : 05;
	B00 : 05;
	B01 : 05;
	B02 : 05;
	B03 : 25;
	B04 : 05;
	B05 : 25;
	B06 : 00;
	B07 : 00;
	B08 : 00;
	B09 : 25;
	B0A : 05;
	B0B : 05;
	B0C : 05;
	B0D : 05;
	B0E : 05;
	B0F : 05;
	B10 : 05;
	B11 : 05;
	B12 : 05;
	B13 : 05;
	B14 : 05;
	B15 : 05;
	B16 : 05;
	B17 : 00;
	B18 : 00;
	B19 : 00;
	B1A : 05;
	B1B : 00;
	B1C : 00;
	B1D : 04;
	B1E : 05;
	B1F : 05;
	B20 : 00;
	B21 : 00;
	B22 : 05;
	B23 : 05;
	B24 : 25;
	B25 : 05;
	B26 : 25;
	B27 : 05;
	B28 : 04;
	B29 : 00;
	B2A : 05;
	B2B : 05;
	B2C : 05;
	B2D : 05;
	B2E : 00;
	B2F : 00;
	B30 : 05;
	B31 : 05;
	B32 : 00;
	B33 : 00;
	B34 : 00;
	B35 : 00;
	B36 : 00;
	B37 : 00;
	B38 : 00;
	B39 : 05;
	B3A : 05;
	B3B : 05;
	B3C : 05;
	B3D : 04;
	B3E : 05;
	B3F : 05;
	B40 : 05;
	B41 : 05;
	B42 : 05;
	B43 : 05;
	B44 : 05;
	B45 : 05;
	B46 : 00;
	B47 : 00;
	B48 : 00;
	B49 : 05;
	B4A : 00;
	B4B : 05;
	B4C : 05;
	B4D : 05;
	B4E : 05;
	B4F : 05;
	B50 : 05;
	B51 : 05;
	B52 : 05;
	B53 : 05;
	B54 : 05;
	B55 : 05;
	B56 : 05;
	B57 : 00;
	B58 : 00;
	B59 : 25;
	B5A : 25;
	B5B : 00;
	B5C : 05;
	B5D : 00;
	B5E : 25;
	B5F : 05;
	B60 : 05;
	B61 : 05;
	B62 : 05;
	B63 : 05;
	B64 : 05;
	B65 : 05;
	B66 : 05;
	B67 : 05;
	B68 : 05;
	B69 : 05;
	B6A : 05;
	B6B : 05;
	B6C : 05;
	B6D : 05;
	B6E : 25;
	B6F : 00;
	B70 : 00;
	B71 : 00;
	B72 : 00;
	B73 : 25;
	B74 : 05;
	B75 : 25;
	B76 : 25;
	B77 : 00;
	B78 : 04;
	B79 : 05;
	B7A : 05;
	B7B : 05;
	B7C : 05;
	B7D : 05;
	B7E : 05;
	B7F : 05;
	B80 : 05;
	B81 : 05;
	B82 : 05;
	B83 : 05;
	B84 : 05;
	B85 : 05;
	B86 : 00;
	B87 : 00;
	B88 : 00;
	B89 : 05;
	B8A : 00;
	B8B : 05;
	B8C : 05;
	B8D : 05;
	B8E : 05;
	B8F : 05;
	B90 : 05;
	B91 : 05;
	B92 : 05;
	B93 : 05;
	B94 : 05;
	B95 : 05;
	B96 : 05;
	B97 : 00;
	B98 : 00;
	B99 : 05;
	B9A : 05;
	B9B : 00;
	B9C : 05;
	B9D : 05;
	B9E : 05;
	B9F : 05;
	BA0 : 05;
	BA1 : 05;
	BA2 : 05;
	BA3 : 05;
	BA4 : 05;
	BA5 : 05;
	BA6 : 05;
	BA7 : 05;
	BA8 : 05;
	BA9 : 05;
	BAA : 05;
	BAB : 05;
	BAC : 05;
	BAD : 05;
	BAE : 05;
	BAF : 25;
	BB0 : 00;
	BB1 : 00;
	BB2 : 25;
	BB3 : 05;
	BB4 : 05;
	BB5 : 05;
	BB6 : 05;
	BB7 : 00;
	BB8 : 00;
	BB9 : 05;
	BBA : 05;
	BBB : 05;
	BBC : 05;
	BBD : 05;
	BBE : 05;
	BBF : 05;
	BC0 : 05;
	BC1 : 05;
	BC2 : 05;
	BC3 : 05;
	BC4 : 05;
	BC5 : 05;
	BC6 : 00;
	BC7 : 00;
	BC8 : 00;
	BC9 : 25;
	BCA : 05;
	BCB : 00;
	BCC : 05;
	BCD : 05;
	BCE : 05;
	BCF : 05;
	BD0 : 05;
	BD1 : 05;
	BD2 : 05;
	BD3 : 05;
	BD4 : 05;
	BD5 : 05;
	BD6 : 05;
	BD7 : 00;
	BD8 : 00;
	BD9 : 05;
	BDA : 05;
	BDB : 00;
	BDC : 25;
	BDD : 25;
	BDE : 25;
	BDF : 05;
	BE0 : 05;
	BE1 : 05;
	BE2 : 05;
	BE3 : 05;
	BE4 : 05;
	BE5 : 05;
	BE6 : 05;
	BE7 : 05;
	BE8 : 05;
	BE9 : 05;
	BEA : 05;
	BEB : 05;
	BEC : 05;
	BED : 05;
	BEE : 05;
	BEF : 05;
	BF0 : 00;
	BF1 : 00;
	BF2 : 25;
	BF3 : 05;
	BF4 : 05;
	BF5 : 05;
	BF6 : 05;
	BF7 : 04;
	BF8 : 00;
	BF9 : 25;
	BFA : 05;
	BFB : 05;
	BFC : 05;
	BFD : 05;
	BFE : 05;
	BFF : 05;
	C00 : 05;
	C01 : 05;
	C02 : 05;
	C03 : 05;
	C04 : 05;
	C05 : 25;
	C06 : 00;
	C07 : 00;
	C08 : 00;
	C09 : 05;
	C0A : 05;
	C0B : 05;
	C0C : 25;
	C0D : 05;
	C0E : 05;
	C0F : 05;
	C10 : 25;
	C11 : 05;
	C12 : 05;
	C13 : 05;
	C14 : 05;
	C15 : 05;
	C16 : 05;
	C17 : 00;
	C18 : 00;
	C19 : 05;
	C1A : 00;
	C1B : 00;
	C1C : 25;
	C1D : 05;
	C1E : 05;
	C1F : 05;
	C20 : 05;
	C21 : 05;
	C22 : 05;
	C23 : 05;
	C24 : 05;
	C25 : 05;
	C26 : 05;
	C27 : 05;
	C28 : 05;
	C29 : 05;
	C2A : 05;
	C2B : 05;
	C2C : 05;
	C2D : 05;
	C2E : 05;
	C2F : 05;
	C30 : 00;
	C31 : 00;
	C32 : 25;
	C33 : 05;
	C34 : 05;
	C35 : 05;
	C36 : 05;
	C37 : 00;
	C38 : 00;
	C39 : 25;
	C3A : 05;
	C3B : 05;
	C3C : 05;
	C3D : 05;
	C3E : 05;
	C3F : 05;
	C40 : 05;
	C41 : 05;
	C42 : 05;
	C43 : 05;
	C44 : 05;
	C45 : 05;
	C46 : 00;
	C47 : 00;
	C48 : 00;
	C49 : 00;
	C4A : 05;
	C4B : 05;
	C4C : 00;
	C4D : 05;
	C4E : 05;
	C4F : 05;
	C50 : 05;
	C51 : 05;
	C52 : 05;
	C53 : 05;
	C54 : 05;
	C55 : 05;
	C56 : 25;
	C57 : 00;
	C58 : 00;
	C59 : 05;
	C5A : 05;
	C5B : 00;
	C5C : 25;
	C5D : 05;
	C5E : 05;
	C5F : 05;
	C60 : 05;
	C61 : 05;
	C62 : 05;
	C63 : 05;
	C64 : 05;
	C65 : 05;
	C66 : 05;
	C67 : 05;
	C68 : 05;
	C69 : 05;
	C6A : 05;
	C6B : 05;
	C6C : 05;
	C6D : 05;
	C6E : 05;
	C6F : 05;
	C70 : 04;
	C71 : 00;
	C72 : 25;
	C73 : 05;
	C74 : 05;
	C75 : 05;
	C76 : 05;
	C77 : 00;
	C78 : 00;
	C79 : 25;
	C7A : 05;
	C7B : 05;
	C7C : 05;
	C7D : 05;
	C7E : 05;
	C7F : 05;
	C80 : 05;
	C81 : 05;
	C82 : 05;
	C83 : 05;
	C84 : 05;
	C85 : 25;
	C86 : 00;
	C87 : 00;
	C88 : 05;
	C89 : 00;
	C8A : 00;
	C8B : 25;
	C8C : 05;
	C8D : 04;
	C8E : 25;
	C8F : 05;
	C90 : 05;
	C91 : 05;
	C92 : 05;
	C93 : 05;
	C94 : 25;
	C95 : 25;
	C96 : 00;
	C97 : 00;
	C98 : 00;
	C99 : 05;
	C9A : 05;
	C9B : 00;
	C9C : 25;
	C9D : 05;
	C9E : 05;
	C9F : 05;
	CA0 : 05;
	CA1 : 05;
	CA2 : 05;
	CA3 : 05;
	CA4 : 05;
	CA5 : 05;
	CA6 : 05;
	CA7 : 05;
	CA8 : 05;
	CA9 : 05;
	CAA : 05;
	CAB : 05;
	CAC : 05;
	CAD : 05;
	CAE : 05;
	CAF : 05;
	CB0 : 00;
	CB1 : 00;
	CB2 : 25;
	CB3 : 05;
	CB4 : 05;
	CB5 : 05;
	CB6 : 25;
	CB7 : 00;
	CB8 : 00;
	CB9 : 00;
	CBA : 25;
	CBB : 05;
	CBC : 05;
	CBD : 05;
	CBE : 25;
	CBF : 05;
	CC0 : 05;
	CC1 : 05;
	CC2 : 05;
	CC3 : 05;
	CC4 : 05;
	CC5 : 05;
	CC6 : 00;
	CC7 : 00;
	CC8 : 25;
	CC9 : 04;
	CCA : 00;
	CCB : 00;
	CCC : 05;
	CCD : 00;
	CCE : 00;
	CCF : 00;
	CD0 : 05;
	CD1 : 05;
	CD2 : 05;
	CD3 : 04;
	CD4 : 00;
	CD5 : 00;
	CD6 : 00;
	CD7 : 25;
	CD8 : 00;
	CD9 : 05;
	CDA : 05;
	CDB : 00;
	CDC : 05;
	CDD : 05;
	CDE : 05;
	CDF : 05;
	CE0 : 05;
	CE1 : 05;
	CE2 : 05;
	CE3 : 05;
	CE4 : 05;
	CE5 : 05;
	CE6 : 05;
	CE7 : 05;
	CE8 : 05;
	CE9 : 05;
	CEA : 05;
	CEB : 05;
	CEC : 05;
	CED : 05;
	CEE : 05;
	CEF : 05;
	CF0 : 05;
	CF1 : 00;
	CF2 : 05;
	CF3 : 25;
	CF4 : 05;
	CF5 : 25;
	CF6 : 00;
	CF7 : 00;
	CF8 : 00;
	CF9 : 00;
	CFA : 00;
	CFB : 00;
	CFC : 25;
	CFD : 05;
	CFE : 25;
	CFF : 25;
	D00 : 05;
	D01 : 05;
	D02 : 05;
	D03 : 05;
	D04 : 05;
	D05 : 05;
	D06 : 00;
	D07 : 00;
	D08 : 00;
	D09 : 00;
	D0A : 00;
	D0B : 00;
	D0C : 00;
	D0D : 00;
	D0E : 00;
	D0F : 00;
	D10 : 00;
	D11 : 00;
	D12 : 00;
	D13 : 00;
	D14 : 00;
	D15 : 00;
	D16 : 00;
	D17 : 00;
	D18 : 00;
	D19 : 00;
	D1A : 00;
	D1B : 00;
	D1C : 25;
	D1D : 05;
	D1E : 05;
	D1F : 05;
	D20 : 05;
	D21 : 05;
	D22 : 25;
	D23 : 05;
	D24 : 05;
	D25 : 05;
	D26 : 05;
	D27 : 05;
	D28 : 05;
	D29 : 05;
	D2A : 05;
	D2B : 05;
	D2C : 05;
	D2D : 05;
	D2E : 05;
	D2F : 05;
	D30 : 05;
	D31 : 00;
	D32 : 00;
	D33 : 00;
	D34 : 00;
	D35 : 00;
	D36 : 00;
	D37 : 00;
	D38 : 00;
	D39 : 00;
	D3A : 00;
	D3B : 00;
	D3C : 00;
	D3D : 00;
	D3E : 00;
	D3F : 00;
	D40 : 05;
	D41 : 05;
	D42 : 05;
	D43 : 05;
	D44 : 05;
	D45 : 05;
	D46 : 00;
	D47 : 00;
	D48 : 00;
	D49 : 00;
	D4A : 04;
	D4B : 25;
	D4C : 25;
	D4D : 25;
	D4E : 25;
	D4F : 25;
	D50 : 25;
	D51 : 25;
	D52 : 25;
	D53 : 25;
	D54 : 25;
	D55 : 25;
	D56 : 25;
	D57 : 25;
	D58 : 05;
	D59 : 00;
	D5A : 25;
	D5B : 00;
	D5C : 05;
	D5D : 05;
	D5E : 05;
	D5F : 05;
	D60 : 05;
	D61 : 05;
	D62 : 05;
	D63 : 05;
	D64 : 05;
	D65 : 05;
	D66 : 05;
	D67 : 05;
	D68 : 05;
	D69 : 05;
	D6A : 05;
	D6B : 05;
	D6C : 05;
	D6D : 05;
	D6E : 05;
	D6F : 05;
	D70 : 05;
	D71 : 00;
	D72 : 05;
	D73 : 00;
	D74 : 00;
	D75 : 00;
	D76 : 00;
	D77 : 25;
	D78 : 25;
	D79 : 25;
	D7A : 05;
	D7B : 00;
	D7C : 05;
	D7D : 05;
	D7E : 05;
	D7F : 25;
	D80 : 25;
	D81 : 05;
	D82 : 05;
	D83 : 05;
	D84 : 25;
	D85 : 05;
	D86 : 00;
	D87 : 00;
	D88 : 04;
	D89 : 00;
	D8A : 05;
	D8B : 05;
	D8C : 05;
	D8D : 05;
	D8E : 05;
	D8F : 05;
	D90 : 05;
	D91 : 05;
	D92 : 05;
	D93 : 05;
	D94 : 05;
	D95 : 05;
	D96 : 05;
	D97 : 05;
	D98 : 05;
	D99 : 25;
	D9A : 05;
	D9B : 00;
	D9C : 25;
	D9D : 05;
	D9E : 05;
	D9F : 05;
	DA0 : 05;
	DA1 : 25;
	DA2 : 05;
	DA3 : 05;
	DA4 : 05;
	DA5 : 05;
	DA6 : 05;
	DA7 : 05;
	DA8 : 05;
	DA9 : 05;
	DAA : 05;
	DAB : 05;
	DAC : 05;
	DAD : 05;
	DAE : 05;
	DAF : 05;
	DB0 : 00;
	DB1 : 00;
	DB2 : 00;
	DB3 : 04;
	DB4 : 25;
	DB5 : 05;
	DB6 : 05;
	DB7 : 05;
	DB8 : 05;
	DB9 : 05;
	DBA : 05;
	DBB : 05;
	DBC : 05;
	DBD : 05;
	DBE : 05;
	DBF : 05;
	DC0 : 05;
	DC1 : 05;
	DC2 : 05;
	DC3 : 05;
	DC4 : 05;
	DC5 : 05;
	DC6 : 00;
	DC7 : 00;
	DC8 : 00;
	DC9 : 25;
	DCA : 05;
	DCB : 05;
	DCC : 25;
	DCD : 05;
	DCE : 25;
	DCF : 05;
	DD0 : 05;
	DD1 : 05;
	DD2 : 25;
	DD3 : 05;
	DD4 : 05;
	DD5 : 05;
	DD6 : 05;
	DD7 : 05;
	DD8 : 05;
	DD9 : 05;
	DDA : 05;
	DDB : 00;
	DDC : 25;
	DDD : 05;
	DDE : 05;
	DDF : 05;
	DE0 : 05;
	DE1 : 05;
	DE2 : 25;
	DE3 : 25;
	DE4 : 05;
	DE5 : 05;
	DE6 : 05;
	DE7 : 05;
	DE8 : 05;
	DE9 : 05;
	DEA : 05;
	DEB : 05;
	DEC : 05;
	DED : 05;
	DEE : 05;
	DEF : 05;
	DF0 : 00;
	DF1 : 00;
	DF2 : 05;
	DF3 : 25;
	DF4 : 05;
	DF5 : 05;
	DF6 : 25;
	DF7 : 25;
	DF8 : 05;
	DF9 : 05;
	DFA : 05;
	DFB : 05;
	DFC : 05;
	DFD : 05;
	DFE : 05;
	DFF : 05;
	E00 : 05;
	E01 : 05;
	E02 : 05;
	E03 : 05;
	E04 : 05;
	E05 : 05;
	E06 : 00;
	E07 : 00;
	E08 : 00;
	E09 : 05;
	E0A : 05;
	E0B : 05;
	E0C : 25;
	E0D : 05;
	E0E : 05;
	E0F : 05;
	E10 : 05;
	E11 : 25;
	E12 : 05;
	E13 : 05;
	E14 : 05;
	E15 : 05;
	E16 : 05;
	E17 : 25;
	E18 : 05;
	E19 : 05;
	E1A : 04;
	E1B : 00;
	E1C : 25;
	E1D : 05;
	E1E : 05;
	E1F : 05;
	E20 : 05;
	E21 : 05;
	E22 : 05;
	E23 : 25;
	E24 : 05;
	E25 : 05;
	E26 : 05;
	E27 : 05;
	E28 : 05;
	E29 : 05;
	E2A : 05;
	E2B : 05;
	E2C : 05;
	E2D : 05;
	E2E : 05;
	E2F : 05;
	E30 : 00;
	E31 : 00;
	E32 : 00;
	E33 : 05;
	E34 : 05;
	E35 : 25;
	E36 : 05;
	E37 : 05;
	E38 : 05;
	E39 : 05;
	E3A : 05;
	E3B : 05;
	E3C : 05;
	E3D : 05;
	E3E : 05;
	E3F : 05;
	E40 : 05;
	E41 : 05;
	E42 : 05;
	E43 : 05;
	E44 : 25;
	E45 : 05;
	E46 : 00;
	E47 : 00;
	E48 : 00;
	E49 : 25;
	E4A : 05;
	E4B : 25;
	E4C : 25;
	E4D : 05;
	E4E : 05;
	E4F : 05;
	E50 : 05;
	E51 : 05;
	E52 : 05;
	E53 : 05;
	E54 : 05;
	E55 : 05;
	E56 : 05;
	E57 : 05;
	E58 : 05;
	E59 : 05;
	E5A : 00;
	E5B : 00;
	E5C : 25;
	E5D : 05;
	E5E : 05;
	E5F : 05;
	E60 : 05;
	E61 : 05;
	E62 : 05;
	E63 : 05;
	E64 : 05;
	E65 : 05;
	E66 : 05;
	E67 : 05;
	E68 : 25;
	E69 : 05;
	E6A : 05;
	E6B : 05;
	E6C : 05;
	E6D : 05;
	E6E : 05;
	E6F : 25;
	E70 : 00;
	E71 : 00;
	E72 : 00;
	E73 : 05;
	E74 : 05;
	E75 : 05;
	E76 : 05;
	E77 : 05;
	E78 : 05;
	E79 : 05;
	E7A : 05;
	E7B : 05;
	E7C : 05;
	E7D : 05;
	E7E : 05;
	E7F : 05;
	E80 : 05;
	E81 : 05;
	E82 : 05;
	E83 : 25;
	E84 : 25;
	E85 : 25;
	E86 : 00;
	E87 : 00;
	E88 : 00;
	E89 : 25;
	E8A : 25;
	E8B : 05;
	E8C : 25;
	E8D : 25;
	E8E : 05;
	E8F : 05;
	E90 : 05;
	E91 : 05;
	E92 : 25;
	E93 : 05;
	E94 : 05;
	E95 : 25;
	E96 : 25;
	E97 : 05;
	E98 : 05;
	E99 : 05;
	E9A : 04;
	E9B : 00;
	E9C : 25;
	E9D : 05;
	E9E : 05;
	E9F : 05;
	EA0 : 05;
	EA1 : 05;
	EA2 : 05;
	EA3 : 05;
	EA4 : 05;
	EA5 : 25;
	EA6 : 05;
	EA7 : 05;
	EA8 : 05;
	EA9 : 05;
	EAA : 05;
	EAB : 05;
	EAC : 05;
	EAD : 05;
	EAE : 05;
	EAF : 25;
	EB0 : 00;
	EB1 : 00;
	EB2 : 25;
	EB3 : 05;
	EB4 : 05;
	EB5 : 05;
	EB6 : 05;
	EB7 : 05;
	EB8 : 05;
	EB9 : 05;
	EBA : 05;
	EBB : 05;
	EBC : 05;
	EBD : 05;
	EBE : 05;
	EBF : 05;
	EC0 : 00;
	EC1 : 05;
	EC2 : 05;
	EC3 : 25;
	EC4 : 25;
	EC5 : 05;
	EC6 : 04;
	EC7 : 00;
	EC8 : 04;
	EC9 : 25;
	ECA : 05;
	ECB : 05;
	ECC : 05;
	ECD : 25;
	ECE : 05;
	ECF : 25;
	ED0 : 05;
	ED1 : 05;
	ED2 : 05;
	ED3 : 05;
	ED4 : 05;
	ED5 : 05;
	ED6 : 05;
	ED7 : 05;
	ED8 : 05;
	ED9 : 05;
	EDA : 05;
	EDB : 00;
	EDC : 05;
	EDD : 25;
	EDE : 05;
	EDF : 05;
	EE0 : 05;
	EE1 : 05;
	EE2 : 05;
	EE3 : 05;
	EE4 : 05;
	EE5 : 05;
	EE6 : 05;
	EE7 : 05;
	EE8 : 05;
	EE9 : 05;
	EEA : 05;
	EEB : 05;
	EEC : 05;
	EED : 05;
	EEE : 25;
	EEF : 00;
	EF0 : 00;
	EF1 : 00;
	EF2 : 25;
	EF3 : 05;
	EF4 : 05;
	EF5 : 05;
	EF6 : 05;
	EF7 : 05;
	EF8 : 05;
	EF9 : 05;
	EFA : 05;
	EFB : 05;
	EFC : 05;
	EFD : 05;
	EFE : 05;
	EFF : 05;
	F00 : 05;
	F01 : 25;
	F02 : 25;
	F03 : 25;
	F04 : 25;
	F05 : 25;
	F06 : 00;
	F07 : 00;
	F08 : 00;
	F09 : 25;
	F0A : 25;
	F0B : 05;
	F0C : 25;
	F0D : 05;
	F0E : 05;
	F0F : 05;
	F10 : 05;
	F11 : 05;
	F12 : 05;
	F13 : 05;
	F14 : 05;
	F15 : 05;
	F16 : 25;
	F17 : 05;
	F18 : 05;
	F19 : 05;
	F1A : 05;
	F1B : 00;
	F1C : 05;
	F1D : 25;
	F1E : 25;
	F1F : 05;
	F20 : 05;
	F21 : 05;
	F22 : 05;
	F23 : 05;
	F24 : 05;
	F25 : 05;
	F26 : 05;
	F27 : 05;
	F28 : 05;
	F29 : 05;
	F2A : 05;
	F2B : 05;
	F2C : 05;
	F2D : 25;
	F2E : 00;
	F2F : 00;
	F30 : 00;
	F31 : 00;
	F32 : 25;
	F33 : 05;
	F34 : 05;
	F35 : 05;
	F36 : 05;
	F37 : 05;
	F38 : 05;
	F39 : 05;
	F3A : 05;
	F3B : 05;
	F3C : 05;
	F3D : 05;
	F3E : 05;
	F3F : 05;
	F40 : 05;
	F41 : 25;
	F42 : 05;
	F43 : 05;
	F44 : 05;
	F45 : 05;
	F46 : 00;
	F47 : 00;
	F48 : 05;
	F49 : 25;
	F4A : 05;
	F4B : 05;
	F4C : 25;
	F4D : 05;
	F4E : 05;
	F4F : 25;
	F50 : 25;
	F51 : 05;
	F52 : 05;
	F53 : 05;
	F54 : 25;
	F55 : 05;
	F56 : 05;
	F57 : 05;
	F58 : 05;
	F59 : 05;
	F5A : 00;
	F5B : 00;
	F5C : 00;
	F5D : 00;
	F5E : 25;
	F5F : 25;
	F60 : 05;
	F61 : 05;
	F62 : 05;
	F63 : 05;
	F64 : 05;
	F65 : 05;
	F66 : 05;
	F67 : 05;
	F68 : 05;
	F69 : 05;
	F6A : 05;
	F6B : 25;
	F6C : 00;
	F6D : 00;
	F6E : 00;
	F6F : 05;
	F70 : 00;
	F71 : 00;
	F72 : 25;
	F73 : 05;
	F74 : 05;
	F75 : 05;
	F76 : 05;
	F77 : 05;
	F78 : 05;
	F79 : 05;
	F7A : 05;
	F7B : 05;
	F7C : 05;
	F7D : 05;
	F7E : 05;
	F7F : 05;
	F80 : 05;
	F81 : 05;
	F82 : 05;
	F83 : 05;
	F84 : 05;
	F85 : 25;
	F86 : 00;
	F87 : 00;
	F88 : 00;
	F89 : 25;
	F8A : 05;
	F8B : 05;
	F8C : 05;
	F8D : 05;
	F8E : 05;
	F8F : 05;
	F90 : 05;
	F91 : 05;
	F92 : 05;
	F93 : 05;
	F94 : 05;
	F95 : 05;
	F96 : 05;
	F97 : 05;
	F98 : 05;
	F99 : 05;
	F9A : 00;
	F9B : 00;
	F9C : 25;
	F9D : 05;
	F9E : 00;
	F9F : 05;
	FA0 : 05;
	FA1 : 04;
	FA2 : 05;
	FA3 : 05;
	FA4 : 00;
	FA5 : 00;
	FA6 : 05;
	FA7 : 00;
	FA8 : 04;
	FA9 : 00;
	FAA : 00;
	FAB : 00;
	FAC : 00;
	FAD : 00;
	FAE : 05;
	FAF : 05;
	FB0 : 05;
	FB1 : 00;
	FB2 : 05;
	FB3 : 05;
	FB4 : 05;
	FB5 : 05;
	FB6 : 05;
	FB7 : 05;
	FB8 : 05;
	FB9 : 05;
	FBA : 05;
	FBB : 05;
	FBC : 05;
	FBD : 05;
	FBE : 05;
	FBF : 05;
	FC0 : 05;
	FC1 : 05;
	FC2 : 05;
	FC3 : 05;
	FC4 : 25;
	FC5 : 00;
	FC6 : 00;
	FC7 : 00;
	FC8 : 00;
	FC9 : 05;
	FCA : 05;
	FCB : 25;
	FCC : 05;
	FCD : 05;
	FCE : 05;
	FCF : 05;
	FD0 : 05;
	FD1 : 05;
	FD2 : 05;
	FD3 : 05;
	FD4 : 05;
	FD5 : 05;
	FD6 : 05;
	FD7 : 05;
	FD8 : 05;
	FD9 : 25;
	FDA : 00;
	FDB : 00;
	FDC : 00;
	FDD : 00;
	FDE : 00;
	FDF : 00;
	FE0 : 00;
	FE1 : 00;
	FE2 : 00;
	FE3 : 00;
	FE4 : 00;
	FE5 : 00;
	FE6 : 00;
	FE7 : 00;
	FE8 : 00;
	FE9 : 00;
	FEA : 00;
	FEB : 00;
	FEC : 00;
	FED : 00;
	FEE : 00;
	FEF : 00;
	FF0 : 00;
	FF1 : 00;
	FF2 : 05;
	FF3 : 25;
	FF4 : 05;
	FF5 : 05;
	FF6 : 05;
	FF7 : 05;
	FF8 : 05;
	FF9 : 05;
	FFA : 05;
	FFB : 05;
	FFC : 05;
	FFD : 05;
	FFE : 05;
	FFF : 05;
	1000 : 00;
	1001 : 00;
	1002 : 00;
	1003 : 00;
	1004 : 00;
	1005 : 00;
	1006 : 00;
	1007 : 00;
	1008 : 00;
	1009 : 00;
	100A : 00;
	100B : 00;
	100C : 00;
	100D : 00;
	100E : 00;
	100F : 00;
	1010 : 00;
	1011 : 00;
	1012 : 00;
	1013 : 00;
	1014 : 05;
	1015 : 05;
	1016 : 05;
	1017 : 05;
	1018 : 05;
	1019 : 05;
	101A : 05;
	101B : 05;
	101C : 05;
	101D : 05;
	101E : 05;
	101F : 05;
	1020 : 05;
	1021 : 00;
	1022 : 00;
	1023 : 05;
	1024 : 04;
	1025 : 05;
	1026 : 04;
	1027 : 05;
	1028 : 05;
	1029 : 05;
	102A : 05;
	102B : 05;
	102C : 05;
	102D : 05;
	102E : 05;
	102F : 05;
	1030 : 05;
	1031 : 05;
	1032 : 05;
	1033 : 05;
	1034 : 05;
	1035 : 00;
	1036 : 00;
	1037 : 00;
	1038 : 00;
	1039 : 00;
	103A : 00;
	103B : 00;
	103C : 00;
	103D : 00;
	103E : 00;
	103F : 00;
	1040 : 05;
	1041 : 05;
	1042 : 00;
	1043 : 00;
	1044 : 00;
	1045 : 05;
	1046 : 00;
	1047 : 00;
	1048 : 00;
	1049 : 00;
	104A : 00;
	104B : 05;
	104C : 05;
	104D : 05;
	104E : 05;
	104F : 05;
	1050 : 05;
	1051 : 00;
	1052 : 00;
	1053 : 00;
	1054 : 05;
	1055 : 00;
	1056 : 05;
	1057 : 05;
	1058 : 05;
	1059 : 05;
	105A : 05;
	105B : 05;
	105C : 05;
	105D : 05;
	105E : 05;
	105F : 05;
	1060 : 25;
	1061 : 00;
	1062 : 00;
	1063 : 05;
	1064 : 05;
	1065 : 05;
	1066 : 04;
	1067 : 05;
	1068 : 05;
	1069 : 05;
	106A : 05;
	106B : 05;
	106C : 05;
	106D : 05;
	106E : 05;
	106F : 05;
	1070 : 05;
	1071 : 05;
	1072 : 05;
	1073 : 05;
	1074 : 00;
	1075 : 00;
	1076 : 00;
	1077 : 00;
	1078 : 00;
	1079 : 25;
	107A : 25;
	107B : 05;
	107C : 25;
	107D : 04;
	107E : 00;
	107F : 24;
	1080 : 00;
	1081 : 00;
	1082 : 05;
	1083 : 00;
	1084 : 00;
	1085 : 00;
	1086 : 00;
	1087 : 00;
	1088 : 00;
	1089 : 05;
	108A : 05;
	108B : 04;
	108C : 00;
	108D : 00;
	108E : 00;
	108F : 00;
	1090 : 05;
	1091 : 05;
	1092 : 00;
	1093 : 00;
	1094 : 05;
	1095 : 00;
	1096 : 04;
	1097 : 05;
	1098 : 05;
	1099 : 04;
	109A : 05;
	109B : 05;
	109C : 05;
	109D : 05;
	109E : 05;
	109F : 01;
	10A0 : 00;
	10A1 : 00;
	10A2 : 00;
	10A3 : 25;
	10A4 : 05;
	10A5 : 05;
	10A6 : 05;
	10A7 : 05;
	10A8 : 05;
	10A9 : 05;
	10AA : 05;
	10AB : 05;
	10AC : 05;
	10AD : 05;
	10AE : 05;
	10AF : 05;
	10B0 : 05;
	10B1 : 05;
	10B2 : 00;
	10B3 : 05;
	10B4 : 00;
	10B5 : 05;
	10B6 : 00;
	10B7 : 00;
	10B8 : 05;
	10B9 : 05;
	10BA : 05;
	10BB : 05;
	10BC : 00;
	10BD : 91;
	10BE : D6;
	10BF : FB;
	10C0 : 00;
	10C1 : 00;
	10C2 : 00;
	10C3 : 00;
	10C4 : 00;
	10C5 : 00;
	10C6 : 00;
	10C7 : 00;
	10C8 : 05;
	10C9 : 01;
	10CA : 05;
	10CB : 05;
	10CC : 05;
	10CD : 05;
	10CE : 04;
	10CF : 00;
	10D0 : 01;
	10D1 : 00;
	10D2 : 05;
	10D3 : 00;
	10D4 : 05;
	10D5 : 05;
	10D6 : 05;
	10D7 : 05;
	10D8 : 05;
	10D9 : 05;
	10DA : 05;
	10DB : 05;
	10DC : 05;
	10DD : 05;
	10DE : 04;
	10DF : 05;
	10E0 : 00;
	10E1 : 00;
	10E2 : 00;
	10E3 : 00;
	10E4 : 05;
	10E5 : 05;
	10E6 : 05;
	10E7 : 04;
	10E8 : 05;
	10E9 : 05;
	10EA : 05;
	10EB : 05;
	10EC : 05;
	10ED : 05;
	10EE : 05;
	10EF : 05;
	10F0 : 05;
	10F1 : 05;
	10F2 : 05;
	10F3 : 25;
	10F4 : 00;
	10F5 : 05;
	10F6 : 00;
	10F7 : 05;
	10F8 : 05;
	10F9 : 05;
	10FA : 25;
	10FB : 91;
	10FC : D6;
	10FD : 8D;
	10FE : 20;
	10FF : 00;
	1100 : 00;
	1101 : 00;
	1102 : 00;
	1103 : 00;
	1104 : 00;
	1105 : 00;
	1106 : 05;
	1107 : 05;
	1108 : 04;
	1109 : 05;
	110A : 05;
	110B : 05;
	110C : 05;
	110D : 05;
	110E : 04;
	110F : 00;
	1110 : 05;
	1111 : 00;
	1112 : 25;
	1113 : 00;
	1114 : 25;
	1115 : 05;
	1116 : 05;
	1117 : 05;
	1118 : 05;
	1119 : 05;
	111A : 04;
	111B : 05;
	111C : 05;
	111D : 05;
	111E : 05;
	111F : 05;
	1120 : 00;
	1121 : 05;
	1122 : 00;
	1123 : 00;
	1124 : 25;
	1125 : 05;
	1126 : 05;
	1127 : 05;
	1128 : 05;
	1129 : 05;
	112A : 05;
	112B : 05;
	112C : 05;
	112D : 05;
	112E : 05;
	112F : 05;
	1130 : 05;
	1131 : 05;
	1132 : 25;
	1133 : 25;
	1134 : 00;
	1135 : 05;
	1136 : 00;
	1137 : 00;
	1138 : 05;
	1139 : 00;
	113A : FB;
	113B : B2;
	113C : 65;
	113D : 00;
	113E : 05;
	113F : 05;
	1140 : 00;
	1141 : 00;
	1142 : 00;
	1143 : 00;
	1144 : 00;
	1145 : 00;
	1146 : 05;
	1147 : 05;
	1148 : 05;
	1149 : 05;
	114A : 04;
	114B : 05;
	114C : 05;
	114D : 05;
	114E : 05;
	114F : 05;
	1150 : 05;
	1151 : 05;
	1152 : 05;
	1153 : 00;
	1154 : 05;
	1155 : 05;
	1156 : 05;
	1157 : 05;
	1158 : 05;
	1159 : 05;
	115A : 05;
	115B : 05;
	115C : 05;
	115D : 05;
	115E : 05;
	115F : 05;
	1160 : 00;
	1161 : 00;
	1162 : 00;
	1163 : 25;
	1164 : 05;
	1165 : 05;
	1166 : 05;
	1167 : 05;
	1168 : 05;
	1169 : 05;
	116A : 04;
	116B : 04;
	116C : 05;
	116D : 05;
	116E : 05;
	116F : 05;
	1170 : 25;
	1171 : 05;
	1172 : 05;
	1173 : 05;
	1174 : 05;
	1175 : 05;
	1176 : 00;
	1177 : 05;
	1178 : 05;
	1179 : B2;
	117A : 8D;
	117B : 00;
	117C : 05;
	117D : 05;
	117E : 05;
	117F : 05;
	1180 : 05;
	1181 : 00;
	1182 : 05;
	1183 : 00;
	1184 : 00;
	1185 : 00;
	1186 : 05;
	1187 : 05;
	1188 : 05;
	1189 : 05;
	118A : 05;
	118B : 05;
	118C : 05;
	118D : 05;
	118E : 05;
	118F : 05;
	1190 : 05;
	1191 : 00;
	1192 : 05;
	1193 : 00;
	1194 : 05;
	1195 : 05;
	1196 : 05;
	1197 : 05;
	1198 : 05;
	1199 : 05;
	119A : 05;
	119B : 05;
	119C : 05;
	119D : 05;
	119E : 05;
	119F : 05;
	11A0 : 00;
	11A1 : 00;
	11A2 : 00;
	11A3 : 25;
	11A4 : 05;
	11A5 : 05;
	11A6 : 05;
	11A7 : 05;
	11A8 : 05;
	11A9 : 05;
	11AA : 05;
	11AB : 05;
	11AC : 05;
	11AD : 05;
	11AE : 05;
	11AF : 05;
	11B0 : 05;
	11B1 : 05;
	11B2 : 05;
	11B3 : 05;
	11B4 : 25;
	11B5 : 00;
	11B6 : 00;
	11B7 : 05;
	11B8 : 00;
	11B9 : B2;
	11BA : 00;
	11BB : 05;
	11BC : 05;
	11BD : 05;
	11BE : 05;
	11BF : 05;
	11C0 : 00;
	11C1 : 00;
	11C2 : 25;
	11C3 : 00;
	11C4 : 01;
	11C5 : 00;
	11C6 : 05;
	11C7 : 00;
	11C8 : 00;
	11C9 : 05;
	11CA : 05;
	11CB : 05;
	11CC : 05;
	11CD : 05;
	11CE : 05;
	11CF : 05;
	11D0 : 05;
	11D1 : 05;
	11D2 : 05;
	11D3 : 00;
	11D4 : 00;
	11D5 : 00;
	11D6 : 05;
	11D7 : 00;
	11D8 : 05;
	11D9 : 05;
	11DA : 05;
	11DB : 05;
	11DC : 05;
	11DD : 05;
	11DE : 05;
	11DF : 25;
	11E0 : 00;
	11E1 : 05;
	11E2 : 00;
	11E3 : 05;
	11E4 : 05;
	11E5 : 05;
	11E6 : 05;
	11E7 : 25;
	11E8 : 05;
	11E9 : 05;
	11EA : 05;
	11EB : 05;
	11EC : 05;
	11ED : 05;
	11EE : 05;
	11EF : 05;
	11F0 : 05;
	11F1 : 25;
	11F2 : 05;
	11F3 : 05;
	11F4 : 25;
	11F5 : 00;
	11F6 : 00;
	11F7 : 00;
	11F8 : 8D;
	11F9 : 8D;
	11FA : 05;
	11FB : 05;
	11FC : 05;
	11FD : 05;
	11FE : 05;
	11FF : 05;
	1200 : 00;
	1201 : 01;
	1202 : 05;
	1203 : 00;
	1204 : 00;
	1205 : 00;
	1206 : 04;
	1207 : 05;
	1208 : 05;
	1209 : 04;
	120A : 05;
	120B : 05;
	120C : 05;
	120D : 05;
	120E : 05;
	120F : 05;
	1210 : 05;
	1211 : 05;
	1212 : 05;
	1213 : 00;
	1214 : 00;
	1215 : 00;
	1216 : 25;
	1217 : 25;
	1218 : 05;
	1219 : 05;
	121A : 05;
	121B : 05;
	121C : 05;
	121D : 05;
	121E : 05;
	121F : 00;
	1220 : 00;
	1221 : 05;
	1222 : 00;
	1223 : 25;
	1224 : 05;
	1225 : 05;
	1226 : 05;
	1227 : 05;
	1228 : 05;
	1229 : 05;
	122A : 05;
	122B : 05;
	122C : 05;
	122D : 05;
	122E : 25;
	122F : 25;
	1230 : 05;
	1231 : 05;
	1232 : 25;
	1233 : 25;
	1234 : 05;
	1235 : 01;
	1236 : 00;
	1237 : 65;
	1238 : B2;
	1239 : 00;
	123A : 05;
	123B : 05;
	123C : 05;
	123D : 05;
	123E : 05;
	123F : 05;
	1240 : 00;
	1241 : 05;
	1242 : 25;
	1243 : 00;
	1244 : 00;
	1245 : 05;
	1246 : 05;
	1247 : 05;
	1248 : 05;
	1249 : 05;
	124A : 01;
	124B : 05;
	124C : 05;
	124D : 05;
	124E : 05;
	124F : 05;
	1250 : 05;
	1251 : 05;
	1252 : 00;
	1253 : 00;
	1254 : 05;
	1255 : 00;
	1256 : 00;
	1257 : 00;
	1258 : 00;
	1259 : 05;
	125A : 05;
	125B : 05;
	125C : 00;
	125D : 00;
	125E : 05;
	125F : 00;
	1260 : 00;
	1261 : 05;
	1262 : 00;
	1263 : 25;
	1264 : 05;
	1265 : 05;
	1266 : 05;
	1267 : 05;
	1268 : 05;
	1269 : 05;
	126A : 05;
	126B : 05;
	126C : 05;
	126D : 05;
	126E : 05;
	126F : 05;
	1270 : 05;
	1271 : 05;
	1272 : 25;
	1273 : 25;
	1274 : 25;
	1275 : 00;
	1276 : 00;
	1277 : 6D;
	1278 : B2;
	1279 : 00;
	127A : 05;
	127B : 05;
	127C : 05;
	127D : 05;
	127E : 05;
	127F : 05;
	1280 : 01;
	1281 : 05;
	1282 : 01;
	1283 : 00;
	1284 : 05;
	1285 : 05;
	1286 : 05;
	1287 : 05;
	1288 : 05;
	1289 : 05;
	128A : 05;
	128B : 05;
	128C : 05;
	128D : 05;
	128E : 05;
	128F : 05;
	1290 : 05;
	1291 : 05;
	1292 : 00;
	1293 : 00;
	1294 : 05;
	1295 : 05;
	1296 : 05;
	1297 : 05;
	1298 : 00;
	1299 : 05;
	129A : 01;
	129B : 00;
	129C : 00;
	129D : 00;
	129E : 00;
	129F : 00;
	12A0 : 00;
	12A1 : 00;
	12A2 : 00;
	12A3 : 05;
	12A4 : 05;
	12A5 : 05;
	12A6 : 05;
	12A7 : 05;
	12A8 : 25;
	12A9 : 25;
	12AA : 25;
	12AB : 05;
	12AC : 05;
	12AD : 05;
	12AE : 05;
	12AF : 05;
	12B0 : 05;
	12B1 : 05;
	12B2 : 05;
	12B3 : 25;
	12B4 : 25;
	12B5 : 05;
	12B6 : 00;
	12B7 : 6D;
	12B8 : B2;
	12B9 : 00;
	12BA : 05;
	12BB : 05;
	12BC : 05;
	12BD : 05;
	12BE : 05;
	12BF : 05;
	12C0 : 05;
	12C1 : 05;
	12C2 : 00;
	12C3 : 00;
	12C4 : 05;
	12C5 : 05;
	12C6 : 05;
	12C7 : 05;
	12C8 : 05;
	12C9 : 05;
	12CA : 05;
	12CB : 05;
	12CC : 05;
	12CD : 05;
	12CE : 05;
	12CF : 05;
	12D0 : 05;
	12D1 : 00;
	12D2 : 00;
	12D3 : 00;
	12D4 : 00;
	12D5 : 00;
	12D6 : 00;
	12D7 : 00;
	12D8 : 00;
	12D9 : 00;
	12DA : 00;
	12DB : 00;
	12DC : 00;
	12DD : 00;
	12DE : 00;
	12DF : 00;
	12E0 : 00;
	12E1 : 05;
	12E2 : 00;
	12E3 : 25;
	12E4 : 05;
	12E5 : 25;
	12E6 : 05;
	12E7 : 05;
	12E8 : 25;
	12E9 : 25;
	12EA : 05;
	12EB : 05;
	12EC : 05;
	12ED : 05;
	12EE : 05;
	12EF : 05;
	12F0 : 25;
	12F1 : 25;
	12F2 : 25;
	12F3 : 05;
	12F4 : 25;
	12F5 : 05;
	12F6 : 00;
	12F7 : 6D;
	12F8 : B2;
	12F9 : 00;
	12FA : 05;
	12FB : 05;
	12FC : 05;
	12FD : 05;
	12FE : 05;
	12FF : 05;
	1300 : 01;
	1301 : 05;
	1302 : 00;
	1303 : 05;
	1304 : 05;
	1305 : 05;
	1306 : 04;
	1307 : 05;
	1308 : 05;
	1309 : 05;
	130A : 05;
	130B : 05;
	130C : 05;
	130D : 05;
	130E : 05;
	130F : 05;
	1310 : 05;
	1311 : 00;
	1312 : 00;
	1313 : 00;
	1314 : 05;
	1315 : 00;
	1316 : 00;
	1317 : 00;
	1318 : 25;
	1319 : 05;
	131A : 05;
	131B : 05;
	131C : 00;
	131D : 00;
	131E : 05;
	131F : 05;
	1320 : 00;
	1321 : 05;
	1322 : 00;
	1323 : 25;
	1324 : 05;
	1325 : 05;
	1326 : 25;
	1327 : 05;
	1328 : 05;
	1329 : 05;
	132A : 05;
	132B : 05;
	132C : 05;
	132D : 05;
	132E : 25;
	132F : 05;
	1330 : 05;
	1331 : 05;
	1332 : 25;
	1333 : 05;
	1334 : 25;
	1335 : 00;
	1336 : 00;
	1337 : 00;
	1338 : 8D;
	1339 : 8D;
	133A : 05;
	133B : 05;
	133C : 05;
	133D : 04;
	133E : 05;
	133F : 05;
	1340 : 01;
	1341 : 00;
	1342 : 00;
	1343 : 05;
	1344 : 05;
	1345 : 05;
	1346 : 05;
	1347 : 05;
	1348 : 05;
	1349 : 05;
	134A : 05;
	134B : 05;
	134C : 05;
	134D : 05;
	134E : 05;
	134F : 05;
	1350 : 05;
	1351 : 00;
	1352 : 00;
	1353 : 00;
	1354 : 00;
	1355 : 00;
	1356 : 04;
	1357 : 04;
	1358 : 04;
	1359 : 05;
	135A : 04;
	135B : 05;
	135C : 05;
	135D : 05;
	135E : 05;
	135F : 00;
	1360 : 00;
	1361 : 00;
	1362 : 00;
	1363 : 00;
	1364 : 05;
	1365 : 05;
	1366 : 05;
	1367 : 05;
	1368 : 05;
	1369 : 05;
	136A : 05;
	136B : 05;
	136C : 25;
	136D : 05;
	136E : 05;
	136F : 25;
	1370 : 05;
	1371 : 05;
	1372 : 05;
	1373 : 00;
	1374 : 00;
	1375 : 00;
	1376 : 00;
	1377 : 25;
	1378 : 20;
	1379 : B2;
	137A : 00;
	137B : 25;
	137C : 05;
	137D : 05;
	137E : 05;
	137F : 00;
	1380 : 00;
	1381 : 00;
	1382 : 00;
	1383 : 05;
	1384 : 04;
	1385 : 05;
	1386 : 05;
	1387 : 04;
	1388 : 04;
	1389 : 05;
	138A : 05;
	138B : 05;
	138C : 05;
	138D : 05;
	138E : 05;
	138F : 05;
	1390 : 05;
	1391 : 05;
	1392 : 00;
	1393 : 00;
	1394 : 00;
	1395 : 05;
	1396 : 05;
	1397 : 05;
	1398 : 05;
	1399 : 05;
	139A : 05;
	139B : 05;
	139C : 05;
	139D : 05;
	139E : 05;
	139F : 00;
	13A0 : 00;
	13A1 : 00;
	13A2 : 00;
	13A3 : 00;
	13A4 : 05;
	13A5 : 25;
	13A6 : 05;
	13A7 : 05;
	13A8 : 05;
	13A9 : 25;
	13AA : 25;
	13AB : 25;
	13AC : 25;
	13AD : 05;
	13AE : 25;
	13AF : 05;
	13B0 : 25;
	13B1 : 25;
	13B2 : 25;
	13B3 : 00;
	13B4 : 00;
	13B5 : 00;
	13B6 : 00;
	13B7 : 25;
	13B8 : 00;
	13B9 : 91;
	13BA : 20;
	13BB : 05;
	13BC : 25;
	13BD : 05;
	13BE : 20;
	13BF : B2;
	13C0 : 05;
	13C1 : 00;
	13C2 : 00;
	13C3 : 25;
	13C4 : 05;
	13C5 : 05;
	13C6 : 05;
	13C7 : 05;
	13C8 : 05;
	13C9 : 05;
	13CA : 05;
	13CB : 05;
	13CC : 05;
	13CD : 05;
	13CE : 05;
	13CF : 05;
	13D0 : 05;
	13D1 : 05;
	13D2 : 00;
	13D3 : 00;
	13D4 : 00;
	13D5 : 25;
	13D6 : 05;
	13D7 : 05;
	13D8 : 05;
	13D9 : 05;
	13DA : 05;
	13DB : 05;
	13DC : 05;
	13DD : 05;
	13DE : 05;
	13DF : 00;
	13E0 : 00;
	13E1 : 00;
	13E2 : 00;
	13E3 : 00;
	13E4 : 00;
	13E5 : 00;
	13E6 : 00;
	13E7 : 00;
	13E8 : 00;
	13E9 : 00;
	13EA : 00;
	13EB : 00;
	13EC : 00;
	13ED : 00;
	13EE : 00;
	13EF : 00;
	13F0 : 00;
	13F1 : 00;
	13F2 : 00;
	13F3 : 00;
	13F4 : 25;
	13F5 : 00;
	13F6 : 00;
	13F7 : 25;
	13F8 : 25;
	13F9 : 65;
	13FA : B2;
	13FB : 65;
	13FC : 00;
	13FD : 65;
	13FE : B1;
	13FF : FA;
	1400 : 05;
	1401 : 05;
	1402 : 00;
	1403 : 25;
	1404 : 05;
	1405 : 05;
	1406 : 04;
	1407 : 05;
	1408 : 05;
	1409 : 05;
	140A : 05;
	140B : 05;
	140C : 05;
	140D : 05;
	140E : 05;
	140F : 05;
	1410 : 05;
	1411 : 05;
	1412 : 00;
	1413 : 05;
	1414 : 00;
	1415 : 00;
	1416 : 25;
	1417 : 25;
	1418 : 05;
	1419 : 05;
	141A : 25;
	141B : 25;
	141C : 05;
	141D : 05;
	141E : 25;
	141F : 25;
	1420 : 00;
	1421 : 00;
	1422 : 00;
	1423 : 00;
	1424 : 00;
	1425 : 00;
	1426 : 05;
	1427 : 00;
	1428 : 00;
	1429 : 04;
	142A : 00;
	142B : 05;
	142C : 05;
	142D : 00;
	142E : 00;
	142F : 05;
	1430 : 05;
	1431 : 00;
	1432 : 00;
	1433 : 00;
	1434 : 00;
	1435 : 00;
	1436 : 00;
	1437 : 00;
	1438 : 25;
	1439 : 25;
	143A : 24;
	143B : 6D;
	143C : 6D;
	143D : 8D;
	143E : B2;
	143F : B6;
	1440 : 05;
	1441 : 05;
	1442 : 00;
	1443 : 25;
	1444 : 00;
	1445 : 05;
	1446 : 05;
	1447 : 05;
	1448 : 05;
	1449 : 05;
	144A : 05;
	144B : 05;
	144C : 05;
	144D : 05;
	144E : 05;
	144F : 00;
	1450 : 05;
	1451 : 05;
	1452 : 00;
	1453 : 00;
	1454 : 00;
	1455 : 00;
	1456 : 00;
	1457 : 00;
	1458 : 00;
	1459 : 00;
	145A : 00;
	145B : 00;
	145C : 00;
	145D : 00;
	145E : 04;
	145F : 00;
	1460 : 00;
	1461 : 00;
	1462 : 00;
	1463 : 00;
	1464 : 00;
	1465 : 00;
	1466 : 00;
	1467 : 00;
	1468 : 00;
	1469 : 00;
	146A : 00;
	146B : 00;
	146C : 00;
	146D : 00;
	146E : 00;
	146F : 00;
	1470 : 00;
	1471 : 00;
	1472 : 00;
	1473 : 00;
	1474 : 00;
	1475 : 00;
	1476 : 00;
	1477 : 00;
	1478 : 00;
	1479 : 00;
	147A : 00;
	147B : 20;
	147C : 25;
	147D : 6D;
	147E : 91;
	147F : B1;
	1480 : 05;
	1481 : 25;
	1482 : 00;
	1483 : 25;
	1484 : 01;
	1485 : 01;
	1486 : 05;
	1487 : 05;
	1488 : 05;
	1489 : 05;
	148A : 05;
	148B : 05;
	148C : 05;
	148D : 05;
	148E : 05;
	148F : 05;
	1490 : 05;
	1491 : 25;
	1492 : 00;
	1493 : 00;
	1494 : 00;
	1495 : 00;
	1496 : 00;
	1497 : 00;
	1498 : 00;
	1499 : 00;
	149A : 05;
	149B : 00;
	149C : 00;
	149D : 05;
	149E : 01;
	149F : 25;
	14A0 : 05;
	14A1 : 25;
	14A2 : 25;
	14A3 : 05;
	14A4 : 05;
	14A5 : 25;
	14A6 : 25;
	14A7 : 25;
	14A8 : 25;
	14A9 : 00;
	14AA : 00;
	14AB : 05;
	14AC : 00;
	14AD : 25;
	14AE : 05;
	14AF : 00;
	14B0 : 00;
	14B1 : 05;
	14B2 : 05;
	14B3 : 25;
	14B4 : 25;
	14B5 : 25;
	14B6 : 05;
	14B7 : 25;
	14B8 : 00;
	14B9 : 00;
	14BA : 00;
	14BB : 00;
	14BC : 00;
	14BD : 65;
	14BE : 6D;
	14BF : 91;
	14C0 : 05;
	14C1 : 00;
	14C2 : 00;
	14C3 : 25;
	14C4 : 05;
	14C5 : 05;
	14C6 : 05;
	14C7 : 05;
	14C8 : 05;
	14C9 : 05;
	14CA : 05;
	14CB : 05;
	14CC : 05;
	14CD : 05;
	14CE : 05;
	14CF : 05;
	14D0 : 05;
	14D1 : 00;
	14D2 : 00;
	14D3 : 00;
	14D4 : 00;
	14D5 : 05;
	14D6 : 05;
	14D7 : 05;
	14D8 : 05;
	14D9 : 00;
	14DA : 05;
	14DB : 00;
	14DC : 00;
	14DD : 05;
	14DE : 25;
	14DF : 05;
	14E0 : 05;
	14E1 : 05;
	14E2 : 05;
	14E3 : 05;
	14E4 : 05;
	14E5 : 05;
	14E6 : 05;
	14E7 : 05;
	14E8 : 05;
	14E9 : 25;
	14EA : 05;
	14EB : 00;
	14EC : 00;
	14ED : 05;
	14EE : 05;
	14EF : 25;
	14F0 : 25;
	14F1 : 05;
	14F2 : 25;
	14F3 : 25;
	14F4 : 25;
	14F5 : 00;
	14F6 : 00;
	14F7 : 00;
	14F8 : 65;
	14F9 : 65;
	14FA : 20;
	14FB : 65;
	14FC : 25;
	14FD : 00;
	14FE : 24;
	14FF : 65;
	1500 : 05;
	1501 : 00;
	1502 : 00;
	1503 : 05;
	1504 : 00;
	1505 : 00;
	1506 : 05;
	1507 : 05;
	1508 : 05;
	1509 : 05;
	150A : 05;
	150B : 05;
	150C : 05;
	150D : 05;
	150E : 05;
	150F : 05;
	1510 : 25;
	1511 : 00;
	1512 : 00;
	1513 : 00;
	1514 : 05;
	1515 : 05;
	1516 : 05;
	1517 : 05;
	1518 : 05;
	1519 : 25;
	151A : 00;
	151B : 00;
	151C : 05;
	151D : 05;
	151E : 04;
	151F : 05;
	1520 : 25;
	1521 : 05;
	1522 : 05;
	1523 : 05;
	1524 : 05;
	1525 : 04;
	1526 : 05;
	1527 : 05;
	1528 : 05;
	1529 : 05;
	152A : 25;
	152B : 00;
	152C : 00;
	152D : 00;
	152E : 25;
	152F : 25;
	1530 : 25;
	1531 : 25;
	1532 : 25;
	1533 : 00;
	1534 : 24;
	1535 : 65;
	1536 : 00;
	1537 : 00;
	1538 : 00;
	1539 : 00;
	153A : 65;
	153B : 8D;
	153C : 6D;
	153D : 00;
	153E : 65;
	153F : 00;
	1540 : 00;
	1541 : 00;
	1542 : 00;
	1543 : 00;
	1544 : 05;
	1545 : 05;
	1546 : 05;
	1547 : 05;
	1548 : 05;
	1549 : 05;
	154A : 05;
	154B : 05;
	154C : 25;
	154D : 25;
	154E : 25;
	154F : 00;
	1550 : 00;
	1551 : 00;
	1552 : 00;
	1553 : 00;
	1554 : 00;
	1555 : 25;
	1556 : 25;
	1557 : 05;
	1558 : 00;
	1559 : 00;
	155A : 00;
	155B : 00;
	155C : 05;
	155D : 05;
	155E : 05;
	155F : 05;
	1560 : 05;
	1561 : 05;
	1562 : 05;
	1563 : 05;
	1564 : 05;
	1565 : 25;
	1566 : 25;
	1567 : 05;
	1568 : 05;
	1569 : 05;
	156A : 25;
	156B : 00;
	156C : 00;
	156D : 00;
	156E : 25;
	156F : 25;
	1570 : 00;
	1571 : 00;
	1572 : 00;
	1573 : 00;
	1574 : 65;
	1575 : 65;
	1576 : 65;
	1577 : 24;
	1578 : 24;
	1579 : 00;
	157A : 65;
	157B : 8D;
	157C : 6D;
	157D : 8D;
	157E : 6D;
	157F : 6D;
	1580 : 00;
	1581 : 00;
	1582 : 00;
	1583 : 00;
	1584 : 00;
	1585 : 00;
	1586 : 00;
	1587 : 00;
	1588 : 00;
	1589 : 00;
	158A : 05;
	158B : 04;
	158C : 00;
	158D : 00;
	158E : 00;
	158F : 00;
	1590 : 05;
	1591 : 05;
	1592 : 00;
	1593 : 00;
	1594 : 00;
	1595 : 00;
	1596 : 00;
	1597 : 00;
	1598 : 00;
	1599 : 00;
	159A : 00;
	159B : 05;
	159C : 05;
	159D : 05;
	159E : 05;
	159F : 05;
	15A0 : 05;
	15A1 : 05;
	15A2 : 05;
	15A3 : 05;
	15A4 : 05;
	15A5 : 25;
	15A6 : 05;
	15A7 : 05;
	15A8 : 05;
	15A9 : 05;
	15AA : 25;
	15AB : 00;
	15AC : 00;
	15AD : 04;
	15AE : 25;
	15AF : 25;
	15B0 : 6D;
	15B1 : 00;
	15B2 : 65;
	15B3 : 25;
	15B4 : 24;
	15B5 : 00;
	15B6 : 25;
	15B7 : 05;
	15B8 : 04;
	15B9 : 00;
	15BA : 8D;
	15BB : 8D;
	15BC : 8D;
	15BD : 24;
	15BE : 8D;
	15BF : 91;
	15C0 : 00;
	15C1 : 00;
	15C2 : 00;
	15C3 : 00;
	15C4 : 00;
	15C5 : 00;
	15C6 : 05;
	15C7 : 05;
	15C8 : 05;
	15C9 : 05;
	15CA : 00;
	15CB : 00;
	15CC : 00;
	15CD : 00;
	15CE : 00;
	15CF : 00;
	15D0 : 00;
	15D1 : 00;
	15D2 : 00;
	15D3 : 25;
	15D4 : 25;
	15D5 : 25;
	15D6 : 25;
	15D7 : 25;
	15D8 : 25;
	15D9 : 05;
	15DA : 00;
	15DB : 05;
	15DC : 25;
	15DD : 05;
	15DE : 05;
	15DF : 05;
	15E0 : 05;
	15E1 : 05;
	15E2 : 05;
	15E3 : 25;
	15E4 : 25;
	15E5 : 05;
	15E6 : 25;
	15E7 : 05;
	15E8 : 05;
	15E9 : 05;
	15EA : 25;
	15EB : 05;
	15EC : 00;
	15ED : 00;
	15EE : 00;
	15EF : 65;
	15F0 : 65;
	15F1 : 24;
	15F2 : 00;
	15F3 : 00;
	15F4 : 25;
	15F5 : 20;
	15F6 : 00;
	15F7 : 00;
	15F8 : 6D;
	15F9 : 65;
	15FA : 6D;
	15FB : 8D;
	15FC : 8D;
	15FD : 8D;
	15FE : 8D;
	15FF : 65;
	1600 : 05;
	1601 : 05;
	1602 : 05;
	1603 : 05;
	1604 : 05;
	1605 : 05;
	1606 : 00;
	1607 : 25;
	1608 : 05;
	1609 : 25;
	160A : 25;
	160B : 00;
	160C : 00;
	160D : 00;
	160E : 25;
	160F : 00;
	1610 : 00;
	1611 : 00;
	1612 : 25;
	1613 : 05;
	1614 : 05;
	1615 : 05;
	1616 : 05;
	1617 : 05;
	1618 : 05;
	1619 : 25;
	161A : 00;
	161B : 00;
	161C : 05;
	161D : 05;
	161E : 05;
	161F : 05;
	1620 : 25;
	1621 : 05;
	1622 : 05;
	1623 : 05;
	1624 : 25;
	1625 : 25;
	1626 : 25;
	1627 : 05;
	1628 : 05;
	1629 : 05;
	162A : 25;
	162B : 00;
	162C : 00;
	162D : 00;
	162E : 65;
	162F : 65;
	1630 : 24;
	1631 : 00;
	1632 : 24;
	1633 : 25;
	1634 : 25;
	1635 : 00;
	1636 : 65;
	1637 : 6D;
	1638 : 6D;
	1639 : 24;
	163A : 00;
	163B : 8D;
	163C : B2;
	163D : B1;
	163E : 91;
	163F : 91;
	1640 : 01;
	1641 : 00;
	1642 : 05;
	1643 : 05;
	1644 : 04;
	1645 : 04;
	1646 : 04;
	1647 : 05;
	1648 : 05;
	1649 : 00;
	164A : 05;
	164B : 05;
	164C : 01;
	164D : 00;
	164E : 00;
	164F : 00;
	1650 : 00;
	1651 : 25;
	1652 : 05;
	1653 : 05;
	1654 : 05;
	1655 : 05;
	1656 : 05;
	1657 : 05;
	1658 : 05;
	1659 : 25;
	165A : 05;
	165B : 05;
	165C : 05;
	165D : 05;
	165E : 05;
	165F : 05;
	1660 : 05;
	1661 : 25;
	1662 : 25;
	1663 : 25;
	1664 : 25;
	1665 : 25;
	1666 : 05;
	1667 : 05;
	1668 : 05;
	1669 : 05;
	166A : 25;
	166B : 00;
	166C : 00;
	166D : 65;
	166E : 65;
	166F : 00;
	1670 : 25;
	1671 : 25;
	1672 : 25;
	1673 : 25;
	1674 : 00;
	1675 : 91;
	1676 : 64;
	1677 : 00;
	1678 : 25;
	1679 : 25;
	167A : 00;
	167B : 25;
	167C : 65;
	167D : 8D;
	167E : D6;
	167F : FB;
	1680 : 05;
	1681 : 05;
	1682 : 04;
	1683 : 05;
	1684 : 05;
	1685 : 05;
	1686 : 05;
	1687 : 01;
	1688 : 05;
	1689 : 05;
	168A : 05;
	168B : 05;
	168C : 05;
	168D : 00;
	168E : 00;
	168F : 00;
	1690 : 05;
	1691 : 05;
	1692 : 05;
	1693 : 05;
	1694 : 05;
	1695 : 05;
	1696 : 05;
	1697 : 05;
	1698 : 05;
	1699 : 05;
	169A : 05;
	169B : 04;
	169C : 05;
	169D : 05;
	169E : 05;
	169F : 05;
	16A0 : 25;
	16A1 : 05;
	16A2 : 05;
	16A3 : 05;
	16A4 : 05;
	16A5 : 05;
	16A6 : 05;
	16A7 : 05;
	16A8 : 25;
	16A9 : 05;
	16AA : 25;
	16AB : 65;
	16AC : 6D;
	16AD : 00;
	16AE : 25;
	16AF : 25;
	16B0 : 25;
	16B1 : 25;
	16B2 : 00;
	16B3 : B2;
	16B4 : 8D;
	16B5 : 00;
	16B6 : 25;
	16B7 : 20;
	16B8 : 25;
	16B9 : 00;
	16BA : 8D;
	16BB : 25;
	16BC : 25;
	16BD : 00;
	16BE : 00;
	16BF : 00;
	16C0 : 05;
	16C1 : 05;
	16C2 : 05;
	16C3 : 05;
	16C4 : 04;
	16C5 : 05;
	16C6 : 05;
	16C7 : 05;
	16C8 : 05;
	16C9 : 05;
	16CA : 05;
	16CB : 05;
	16CC : 05;
	16CD : 05;
	16CE : 05;
	16CF : 00;
	16D0 : 25;
	16D1 : 05;
	16D2 : 05;
	16D3 : 05;
	16D4 : 05;
	16D5 : 05;
	16D6 : 05;
	16D7 : 05;
	16D8 : 05;
	16D9 : 05;
	16DA : 05;
	16DB : 00;
	16DC : 05;
	16DD : 05;
	16DE : 25;
	16DF : 05;
	16E0 : 25;
	16E1 : 25;
	16E2 : 05;
	16E3 : 05;
	16E4 : 05;
	16E5 : 25;
	16E6 : 05;
	16E7 : 25;
	16E8 : 05;
	16E9 : 25;
	16EA : 00;
	16EB : 65;
	16EC : 20;
	16ED : 05;
	16EE : 25;
	16EF : 25;
	16F0 : 25;
	16F1 : 24;
	16F2 : B6;
	16F3 : 65;
	16F4 : 00;
	16F5 : 25;
	16F6 : 25;
	16F7 : 25;
	16F8 : 00;
	16F9 : 92;
	16FA : 00;
	16FB : 25;
	16FC : 25;
	16FD : 25;
	16FE : 25;
	16FF : 00;
	1700 : 05;
	1701 : 05;
	1702 : 05;
	1703 : 04;
	1704 : 05;
	1705 : 05;
	1706 : 05;
	1707 : 05;
	1708 : 05;
	1709 : 05;
	170A : 05;
	170B : 05;
	170C : 05;
	170D : 25;
	170E : 00;
	170F : 00;
	1710 : 25;
	1711 : 05;
	1712 : 05;
	1713 : 05;
	1714 : 05;
	1715 : 05;
	1716 : 05;
	1717 : 05;
	1718 : 05;
	1719 : 05;
	171A : 05;
	171B : 00;
	171C : 25;
	171D : 25;
	171E : 25;
	171F : 05;
	1720 : 05;
	1721 : 05;
	1722 : 25;
	1723 : 25;
	1724 : 05;
	1725 : 25;
	1726 : 05;
	1727 : 25;
	1728 : 25;
	1729 : 25;
	172A : 6D;
	172B : 20;
	172C : 00;
	172D : 00;
	172E : 25;
	172F : 25;
	1730 : 00;
	1731 : B2;
	1732 : 25;
	1733 : 25;
	1734 : 25;
	1735 : 25;
	1736 : 25;
	1737 : 00;
	1738 : 91;
	1739 : 00;
	173A : 21;
	173B : 25;
	173C : 25;
	173D : 25;
	173E : 25;
	173F : 00;
	1740 : 05;
	1741 : 05;
	1742 : 05;
	1743 : 05;
	1744 : 05;
	1745 : 05;
	1746 : 05;
	1747 : 05;
	1748 : 05;
	1749 : 05;
	174A : 05;
	174B : 05;
	174C : 04;
	174D : 05;
	174E : 00;
	174F : 00;
	1750 : 25;
	1751 : 05;
	1752 : 05;
	1753 : 05;
	1754 : 05;
	1755 : 05;
	1756 : 05;
	1757 : 05;
	1758 : 25;
	1759 : 05;
	175A : 05;
	175B : 00;
	175C : 25;
	175D : 05;
	175E : 25;
	175F : 05;
	1760 : 25;
	1761 : 25;
	1762 : 25;
	1763 : 25;
	1764 : 25;
	1765 : 25;
	1766 : 25;
	1767 : 25;
	1768 : 00;
	1769 : 6D;
	176A : 20;
	176B : 00;
	176C : 00;
	176D : 25;
	176E : 25;
	176F : 00;
	1770 : B2;
	1771 : 20;
	1772 : 24;
	1773 : 00;
	1774 : 25;
	1775 : 25;
	1776 : 20;
	1777 : B2;
	1778 : 00;
	1779 : 25;
	177A : 25;
	177B : 25;
	177C : 25;
	177D : 25;
	177E : 25;
	177F : 00;
	1780 : 05;
	1781 : 05;
	1782 : 05;
	1783 : 05;
	1784 : 05;
	1785 : 05;
	1786 : 05;
	1787 : 05;
	1788 : 05;
	1789 : 05;
	178A : 05;
	178B : 05;
	178C : 05;
	178D : 25;
	178E : 00;
	178F : 00;
	1790 : 25;
	1791 : 25;
	1792 : 05;
	1793 : 05;
	1794 : 05;
	1795 : 05;
	1796 : 05;
	1797 : 05;
	1798 : 05;
	1799 : 05;
	179A : 05;
	179B : 05;
	179C : 25;
	179D : 25;
	179E : 25;
	179F : 05;
	17A0 : 25;
	17A1 : 25;
	17A2 : 25;
	17A3 : 05;
	17A4 : 25;
	17A5 : 25;
	17A6 : 25;
	17A7 : 25;
	17A8 : 00;
	17A9 : 8D;
	17AA : 00;
	17AB : 00;
	17AC : 00;
	17AD : 25;
	17AE : 00;
	17AF : D6;
	17B0 : 24;
	17B1 : 00;
	17B2 : 25;
	17B3 : 25;
	17B4 : 25;
	17B5 : 25;
	17B6 : 6D;
	17B7 : D6;
	17B8 : 25;
	17B9 : 25;
	17BA : 25;
	17BB : 25;
	17BC : 25;
	17BD : 25;
	17BE : 25;
	17BF : 00;
	17C0 : 05;
	17C1 : 00;
	17C2 : 05;
	17C3 : 05;
	17C4 : 05;
	17C5 : 05;
	17C6 : 05;
	17C7 : 05;
	17C8 : 05;
	17C9 : 05;
	17CA : 05;
	17CB : 04;
	17CC : 04;
	17CD : 25;
	17CE : 00;
	17CF : 00;
	17D0 : 25;
	17D1 : 05;
	17D2 : 05;
	17D3 : 05;
	17D4 : 05;
	17D5 : 05;
	17D6 : 05;
	17D7 : 05;
	17D8 : 05;
	17D9 : 05;
	17DA : 25;
	17DB : 00;
	17DC : 05;
	17DD : 05;
	17DE : 05;
	17DF : 25;
	17E0 : 25;
	17E1 : 25;
	17E2 : 25;
	17E3 : 25;
	17E4 : 25;
	17E5 : 25;
	17E6 : 25;
	17E7 : 25;
	17E8 : 65;
	17E9 : 25;
	17EA : 25;
	17EB : 00;
	17EC : 24;
	17ED : 00;
	17EE : B2;
	17EF : 24;
	17F0 : 24;
	17F1 : 25;
	17F2 : 25;
	17F3 : 25;
	17F4 : 25;
	17F5 : 00;
	17F6 : B1;
	17F7 : 00;
	17F8 : 00;
	17F9 : 25;
	17FA : 25;
	17FB : 25;
	17FC : 25;
	17FD : 25;
	17FE : 25;
	17FF : 00;
	1800 : 04;
	1801 : 05;
	1802 : 05;
	1803 : 05;
	1804 : 05;
	1805 : 05;
	1806 : 05;
	1807 : 05;
	1808 : 05;
	1809 : 05;
	180A : 05;
	180B : 05;
	180C : 05;
	180D : 25;
	180E : 00;
	180F : 00;
	1810 : 05;
	1811 : 05;
	1812 : 05;
	1813 : 05;
	1814 : 25;
	1815 : 05;
	1816 : 25;
	1817 : 05;
	1818 : 05;
	1819 : 05;
	181A : 00;
	181B : 00;
	181C : 05;
	181D : 25;
	181E : 25;
	181F : 25;
	1820 : 25;
	1821 : 25;
	1822 : 25;
	1823 : 25;
	1824 : 25;
	1825 : 25;
	1826 : 25;
	1827 : 00;
	1828 : 6D;
	1829 : 00;
	182A : 25;
	182B : 00;
	182C : 25;
	182D : 6D;
	182E : 8D;
	182F : 00;
	1830 : 25;
	1831 : 25;
	1832 : 24;
	1833 : 01;
	1834 : 25;
	1835 : DB;
	1836 : 00;
	1837 : 25;
	1838 : 25;
	1839 : 25;
	183A : 25;
	183B : 25;
	183C : 25;
	183D : 25;
	183E : 25;
	183F : 00;
	1840 : 05;
	1841 : 05;
	1842 : 05;
	1843 : 05;
	1844 : 05;
	1845 : 05;
	1846 : 05;
	1847 : 05;
	1848 : 05;
	1849 : 05;
	184A : 05;
	184B : 05;
	184C : 05;
	184D : 00;
	184E : 00;
	184F : 00;
	1850 : 05;
	1851 : 05;
	1852 : 25;
	1853 : 25;
	1854 : 25;
	1855 : 05;
	1856 : 25;
	1857 : 05;
	1858 : 25;
	1859 : 25;
	185A : 04;
	185B : 00;
	185C : 05;
	185D : 25;
	185E : 25;
	185F : 25;
	1860 : 25;
	1861 : 25;
	1862 : 25;
	1863 : 25;
	1864 : 25;
	1865 : 25;
	1866 : 25;
	1867 : 8D;
	1868 : 24;
	1869 : 25;
	186A : 00;
	186B : 24;
	186C : 00;
	186D : B2;
	186E : 00;
	186F : 25;
	1870 : 00;
	1871 : 25;
	1872 : 25;
	1873 : 25;
	1874 : 00;
	1875 : B2;
	1876 : 25;
	1877 : 25;
	1878 : 25;
	1879 : 25;
	187A : 25;
	187B : 25;
	187C : 25;
	187D : 25;
	187E : 25;
	187F : 00;
	1880 : 05;
	1881 : 05;
	1882 : 05;
	1883 : 05;
	1884 : 05;
	1885 : 05;
	1886 : 05;
	1887 : 05;
	1888 : 05;
	1889 : 05;
	188A : 05;
	188B : 25;
	188C : 00;
	188D : 00;
	188E : 00;
	188F : 00;
	1890 : 25;
	1891 : 25;
	1892 : 25;
	1893 : 25;
	1894 : 25;
	1895 : 25;
	1896 : 05;
	1897 : 25;
	1898 : 25;
	1899 : 25;
	189A : 00;
	189B : 00;
	189C : 25;
	189D : 25;
	189E : 25;
	189F : 25;
	18A0 : 25;
	18A1 : 25;
	18A2 : 25;
	18A3 : 25;
	18A4 : 25;
	18A5 : 25;
	18A6 : 00;
	18A7 : 8D;
	18A8 : 00;
	18A9 : 25;
	18AA : 25;
	18AB : 00;
	18AC : 91;
	18AD : 00;
	18AE : 21;
	18AF : 25;
	18B0 : 25;
	18B1 : 25;
	18B2 : 25;
	18B3 : 00;
	18B4 : B6;
	18B5 : 00;
	18B6 : 25;
	18B7 : 25;
	18B8 : 25;
	18B9 : 25;
	18BA : 25;
	18BB : 66;
	18BC : 26;
	18BD : 67;
	18BE : 66;
	18BF : 00;
	18C0 : 01;
	18C1 : 05;
	18C2 : 05;
	18C3 : 05;
	18C4 : 05;
	18C5 : 05;
	18C6 : 05;
	18C7 : 05;
	18C8 : 05;
	18C9 : 05;
	18CA : 25;
	18CB : 05;
	18CC : 00;
	18CD : 00;
	18CE : 00;
	18CF : 00;
	18D0 : 05;
	18D1 : 05;
	18D2 : 25;
	18D3 : 25;
	18D4 : 25;
	18D5 : 25;
	18D6 : 25;
	18D7 : 25;
	18D8 : 25;
	18D9 : 05;
	18DA : 00;
	18DB : 00;
	18DC : 25;
	18DD : 25;
	18DE : 25;
	18DF : 25;
	18E0 : 25;
	18E1 : 25;
	18E2 : 25;
	18E3 : 25;
	18E4 : 25;
	18E5 : 25;
	18E6 : 00;
	18E7 : 6D;
	18E8 : 00;
	18E9 : 25;
	18EA : 25;
	18EB : 00;
	18EC : 91;
	18ED : 00;
	18EE : 25;
	18EF : 25;
	18F0 : 25;
	18F1 : 25;
	18F2 : 25;
	18F3 : 64;
	18F4 : FB;
	18F5 : 00;
	18F6 : 25;
	18F7 : 25;
	18F8 : 25;
	18F9 : 66;
	18FA : 67;
	18FB : 67;
	18FC : 67;
	18FD : 27;
	18FE : 67;
	18FF : 00;
	1900 : 05;
	1901 : 05;
	1902 : 05;
	1903 : 05;
	1904 : 05;
	1905 : 05;
	1906 : 05;
	1907 : 05;
	1908 : 25;
	1909 : 25;
	190A : 00;
	190B : 00;
	190C : 00;
	190D : 00;
	190E : 00;
	190F : 05;
	1910 : 05;
	1911 : 25;
	1912 : 05;
	1913 : 25;
	1914 : 05;
	1915 : 25;
	1916 : 25;
	1917 : 25;
	1918 : 05;
	1919 : 00;
	191A : 00;
	191B : 00;
	191C : 05;
	191D : 25;
	191E : 25;
	191F : 25;
	1920 : 25;
	1921 : 25;
	1922 : 25;
	1923 : 25;
	1924 : 25;
	1925 : 25;
	1926 : 00;
	1927 : 24;
	1928 : 00;
	1929 : 25;
	192A : 25;
	192B : 92;
	192C : 65;
	192D : 00;
	192E : 25;
	192F : 25;
	1930 : 25;
	1931 : 25;
	1932 : 25;
	1933 : DB;
	1934 : 6D;
	1935 : 25;
	1936 : 25;
	1937 : 25;
	1938 : 67;
	1939 : 67;
	193A : 93;
	193B : 93;
	193C : 93;
	193D : 93;
	193E : 93;
	193F : 00;
	1940 : 05;
	1941 : 05;
	1942 : 05;
	1943 : 05;
	1944 : 05;
	1945 : 05;
	1946 : 25;
	1947 : 05;
	1948 : 00;
	1949 : 00;
	194A : 00;
	194B : 00;
	194C : 00;
	194D : 05;
	194E : 00;
	194F : 01;
	1950 : 00;
	1951 : 00;
	1952 : 00;
	1953 : 00;
	1954 : 05;
	1955 : 00;
	1956 : 00;
	1957 : 00;
	1958 : 05;
	1959 : 05;
	195A : 00;
	195B : 00;
	195C : 05;
	195D : 00;
	195E : 00;
	195F : 05;
	1960 : 25;
	1961 : 25;
	1962 : 25;
	1963 : 25;
	1964 : 25;
	1965 : 00;
	1966 : 8D;
	1967 : 00;
	1968 : 25;
	1969 : 25;
	196A : 00;
	196B : 91;
	196C : 00;
	196D : 00;
	196E : 21;
	196F : 25;
	1970 : 25;
	1971 : 21;
	1972 : 00;
	1973 : 8D;
	1974 : 00;
	1975 : 26;
	1976 : 26;
	1977 : 26;
	1978 : 93;
	1979 : B3;
	197A : 93;
	197B : B7;
	197C : B3;
	197D : B3;
	197E : B3;
	197F : 00;
	1980 : 05;
	1981 : 00;
	1982 : 05;
	1983 : 05;
	1984 : 01;
	1985 : 05;
	1986 : 25;
	1987 : 01;
	1988 : 00;
	1989 : 00;
	198A : 00;
	198B : 00;
	198C : 00;
	198D : 00;
	198E : 00;
	198F : 00;
	1990 : 00;
	1991 : 00;
	1992 : 00;
	1993 : 00;
	1994 : 00;
	1995 : 00;
	1996 : 00;
	1997 : 00;
	1998 : 00;
	1999 : 00;
	199A : 01;
	199B : 00;
	199C : 25;
	199D : 05;
	199E : 25;
	199F : 00;
	19A0 : 01;
	19A1 : 01;
	19A2 : 01;
	19A3 : 05;
	19A4 : 00;
	19A5 : 00;
	19A6 : 8D;
	19A7 : 00;
	19A8 : 25;
	19A9 : 01;
	19AA : 00;
	19AB : 24;
	19AC : 00;
	19AD : 00;
	19AE : 01;
	19AF : 20;
	19B0 : 21;
	19B1 : 01;
	19B2 : 8D;
	19B3 : 00;
	19B4 : 66;
	19B5 : 67;
	19B6 : 67;
	19B7 : B3;
	19B8 : 93;
	19B9 : B7;
	19BA : B3;
	19BB : B7;
	19BC : B7;
	19BD : B7;
	19BE : B3;
	19BF : 00;
	19C0 : 05;
	19C1 : 25;
	19C2 : 25;
	19C3 : 25;
	19C4 : 00;
	19C5 : 05;
	19C6 : 04;
	19C7 : 00;
	19C8 : 00;
	19C9 : 00;
	19CA : 25;
	19CB : 25;
	19CC : 25;
	19CD : 25;
	19CE : 25;
	19CF : 25;
	19D0 : 05;
	19D1 : 25;
	19D2 : 25;
	19D3 : 25;
	19D4 : 25;
	19D5 : 25;
	19D6 : 25;
	19D7 : 00;
	19D8 : 00;
	19D9 : 00;
	19DA : 00;
	19DB : 25;
	19DC : 05;
	19DD : 25;
	19DE : 25;
	19DF : 25;
	19E0 : 01;
	19E1 : 25;
	19E2 : 26;
	19E3 : 25;
	19E4 : 25;
	19E5 : 00;
	19E6 : 8D;
	19E7 : 24;
	19E8 : 20;
	19E9 : 25;
	19EA : 8D;
	19EB : 00;
	19EC : 01;
	19ED : 20;
	19EE : 25;
	19EF : 25;
	19F0 : 25;
	19F1 : 01;
	19F2 : D6;
	19F3 : 00;
	19F4 : 67;
	19F5 : 8F;
	19F6 : B3;
	19F7 : B3;
	19F8 : B3;
	19F9 : B3;
	19FA : B3;
	19FB : B3;
	19FC : B7;
	19FD : B7;
	19FE : B7;
	19FF : 00;
	1A00 : 00;
	1A01 : 00;
	1A02 : 00;
	1A03 : 00;
	1A04 : 00;
	1A05 : 00;
	1A06 : 00;
	1A07 : 00;
	1A08 : 00;
	1A09 : 00;
	1A0A : 05;
	1A0B : 05;
	1A0C : 05;
	1A0D : 05;
	1A0E : 05;
	1A0F : 05;
	1A10 : 05;
	1A11 : 05;
	1A12 : 05;
	1A13 : 05;
	1A14 : 25;
	1A15 : 25;
	1A16 : 25;
	1A17 : 25;
	1A18 : 25;
	1A19 : 00;
	1A1A : 00;
	1A1B : 25;
	1A1C : 25;
	1A1D : 25;
	1A1E : 25;
	1A1F : 25;
	1A20 : 25;
	1A21 : 25;
	1A22 : 05;
	1A23 : 25;
	1A24 : 00;
	1A25 : 00;
	1A26 : 8D;
	1A27 : 25;
	1A28 : 25;
	1A29 : 25;
	1A2A : 8D;
	1A2B : 00;
	1A2C : 25;
	1A2D : 20;
	1A2E : 25;
	1A2F : 25;
	1A30 : 25;
	1A31 : 20;
	1A32 : D6;
	1A33 : 26;
	1A34 : 6F;
	1A35 : B3;
	1A36 : B3;
	1A37 : B3;
	1A38 : B7;
	1A39 : B3;
	1A3A : B7;
	1A3B : B3;
	1A3C : B7;
	1A3D : B7;
	1A3E : B7;
	1A3F : 00;
	1A40 : 25;
	1A41 : 00;
	1A42 : 05;
	1A43 : 00;
	1A44 : 00;
	1A45 : 00;
	1A46 : 25;
	1A47 : 00;
	1A48 : 00;
	1A49 : 05;
	1A4A : 05;
	1A4B : 05;
	1A4C : 05;
	1A4D : 05;
	1A4E : 05;
	1A4F : 05;
	1A50 : 05;
	1A51 : 05;
	1A52 : 05;
	1A53 : 05;
	1A54 : 25;
	1A55 : 25;
	1A56 : 25;
	1A57 : 25;
	1A58 : 25;
	1A59 : 00;
	1A5A : 00;
	1A5B : 25;
	1A5C : 25;
	1A5D : 25;
	1A5E : 25;
	1A5F : 25;
	1A60 : 25;
	1A61 : 05;
	1A62 : 25;
	1A63 : 25;
	1A64 : 00;
	1A65 : 00;
	1A66 : 6D;
	1A67 : 25;
	1A68 : 25;
	1A69 : 25;
	1A6A : 8D;
	1A6B : 00;
	1A6C : 25;
	1A6D : 20;
	1A6E : 25;
	1A6F : 25;
	1A70 : 25;
	1A71 : 6D;
	1A72 : B2;
	1A73 : 6F;
	1A74 : 6F;
	1A75 : B3;
	1A76 : B7;
	1A77 : B7;
	1A78 : B7;
	1A79 : B7;
	1A7A : B7;
	1A7B : B7;
	1A7C : B7;
	1A7D : B7;
	1A7E : B7;
	1A7F : 00;
	1A80 : 05;
	1A81 : 05;
	1A82 : 05;
	1A83 : 25;
	1A84 : 00;
	1A85 : 05;
	1A86 : 05;
	1A87 : 00;
	1A88 : 00;
	1A89 : 05;
	1A8A : 05;
	1A8B : 05;
	1A8C : 05;
	1A8D : 05;
	1A8E : 05;
	1A8F : 05;
	1A90 : 05;
	1A91 : 05;
	1A92 : 05;
	1A93 : 25;
	1A94 : 25;
	1A95 : 25;
	1A96 : 25;
	1A97 : 25;
	1A98 : 25;
	1A99 : 05;
	1A9A : 00;
	1A9B : 25;
	1A9C : 25;
	1A9D : 25;
	1A9E : 25;
	1A9F : 25;
	1AA0 : 25;
	1AA1 : 25;
	1AA2 : 25;
	1AA3 : 01;
	1AA4 : 00;
	1AA5 : 00;
	1AA6 : 8D;
	1AA7 : 25;
	1AA8 : 25;
	1AA9 : 00;
	1AAA : 8D;
	1AAB : 25;
	1AAC : 25;
	1AAD : 00;
	1AAE : 25;
	1AAF : 25;
	1AB0 : 26;
	1AB1 : 92;
	1AB2 : 00;
	1AB3 : 6F;
	1AB4 : 93;
	1AB5 : B7;
	1AB6 : B7;
	1AB7 : B7;
	1AB8 : B7;
	1AB9 : B7;
	1ABA : B7;
	1ABB : B7;
	1ABC : B7;
	1ABD : B7;
	1ABE : B7;
	1ABF : 00;
	1AC0 : 05;
	1AC1 : 05;
	1AC2 : 05;
	1AC3 : 05;
	1AC4 : 25;
	1AC5 : 05;
	1AC6 : 05;
	1AC7 : 00;
	1AC8 : 00;
	1AC9 : 05;
	1ACA : 05;
	1ACB : 05;
	1ACC : 05;
	1ACD : 05;
	1ACE : 05;
	1ACF : 05;
	1AD0 : 05;
	1AD1 : 05;
	1AD2 : 05;
	1AD3 : 25;
	1AD4 : 25;
	1AD5 : 25;
	1AD6 : 25;
	1AD7 : 25;
	1AD8 : 25;
	1AD9 : 25;
	1ADA : 01;
	1ADB : 25;
	1ADC : 25;
	1ADD : 25;
	1ADE : 25;
	1ADF : 25;
	1AE0 : 25;
	1AE1 : 25;
	1AE2 : 25;
	1AE3 : 00;
	1AE4 : 00;
	1AE5 : B2;
	1AE6 : 25;
	1AE7 : 25;
	1AE8 : 25;
	1AE9 : 00;
	1AEA : 65;
	1AEB : 25;
	1AEC : 25;
	1AED : 00;
	1AEE : 25;
	1AEF : 25;
	1AF0 : 00;
	1AF1 : B6;
	1AF2 : 00;
	1AF3 : 93;
	1AF4 : 93;
	1AF5 : B7;
	1AF6 : B7;
	1AF7 : B7;
	1AF8 : B7;
	1AF9 : B7;
	1AFA : B7;
	1AFB : B7;
	1AFC : B7;
	1AFD : B7;
	1AFE : B7;
	1AFF : 00;
	1B00 : 05;
	1B01 : 05;
	1B02 : 05;
	1B03 : 05;
	1B04 : 25;
	1B05 : 00;
	1B06 : 05;
	1B07 : 00;
	1B08 : 05;
	1B09 : 05;
	1B0A : 05;
	1B0B : 05;
	1B0C : 05;
	1B0D : 05;
	1B0E : 05;
	1B0F : 05;
	1B10 : 25;
	1B11 : 25;
	1B12 : 25;
	1B13 : 25;
	1B14 : 25;
	1B15 : 25;
	1B16 : 25;
	1B17 : 25;
	1B18 : 25;
	1B19 : 25;
	1B1A : 05;
	1B1B : 25;
	1B1C : 25;
	1B1D : 25;
	1B1E : 25;
	1B1F : 25;
	1B20 : 25;
	1B21 : 25;
	1B22 : 25;
	1B23 : 01;
	1B24 : 00;
	1B25 : D6;
	1B26 : 6D;
	1B27 : 25;
	1B28 : 25;
	1B29 : 00;
	1B2A : 65;
	1B2B : 25;
	1B2C : 25;
	1B2D : 00;
	1B2E : 25;
	1B2F : 25;
	1B30 : 00;
	1B31 : 91;
	1B32 : 00;
	1B33 : 93;
	1B34 : B3;
	1B35 : B7;
	1B36 : D7;
	1B37 : B7;
	1B38 : B7;
	1B39 : D7;
	1B3A : B7;
	1B3B : B7;
	1B3C : B7;
	1B3D : B7;
	1B3E : B7;
	1B3F : 00;
	1B40 : 05;
	1B41 : 05;
	1B42 : 05;
	1B43 : 05;
	1B44 : 25;
	1B45 : 05;
	1B46 : 05;
	1B47 : 00;
	1B48 : 25;
	1B49 : 05;
	1B4A : 05;
	1B4B : 05;
	1B4C : 05;
	1B4D : 05;
	1B4E : 05;
	1B4F : 05;
	1B50 : 05;
	1B51 : 25;
	1B52 : 25;
	1B53 : 25;
	1B54 : 25;
	1B55 : 25;
	1B56 : 25;
	1B57 : 25;
	1B58 : 25;
	1B59 : 25;
	1B5A : 25;
	1B5B : 25;
	1B5C : 25;
	1B5D : 25;
	1B5E : 26;
	1B5F : 25;
	1B60 : 25;
	1B61 : 25;
	1B62 : 25;
	1B63 : 25;
	1B64 : 00;
	1B65 : B2;
	1B66 : 8D;
	1B67 : 25;
	1B68 : 25;
	1B69 : 00;
	1B6A : 6D;
	1B6B : 25;
	1B6C : 25;
	1B6D : 21;
	1B6E : 25;
	1B6F : 25;
	1B70 : 00;
	1B71 : 91;
	1B72 : 00;
	1B73 : B3;
	1B74 : B3;
	1B75 : B7;
	1B76 : DB;
	1B77 : DB;
	1B78 : DB;
	1B79 : DB;
	1B7A : DB;
	1B7B : DB;
	1B7C : BB;
	1B7D : BB;
	1B7E : B7;
	1B7F : 00;
	1B80 : 05;
	1B81 : 05;
	1B82 : 05;
	1B83 : 05;
	1B84 : 05;
	1B85 : 05;
	1B86 : 05;
	1B87 : 00;
	1B88 : 25;
	1B89 : 05;
	1B8A : 05;
	1B8B : 05;
	1B8C : 05;
	1B8D : 05;
	1B8E : 05;
	1B8F : 05;
	1B90 : 05;
	1B91 : 25;
	1B92 : 25;
	1B93 : 25;
	1B94 : 25;
	1B95 : 25;
	1B96 : 25;
	1B97 : 25;
	1B98 : 25;
	1B99 : 01;
	1B9A : 05;
	1B9B : 25;
	1B9C : 25;
	1B9D : 25;
	1B9E : 25;
	1B9F : 25;
	1BA0 : 25;
	1BA1 : 25;
	1BA2 : 25;
	1BA3 : 25;
	1BA4 : 00;
	1BA5 : 6D;
	1BA6 : B6;
	1BA7 : 00;
	1BA8 : 25;
	1BA9 : 00;
	1BAA : 65;
	1BAB : 25;
	1BAC : 25;
	1BAD : 21;
	1BAE : 25;
	1BAF : 25;
	1BB0 : 6D;
	1BB1 : 24;
	1BB2 : B3;
	1BB3 : B3;
	1BB4 : B7;
	1BB5 : DB;
	1BB6 : DB;
	1BB7 : DF;
	1BB8 : DF;
	1BB9 : DF;
	1BBA : DB;
	1BBB : DB;
	1BBC : DB;
	1BBD : DB;
	1BBE : BB;
	1BBF : 00;
	1BC0 : 05;
	1BC1 : 05;
	1BC2 : 05;
	1BC3 : 05;
	1BC4 : 25;
	1BC5 : 05;
	1BC6 : 05;
	1BC7 : 00;
	1BC8 : 25;
	1BC9 : 05;
	1BCA : 05;
	1BCB : 05;
	1BCC : 05;
	1BCD : 05;
	1BCE : 05;
	1BCF : 05;
	1BD0 : 25;
	1BD1 : 25;
	1BD2 : 25;
	1BD3 : 25;
	1BD4 : 25;
	1BD5 : 25;
	1BD6 : 25;
	1BD7 : 25;
	1BD8 : 25;
	1BD9 : 25;
	1BDA : 25;
	1BDB : 25;
	1BDC : 25;
	1BDD : 25;
	1BDE : 25;
	1BDF : 25;
	1BE0 : 25;
	1BE1 : 25;
	1BE2 : 25;
	1BE3 : 25;
	1BE4 : 00;
	1BE5 : 6D;
	1BE6 : 6D;
	1BE7 : 00;
	1BE8 : 25;
	1BE9 : 00;
	1BEA : 65;
	1BEB : 25;
	1BEC : 25;
	1BED : 21;
	1BEE : 25;
	1BEF : 25;
	1BF0 : 6D;
	1BF1 : 00;
	1BF2 : B3;
	1BF3 : B7;
	1BF4 : BB;
	1BF5 : DB;
	1BF6 : 6F;
	1BF7 : 6F;
	1BF8 : FF;
	1BF9 : FF;
	1BFA : DF;
	1BFB : DF;
	1BFC : DF;
	1BFD : DB;
	1BFE : DB;
	1BFF : 00;
	1C00 : 05;
	1C01 : 05;
	1C02 : 05;
	1C03 : 05;
	1C04 : 25;
	1C05 : 00;
	1C06 : 05;
	1C07 : 00;
	1C08 : 25;
	1C09 : 05;
	1C0A : 05;
	1C0B : 05;
	1C0C : 05;
	1C0D : 25;
	1C0E : 25;
	1C0F : 05;
	1C10 : 05;
	1C11 : 25;
	1C12 : 25;
	1C13 : 25;
	1C14 : 25;
	1C15 : 25;
	1C16 : 25;
	1C17 : 25;
	1C18 : 26;
	1C19 : 01;
	1C1A : 05;
	1C1B : 25;
	1C1C : 25;
	1C1D : 25;
	1C1E : 25;
	1C1F : 25;
	1C20 : 25;
	1C21 : 26;
	1C22 : 25;
	1C23 : 25;
	1C24 : 00;
	1C25 : 25;
	1C26 : 6D;
	1C27 : B2;
	1C28 : 25;
	1C29 : 00;
	1C2A : 6D;
	1C2B : 25;
	1C2C : 25;
	1C2D : 21;
	1C2E : 25;
	1C2F : 26;
	1C30 : 6D;
	1C31 : 00;
	1C32 : 93;
	1C33 : D7;
	1C34 : DB;
	1C35 : DB;
	1C36 : 93;
	1C37 : 6F;
	1C38 : 93;
	1C39 : BB;
	1C3A : FF;
	1C3B : FF;
	1C3C : FF;
	1C3D : DF;
	1C3E : DF;
	1C3F : 00;
	1C40 : 05;
	1C41 : 05;
	1C42 : 05;
	1C43 : 05;
	1C44 : 05;
	1C45 : 00;
	1C46 : 05;
	1C47 : 00;
	1C48 : 00;
	1C49 : 25;
	1C4A : 05;
	1C4B : 05;
	1C4C : 25;
	1C4D : 25;
	1C4E : 25;
	1C4F : 25;
	1C50 : 25;
	1C51 : 25;
	1C52 : 25;
	1C53 : 25;
	1C54 : 25;
	1C55 : 25;
	1C56 : 25;
	1C57 : 25;
	1C58 : 26;
	1C59 : 01;
	1C5A : 25;
	1C5B : 25;
	1C5C : 25;
	1C5D : 25;
	1C5E : 25;
	1C5F : 26;
	1C60 : 26;
	1C61 : 26;
	1C62 : 26;
	1C63 : 26;
	1C64 : 00;
	1C65 : 00;
	1C66 : 6D;
	1C67 : 8D;
	1C68 : 8D;
	1C69 : 00;
	1C6A : 65;
	1C6B : 25;
	1C6C : 25;
	1C6D : 21;
	1C6E : 25;
	1C6F : 25;
	1C70 : 6D;
	1C71 : 00;
	1C72 : 93;
	1C73 : B7;
	1C74 : DB;
	1C75 : DF;
	1C76 : 97;
	1C77 : 93;
	1C78 : 93;
	1C79 : B7;
	1C7A : B7;
	1C7B : DB;
	1C7C : FF;
	1C7D : FF;
	1C7E : DF;
	1C7F : 00;
	1C80 : 05;
	1C81 : 05;
	1C82 : 05;
	1C83 : 05;
	1C84 : 05;
	1C85 : 05;
	1C86 : 00;
	1C87 : 05;
	1C88 : 25;
	1C89 : 25;
	1C8A : 05;
	1C8B : 25;
	1C8C : 25;
	1C8D : 25;
	1C8E : 25;
	1C8F : 25;
	1C90 : 25;
	1C91 : 25;
	1C92 : 25;
	1C93 : 25;
	1C94 : 25;
	1C95 : 25;
	1C96 : 25;
	1C97 : 25;
	1C98 : 01;
	1C99 : 25;
	1C9A : 25;
	1C9B : 25;
	1C9C : 25;
	1C9D : 25;
	1C9E : 26;
	1C9F : 25;
	1CA0 : 26;
	1CA1 : 26;
	1CA2 : 26;
	1CA3 : 26;
	1CA4 : 00;
	1CA5 : 65;
	1CA6 : 00;
	1CA7 : 6D;
	1CA8 : B2;
	1CA9 : 24;
	1CAA : 25;
	1CAB : 25;
	1CAC : 25;
	1CAD : 21;
	1CAE : 26;
	1CAF : 26;
	1CB0 : 6D;
	1CB1 : 00;
	1CB2 : 8F;
	1CB3 : B7;
	1CB4 : DB;
	1CB5 : DF;
	1CB6 : B7;
	1CB7 : 93;
	1CB8 : B7;
	1CB9 : DF;
	1CBA : DF;
	1CBB : DF;
	1CBC : FF;
	1CBD : FF;
	1CBE : FF;
	1CBF : 01;
	1CC0 : 05;
	1CC1 : 05;
	1CC2 : 05;
	1CC3 : 05;
	1CC4 : 05;
	1CC5 : 25;
	1CC6 : 00;
	1CC7 : 05;
	1CC8 : 00;
	1CC9 : 25;
	1CCA : 00;
	1CCB : 05;
	1CCC : 25;
	1CCD : 05;
	1CCE : 25;
	1CCF : 25;
	1CD0 : 25;
	1CD1 : 25;
	1CD2 : 25;
	1CD3 : 25;
	1CD4 : 25;
	1CD5 : 25;
	1CD6 : 25;
	1CD7 : 25;
	1CD8 : 01;
	1CD9 : 25;
	1CDA : 01;
	1CDB : 25;
	1CDC : 25;
	1CDD : 26;
	1CDE : 26;
	1CDF : 26;
	1CE0 : 26;
	1CE1 : 26;
	1CE2 : 26;
	1CE3 : 26;
	1CE4 : 00;
	1CE5 : 65;
	1CE6 : 00;
	1CE7 : 6D;
	1CE8 : 6D;
	1CE9 : 6D;
	1CEA : 6D;
	1CEB : 25;
	1CEC : 25;
	1CED : 21;
	1CEE : 26;
	1CEF : 26;
	1CF0 : 6D;
	1CF1 : 00;
	1CF2 : 8F;
	1CF3 : B7;
	1CF4 : DB;
	1CF5 : DF;
	1CF6 : DF;
	1CF7 : B7;
	1CF8 : DB;
	1CF9 : FF;
	1CFA : FF;
	1CFB : FF;
	1CFC : DB;
	1CFD : 93;
	1CFE : B7;
	1CFF : 00;
	1D00 : 05;
	1D01 : 05;
	1D02 : 05;
	1D03 : 05;
	1D04 : 25;
	1D05 : 25;
	1D06 : 00;
	1D07 : 00;
	1D08 : 25;
	1D09 : 25;
	1D0A : 05;
	1D0B : 05;
	1D0C : 05;
	1D0D : 25;
	1D0E : 25;
	1D0F : 25;
	1D10 : 25;
	1D11 : 25;
	1D12 : 25;
	1D13 : 25;
	1D14 : 25;
	1D15 : 25;
	1D16 : 25;
	1D17 : 26;
	1D18 : 25;
	1D19 : 00;
	1D1A : 01;
	1D1B : 26;
	1D1C : 25;
	1D1D : 25;
	1D1E : 25;
	1D1F : 26;
	1D20 : 26;
	1D21 : 26;
	1D22 : 26;
	1D23 : 26;
	1D24 : 00;
	1D25 : 65;
	1D26 : 20;
	1D27 : 01;
	1D28 : 65;
	1D29 : 6D;
	1D2A : 64;
	1D2B : 91;
	1D2C : 6D;
	1D2D : 21;
	1D2E : 26;
	1D2F : 26;
	1D30 : 6D;
	1D31 : 00;
	1D32 : 8F;
	1D33 : B7;
	1D34 : DB;
	1D35 : DB;
	1D36 : DB;
	1D37 : B7;
	1D38 : B7;
	1D39 : FF;
	1D3A : FF;
	1D3B : FF;
	1D3C : DB;
	1D3D : B7;
	1D3E : BB;
	1D3F : 00;
	1D40 : 05;
	1D41 : 05;
	1D42 : 05;
	1D43 : 05;
	1D44 : 05;
	1D45 : 25;
	1D46 : 00;
	1D47 : 00;
	1D48 : 25;
	1D49 : 05;
	1D4A : 05;
	1D4B : 05;
	1D4C : 05;
	1D4D : 25;
	1D4E : 05;
	1D4F : 25;
	1D50 : 25;
	1D51 : 25;
	1D52 : 25;
	1D53 : 25;
	1D54 : 25;
	1D55 : 25;
	1D56 : 25;
	1D57 : 25;
	1D58 : 26;
	1D59 : 00;
	1D5A : 21;
	1D5B : 25;
	1D5C : 26;
	1D5D : 26;
	1D5E : 26;
	1D5F : 26;
	1D60 : 26;
	1D61 : 26;
	1D62 : 26;
	1D63 : 26;
	1D64 : 00;
	1D65 : 65;
	1D66 : 00;
	1D67 : 00;
	1D68 : 00;
	1D69 : 6D;
	1D6A : 6D;
	1D6B : B6;
	1D6C : B6;
	1D6D : 65;
	1D6E : 26;
	1D6F : 26;
	1D70 : 6D;
	1D71 : 00;
	1D72 : 93;
	1D73 : B7;
	1D74 : B7;
	1D75 : DB;
	1D76 : DF;
	1D77 : FF;
	1D78 : B7;
	1D79 : FF;
	1D7A : FF;
	1D7B : FF;
	1D7C : B7;
	1D7D : B7;
	1D7E : FF;
	1D7F : 01;
	1D80 : 05;
	1D81 : 05;
	1D82 : 05;
	1D83 : 05;
	1D84 : 05;
	1D85 : 05;
	1D86 : 00;
	1D87 : 00;
	1D88 : 25;
	1D89 : 25;
	1D8A : 05;
	1D8B : 05;
	1D8C : 05;
	1D8D : 05;
	1D8E : 25;
	1D8F : 05;
	1D90 : 25;
	1D91 : 25;
	1D92 : 25;
	1D93 : 25;
	1D94 : 25;
	1D95 : 25;
	1D96 : 25;
	1D97 : 25;
	1D98 : 26;
	1D99 : 00;
	1D9A : 01;
	1D9B : 25;
	1D9C : 26;
	1D9D : 26;
	1D9E : 26;
	1D9F : 26;
	1DA0 : 26;
	1DA1 : 26;
	1DA2 : 26;
	1DA3 : 26;
	1DA4 : 00;
	1DA5 : 65;
	1DA6 : 00;
	1DA7 : 00;
	1DA8 : 26;
	1DA9 : 00;
	1DAA : 6D;
	1DAB : 6D;
	1DAC : 6D;
	1DAD : 8D;
	1DAE : B6;
	1DAF : 65;
	1DB0 : 6D;
	1DB1 : 00;
	1DB2 : B3;
	1DB3 : B7;
	1DB4 : B7;
	1DB5 : DB;
	1DB6 : DB;
	1DB7 : FF;
	1DB8 : 93;
	1DB9 : B7;
	1DBA : B7;
	1DBB : DB;
	1DBC : 93;
	1DBD : FF;
	1DBE : DF;
	1DBF : 01;
	1DC0 : 05;
	1DC1 : 05;
	1DC2 : 05;
	1DC3 : 05;
	1DC4 : 05;
	1DC5 : 00;
	1DC6 : 00;
	1DC7 : 00;
	1DC8 : 25;
	1DC9 : 05;
	1DCA : 05;
	1DCB : 25;
	1DCC : 25;
	1DCD : 25;
	1DCE : 25;
	1DCF : 25;
	1DD0 : 25;
	1DD1 : 25;
	1DD2 : 25;
	1DD3 : 25;
	1DD4 : 26;
	1DD5 : 25;
	1DD6 : 25;
	1DD7 : 25;
	1DD8 : 26;
	1DD9 : 00;
	1DDA : 01;
	1DDB : 26;
	1DDC : 26;
	1DDD : 26;
	1DDE : 26;
	1DDF : 26;
	1DE0 : 26;
	1DE1 : 26;
	1DE2 : 26;
	1DE3 : 26;
	1DE4 : 00;
	1DE5 : 8D;
	1DE6 : 00;
	1DE7 : 21;
	1DE8 : 26;
	1DE9 : 00;
	1DEA : 65;
	1DEB : 00;
	1DEC : 8D;
	1DED : 6D;
	1DEE : 6D;
	1DEF : 6D;
	1DF0 : DB;
	1DF1 : 8D;
	1DF2 : 25;
	1DF3 : 00;
	1DF4 : B7;
	1DF5 : B7;
	1DF6 : DB;
	1DF7 : DF;
	1DF8 : DF;
	1DF9 : FF;
	1DFA : FF;
	1DFB : FF;
	1DFC : FF;
	1DFD : DF;
	1DFE : DB;
	1DFF : 01;
	1E00 : 05;
	1E01 : 05;
	1E02 : 05;
	1E03 : 05;
	1E04 : 05;
	1E05 : 00;
	1E06 : 00;
	1E07 : 00;
	1E08 : 25;
	1E09 : 05;
	1E0A : 05;
	1E0B : 00;
	1E0C : 05;
	1E0D : 25;
	1E0E : 25;
	1E0F : 25;
	1E10 : 25;
	1E11 : 25;
	1E12 : 25;
	1E13 : 25;
	1E14 : 25;
	1E15 : 25;
	1E16 : 25;
	1E17 : 26;
	1E18 : 26;
	1E19 : 00;
	1E1A : 21;
	1E1B : 26;
	1E1C : 26;
	1E1D : 26;
	1E1E : 26;
	1E1F : 26;
	1E20 : 26;
	1E21 : 26;
	1E22 : 26;
	1E23 : 26;
	1E24 : 00;
	1E25 : 8D;
	1E26 : 21;
	1E27 : 01;
	1E28 : 22;
	1E29 : 00;
	1E2A : 65;
	1E2B : 25;
	1E2C : 00;
	1E2D : 6D;
	1E2E : 6D;
	1E2F : 8D;
	1E30 : 8D;
	1E31 : D7;
	1E32 : FB;
	1E33 : 6D;
	1E34 : 00;
	1E35 : 00;
	1E36 : DB;
	1E37 : DB;
	1E38 : DB;
	1E39 : DB;
	1E3A : DF;
	1E3B : DF;
	1E3C : DB;
	1E3D : DB;
	1E3E : BB;
	1E3F : 00;
	1E40 : 05;
	1E41 : 05;
	1E42 : 25;
	1E43 : 05;
	1E44 : 05;
	1E45 : 00;
	1E46 : 00;
	1E47 : 00;
	1E48 : 00;
	1E49 : 25;
	1E4A : 05;
	1E4B : 01;
	1E4C : 25;
	1E4D : 25;
	1E4E : 25;
	1E4F : 25;
	1E50 : 25;
	1E51 : 25;
	1E52 : 25;
	1E53 : 25;
	1E54 : 25;
	1E55 : 25;
	1E56 : 26;
	1E57 : 26;
	1E58 : 26;
	1E59 : 00;
	1E5A : 01;
	1E5B : 21;
	1E5C : 21;
	1E5D : 21;
	1E5E : 26;
	1E5F : 26;
	1E60 : 26;
	1E61 : 67;
	1E62 : 67;
	1E63 : 27;
	1E64 : 00;
	1E65 : 8D;
	1E66 : 20;
	1E67 : 01;
	1E68 : 26;
	1E69 : 00;
	1E6A : 25;
	1E6B : 25;
	1E6C : 25;
	1E6D : 25;
	1E6E : 00;
	1E6F : 6D;
	1E70 : 6D;
	1E71 : 8D;
	1E72 : 8D;
	1E73 : 8D;
	1E74 : 91;
	1E75 : FB;
	1E76 : FB;
	1E77 : FB;
	1E78 : 92;
	1E79 : 21;
	1E7A : 25;
	1E7B : 21;
	1E7C : 21;
	1E7D : 21;
	1E7E : 21;
	1E7F : 00;
	1E80 : 05;
	1E81 : 05;
	1E82 : 05;
	1E83 : 05;
	1E84 : 05;
	1E85 : 05;
	1E86 : 00;
	1E87 : 01;
	1E88 : 00;
	1E89 : 05;
	1E8A : 25;
	1E8B : 25;
	1E8C : 25;
	1E8D : 25;
	1E8E : 25;
	1E8F : 25;
	1E90 : 25;
	1E91 : 25;
	1E92 : 25;
	1E93 : 25;
	1E94 : 25;
	1E95 : 26;
	1E96 : 26;
	1E97 : 26;
	1E98 : 26;
	1E99 : 00;
	1E9A : 21;
	1E9B : 26;
	1E9C : 21;
	1E9D : 21;
	1E9E : 26;
	1E9F : 22;
	1EA0 : 22;
	1EA1 : 22;
	1EA2 : 26;
	1EA3 : 26;
	1EA4 : 00;
	1EA5 : 8D;
	1EA6 : 00;
	1EA7 : 21;
	1EA8 : 22;
	1EA9 : 00;
	1EAA : 6D;
	1EAB : 25;
	1EAC : 66;
	1EAD : 21;
	1EAE : 26;
	1EAF : 01;
	1EB0 : 00;
	1EB1 : 24;
	1EB2 : 8D;
	1EB3 : 8D;
	1EB4 : 8D;
	1EB5 : 8D;
	1EB6 : 8D;
	1EB7 : 91;
	1EB8 : B2;
	1EB9 : B6;
	1EBA : B6;
	1EBB : B2;
	1EBC : B6;
	1EBD : D7;
	1EBE : B6;
	1EBF : B2;
	1EC0 : 05;
	1EC1 : 05;
	1EC2 : 25;
	1EC3 : 25;
	1EC4 : 05;
	1EC5 : 00;
	1EC6 : 00;
	1EC7 : 00;
	1EC8 : 05;
	1EC9 : 00;
	1ECA : 00;
	1ECB : 25;
	1ECC : 25;
	1ECD : 25;
	1ECE : 25;
	1ECF : 25;
	1ED0 : 25;
	1ED1 : 25;
	1ED2 : 25;
	1ED3 : 25;
	1ED4 : 25;
	1ED5 : 26;
	1ED6 : 26;
	1ED7 : 26;
	1ED8 : 26;
	1ED9 : 01;
	1EDA : 01;
	1EDB : 21;
	1EDC : 22;
	1EDD : 01;
	1EDE : 01;
	1EDF : 21;
	1EE0 : 21;
	1EE1 : 21;
	1EE2 : 21;
	1EE3 : 21;
	1EE4 : 00;
	1EE5 : 8D;
	1EE6 : 00;
	1EE7 : 21;
	1EE8 : 01;
	1EE9 : 00;
	1EEA : 8D;
	1EEB : 21;
	1EEC : 66;
	1EED : 21;
	1EEE : 26;
	1EEF : 26;
	1EF0 : 65;
	1EF1 : 00;
	1EF2 : 00;
	1EF3 : 00;
	1EF4 : 6D;
	1EF5 : 8D;
	1EF6 : 8D;
	1EF7 : 8D;
	1EF8 : 8D;
	1EF9 : 8D;
	1EFA : 8D;
	1EFB : 8D;
	1EFC : 8D;
	1EFD : B2;
	1EFE : 91;
	1EFF : 91;
	1F00 : 25;
	1F01 : 25;
	1F02 : 00;
	1F03 : 00;
	1F04 : 00;
	1F05 : 00;
	1F06 : 00;
	1F07 : 05;
	1F08 : 00;
	1F09 : 00;
	1F0A : 05;
	1F0B : 05;
	1F0C : 25;
	1F0D : 25;
	1F0E : 25;
	1F0F : 25;
	1F10 : 25;
	1F11 : 25;
	1F12 : 26;
	1F13 : 25;
	1F14 : 26;
	1F15 : 26;
	1F16 : 26;
	1F17 : 26;
	1F18 : 26;
	1F19 : 01;
	1F1A : 26;
	1F1B : 22;
	1F1C : 21;
	1F1D : 22;
	1F1E : 22;
	1F1F : 26;
	1F20 : 26;
	1F21 : 21;
	1F22 : 26;
	1F23 : 22;
	1F24 : 00;
	1F25 : 8D;
	1F26 : 20;
	1F27 : 21;
	1F28 : 22;
	1F29 : 00;
	1F2A : 8D;
	1F2B : 26;
	1F2C : 66;
	1F2D : 25;
	1F2E : 66;
	1F2F : 22;
	1F30 : 65;
	1F31 : 00;
	1F32 : 93;
	1F33 : B7;
	1F34 : B3;
	1F35 : B7;
	1F36 : 25;
	1F37 : 00;
	1F38 : 00;
	1F39 : 8D;
	1F3A : 8D;
	1F3B : 8D;
	1F3C : 8D;
	1F3D : 92;
	1F3E : 8D;
	1F3F : 91;
	1F40 : 00;
	1F41 : 00;
	1F42 : 05;
	1F43 : 00;
	1F44 : 00;
	1F45 : 25;
	1F46 : 00;
	1F47 : 00;
	1F48 : 00;
	1F49 : 00;
	1F4A : 25;
	1F4B : 05;
	1F4C : 25;
	1F4D : 01;
	1F4E : 25;
	1F4F : 25;
	1F50 : 25;
	1F51 : 25;
	1F52 : 21;
	1F53 : 25;
	1F54 : 21;
	1F55 : 25;
	1F56 : 26;
	1F57 : 26;
	1F58 : 21;
	1F59 : 01;
	1F5A : 21;
	1F5B : 21;
	1F5C : 26;
	1F5D : 67;
	1F5E : 26;
	1F5F : 27;
	1F60 : 67;
	1F61 : 67;
	1F62 : 21;
	1F63 : 22;
	1F64 : 00;
	1F65 : 8D;
	1F66 : 20;
	1F67 : 21;
	1F68 : 26;
	1F69 : 00;
	1F6A : 8D;
	1F6B : 26;
	1F6C : 66;
	1F6D : 25;
	1F6E : 66;
	1F6F : 26;
	1F70 : 65;
	1F71 : 00;
	1F72 : B3;
	1F73 : B7;
	1F74 : B7;
	1F75 : B7;
	1F76 : B7;
	1F77 : B7;
	1F78 : B7;
	1F79 : 00;
	1F7A : 00;
	1F7B : 00;
	1F7C : 00;
	1F7D : 00;
	1F7E : 00;
	1F7F : 00;
	1F80 : 00;
	1F81 : 00;
	1F82 : 00;
	1F83 : 00;
	1F84 : 00;
	1F85 : 00;
	1F86 : 00;
	1F87 : 00;
	1F88 : 00;
	1F89 : 00;
	1F8A : 00;
	1F8B : 00;
	1F8C : 00;
	1F8D : 00;
	1F8E : 01;
	1F8F : 00;
	1F90 : 00;
	1F91 : 00;
	1F92 : 00;
	1F93 : 01;
	1F94 : 01;
	1F95 : 01;
	1F96 : 01;
	1F97 : 00;
	1F98 : 00;
	1F99 : 01;
	1F9A : 26;
	1F9B : 26;
	1F9C : 26;
	1F9D : 26;
	1F9E : 67;
	1F9F : 27;
	1FA0 : 27;
	1FA1 : 27;
	1FA2 : 67;
	1FA3 : 22;
	1FA4 : 00;
	1FA5 : 8D;
	1FA6 : 21;
	1FA7 : 21;
	1FA8 : 26;
	1FA9 : 00;
	1FAA : 8D;
	1FAB : 26;
	1FAC : 66;
	1FAD : 25;
	1FAE : 22;
	1FAF : 21;
	1FB0 : 65;
	1FB1 : 00;
	1FB2 : B3;
	1FB3 : B7;
	1FB4 : B7;
	1FB5 : B7;
	1FB6 : B7;
	1FB7 : B7;
	1FB8 : B7;
	1FB9 : B7;
	1FBA : B7;
	1FBB : B7;
	1FBC : B7;
	1FBD : B7;
	1FBE : B7;
	1FBF : 00;
	1FC0 : 00;
	1FC1 : 25;
	1FC2 : 25;
	1FC3 : 25;
	1FC4 : 25;
	1FC5 : 00;
	1FC6 : 25;
	1FC7 : 25;
	1FC8 : 25;
	1FC9 : 25;
	1FCA : 25;
	1FCB : 25;
	1FCC : 25;
	1FCD : 25;
	1FCE : 25;
	1FCF : 25;
	1FD0 : 01;
	1FD1 : 01;
	1FD2 : 25;
	1FD3 : 25;
	1FD4 : 01;
	1FD5 : 26;
	1FD6 : 21;
	1FD7 : 25;
	1FD8 : 26;
	1FD9 : 66;
	1FDA : 27;
	1FDB : 26;
	1FDC : 26;
	1FDD : 27;
	1FDE : 67;
	1FDF : 67;
	1FE0 : 27;
	1FE1 : 27;
	1FE2 : 67;
	1FE3 : 67;
	1FE4 : 00;
	1FE5 : 8D;
	1FE6 : 21;
	1FE7 : 21;
	1FE8 : 27;
	1FE9 : 00;
	1FEA : 8D;
	1FEB : 26;
	1FEC : 66;
	1FED : 25;
	1FEE : 22;
	1FEF : 26;
	1FF0 : 65;
	1FF1 : 00;
	1FF2 : B3;
	1FF3 : B7;
	1FF4 : B7;
	1FF5 : B7;
	1FF6 : B7;
	1FF7 : B7;
	1FF8 : 8F;
	1FF9 : B7;
	1FFA : B7;
	1FFB : B7;
	1FFC : B7;
	1FFD : B7;
	1FFE : B7;
	1FFF : 00;
	2000 : 00;
	2001 : 00;
	2002 : 00;
	2003 : 00;
	2004 : 00;
	2005 : 00;
	2006 : 00;
	2007 : 00;
	2008 : 00;
	2009 : 00;
	200A : 00;
	200B : 00;
	200C : 00;
	200D : 00;
	200E : 00;
	200F : 00;
	2010 : 00;
	2011 : 00;
	2012 : 00;
	2013 : 00;
	2014 : 00;
	2015 : 00;
	2016 : 00;
	2017 : 00;
	2018 : 00;
	2019 : 00;
	201A : 00;
	201B : 00;
	201C : 00;
	201D : 00;
	201E : 00;
	201F : 00;
	2020 : 00;
	2021 : 00;
	2022 : 00;
	2023 : 00;
	2024 : 05;
	2025 : 05;
	2026 : 05;
	2027 : 00;
	2028 : 05;
	2029 : 00;
	202A : 01;
	202B : 05;
	202C : 00;
	202D : 05;
	202E : 04;
	202F : 00;
	2030 : 00;
	2031 : 00;
	2032 : 05;
	2033 : 05;
	2034 : 00;
	2035 : 00;
	2036 : 00;
	2037 : 00;
	2038 : 05;
	2039 : 00;
	203A : 01;
	203B : 01;
	203C : 00;
	203D : 05;
	203E : 05;
	203F : 05;
	2040 : 24;
	2041 : 20;
	2042 : 00;
	2043 : 00;
	2044 : 25;
	2045 : 00;
	2046 : 00;
	2047 : 00;
	2048 : 00;
	2049 : 05;
	204A : 00;
	204B : 25;
	204C : 05;
	204D : 25;
	204E : 25;
	204F : 05;
	2050 : 05;
	2051 : 00;
	2052 : 25;
	2053 : 25;
	2054 : 05;
	2055 : 05;
	2056 : 25;
	2057 : 25;
	2058 : 25;
	2059 : 05;
	205A : 00;
	205B : 00;
	205C : 00;
	205D : 00;
	205E : 00;
	205F : 25;
	2060 : 00;
	2061 : 00;
	2062 : 00;
	2063 : 05;
	2064 : 05;
	2065 : 05;
	2066 : 00;
	2067 : 04;
	2068 : 00;
	2069 : 00;
	206A : 05;
	206B : 04;
	206C : 05;
	206D : 01;
	206E : 05;
	206F : 05;
	2070 : 05;
	2071 : 00;
	2072 : 05;
	2073 : 05;
	2074 : 05;
	2075 : 00;
	2076 : 00;
	2077 : 05;
	2078 : 05;
	2079 : 00;
	207A : 01;
	207B : 05;
	207C : 01;
	207D : 00;
	207E : 05;
	207F : 05;
	2080 : FB;
	2081 : DB;
	2082 : D6;
	2083 : B2;
	2084 : 00;
	2085 : 00;
	2086 : 05;
	2087 : 05;
	2088 : 05;
	2089 : 00;
	208A : 00;
	208B : 00;
	208C : 25;
	208D : 05;
	208E : 05;
	208F : 05;
	2090 : 05;
	2091 : 04;
	2092 : 05;
	2093 : 05;
	2094 : 05;
	2095 : 05;
	2096 : 05;
	2097 : 04;
	2098 : 05;
	2099 : 05;
	209A : 25;
	209B : 00;
	209C : 00;
	209D : 00;
	209E : 00;
	209F : 25;
	20A0 : 00;
	20A1 : 00;
	20A2 : 00;
	20A3 : 25;
	20A4 : 00;
	20A5 : 05;
	20A6 : 05;
	20A7 : 05;
	20A8 : 05;
	20A9 : 05;
	20AA : 05;
	20AB : 05;
	20AC : 00;
	20AD : 05;
	20AE : 05;
	20AF : 05;
	20B0 : 05;
	20B1 : 05;
	20B2 : 05;
	20B3 : 04;
	20B4 : 05;
	20B5 : 00;
	20B6 : 00;
	20B7 : 04;
	20B8 : 05;
	20B9 : 00;
	20BA : 05;
	20BB : 05;
	20BC : 05;
	20BD : 01;
	20BE : 05;
	20BF : 01;
	20C0 : 00;
	20C1 : 00;
	20C2 : 00;
	20C3 : 6D;
	20C4 : B2;
	20C5 : D6;
	20C6 : 6D;
	20C7 : 05;
	20C8 : 05;
	20C9 : 05;
	20CA : 00;
	20CB : 00;
	20CC : 05;
	20CD : 05;
	20CE : 05;
	20CF : 05;
	20D0 : 05;
	20D1 : 05;
	20D2 : 05;
	20D3 : 05;
	20D4 : 05;
	20D5 : 05;
	20D6 : 05;
	20D7 : 05;
	20D8 : 05;
	20D9 : 05;
	20DA : 05;
	20DB : 05;
	20DC : 00;
	20DD : 00;
	20DE : 00;
	20DF : 00;
	20E0 : 00;
	20E1 : 00;
	20E2 : 00;
	20E3 : 05;
	20E4 : 00;
	20E5 : 01;
	20E6 : 05;
	20E7 : 05;
	20E8 : 05;
	20E9 : 05;
	20EA : 05;
	20EB : 05;
	20EC : 00;
	20ED : 05;
	20EE : 05;
	20EF : 05;
	20F0 : 05;
	20F1 : 05;
	20F2 : 05;
	20F3 : 05;
	20F4 : 00;
	20F5 : 00;
	20F6 : 00;
	20F7 : 01;
	20F8 : 00;
	20F9 : 05;
	20FA : 05;
	20FB : 05;
	20FC : 05;
	20FD : 04;
	20FE : 05;
	20FF : 05;
	2100 : 05;
	2101 : 05;
	2102 : 05;
	2103 : 00;
	2104 : 65;
	2105 : 92;
	2106 : FB;
	2107 : 00;
	2108 : 25;
	2109 : 05;
	210A : 00;
	210B : 00;
	210C : 05;
	210D : 05;
	210E : 25;
	210F : 05;
	2110 : 05;
	2111 : 05;
	2112 : 05;
	2113 : 05;
	2114 : 05;
	2115 : 05;
	2116 : 05;
	2117 : 05;
	2118 : 05;
	2119 : 05;
	211A : 05;
	211B : 05;
	211C : 25;
	211D : 00;
	211E : 00;
	211F : 00;
	2120 : 00;
	2121 : 00;
	2122 : 00;
	2123 : 05;
	2124 : 05;
	2125 : 05;
	2126 : 05;
	2127 : 00;
	2128 : 05;
	2129 : 04;
	212A : 05;
	212B : 05;
	212C : 05;
	212D : 05;
	212E : 00;
	212F : 05;
	2130 : 05;
	2131 : 05;
	2132 : 05;
	2133 : 05;
	2134 : 05;
	2135 : 00;
	2136 : 00;
	2137 : 00;
	2138 : 05;
	2139 : 05;
	213A : 05;
	213B : 05;
	213C : 05;
	213D : 00;
	213E : 05;
	213F : 05;
	2140 : 05;
	2141 : 05;
	2142 : 05;
	2143 : 05;
	2144 : 05;
	2145 : 00;
	2146 : 6D;
	2147 : D6;
	2148 : 00;
	2149 : 05;
	214A : 00;
	214B : 00;
	214C : 05;
	214D : 05;
	214E : 05;
	214F : 05;
	2150 : 05;
	2151 : 05;
	2152 : 05;
	2153 : 05;
	2154 : 05;
	2155 : 05;
	2156 : 05;
	2157 : 05;
	2158 : 05;
	2159 : 05;
	215A : 05;
	215B : 05;
	215C : 05;
	215D : 25;
	215E : 00;
	215F : 00;
	2160 : 00;
	2161 : 00;
	2162 : 00;
	2163 : 05;
	2164 : 05;
	2165 : 05;
	2166 : 25;
	2167 : 05;
	2168 : 00;
	2169 : 00;
	216A : 01;
	216B : 05;
	216C : 05;
	216D : 05;
	216E : 05;
	216F : 05;
	2170 : 05;
	2171 : 05;
	2172 : 05;
	2173 : 05;
	2174 : 05;
	2175 : 00;
	2176 : 01;
	2177 : 00;
	2178 : 05;
	2179 : 05;
	217A : 04;
	217B : 05;
	217C : 05;
	217D : 00;
	217E : 05;
	217F : 05;
	2180 : 05;
	2181 : 05;
	2182 : 05;
	2183 : 05;
	2184 : 05;
	2185 : 05;
	2186 : 00;
	2187 : B2;
	2188 : B6;
	2189 : 00;
	218A : 00;
	218B : 00;
	218C : 25;
	218D : 05;
	218E : 05;
	218F : 05;
	2190 : 05;
	2191 : 05;
	2192 : 05;
	2193 : 05;
	2194 : 05;
	2195 : 05;
	2196 : 05;
	2197 : 05;
	2198 : 05;
	2199 : 05;
	219A : 05;
	219B : 05;
	219C : 25;
	219D : 25;
	219E : 00;
	219F : 00;
	21A0 : 00;
	21A1 : 00;
	21A2 : 00;
	21A3 : 05;
	21A4 : 01;
	21A5 : 05;
	21A6 : 05;
	21A7 : 05;
	21A8 : 05;
	21A9 : 00;
	21AA : 05;
	21AB : 05;
	21AC : 05;
	21AD : 05;
	21AE : 05;
	21AF : 05;
	21B0 : 05;
	21B1 : 05;
	21B2 : 05;
	21B3 : 05;
	21B4 : 05;
	21B5 : 00;
	21B6 : 00;
	21B7 : 05;
	21B8 : 00;
	21B9 : 05;
	21BA : 05;
	21BB : 05;
	21BC : 05;
	21BD : 05;
	21BE : 00;
	21BF : 05;
	21C0 : 05;
	21C1 : 05;
	21C2 : 05;
	21C3 : 05;
	21C4 : 05;
	21C5 : 05;
	21C6 : 04;
	21C7 : 6D;
	21C8 : D6;
	21C9 : 00;
	21CA : 00;
	21CB : 00;
	21CC : 25;
	21CD : 25;
	21CE : 05;
	21CF : 05;
	21D0 : 05;
	21D1 : 05;
	21D2 : 05;
	21D3 : 05;
	21D4 : 05;
	21D5 : 05;
	21D6 : 05;
	21D7 : 05;
	21D8 : 05;
	21D9 : 05;
	21DA : 05;
	21DB : 04;
	21DC : 05;
	21DD : 05;
	21DE : 25;
	21DF : 00;
	21E0 : 00;
	21E1 : 00;
	21E2 : 00;
	21E3 : 05;
	21E4 : 05;
	21E5 : 00;
	21E6 : 05;
	21E7 : 05;
	21E8 : 05;
	21E9 : 25;
	21EA : 01;
	21EB : 05;
	21EC : 05;
	21ED : 05;
	21EE : 05;
	21EF : 05;
	21F0 : 05;
	21F1 : 05;
	21F2 : 05;
	21F3 : 05;
	21F4 : 04;
	21F5 : 00;
	21F6 : 00;
	21F7 : 05;
	21F8 : 00;
	21F9 : 05;
	21FA : 05;
	21FB : 05;
	21FC : 05;
	21FD : 05;
	21FE : 05;
	21FF : 05;
	2200 : 05;
	2201 : 05;
	2202 : 05;
	2203 : 05;
	2204 : 05;
	2205 : 05;
	2206 : 05;
	2207 : 00;
	2208 : B1;
	2209 : 6D;
	220A : 00;
	220B : 00;
	220C : 25;
	220D : 05;
	220E : 25;
	220F : 05;
	2210 : 05;
	2211 : 05;
	2212 : 05;
	2213 : 05;
	2214 : 05;
	2215 : 05;
	2216 : 05;
	2217 : 05;
	2218 : 05;
	2219 : 05;
	221A : 05;
	221B : 05;
	221C : 05;
	221D : 05;
	221E : 25;
	221F : 00;
	2220 : 00;
	2221 : 00;
	2222 : 05;
	2223 : 25;
	2224 : 05;
	2225 : 05;
	2226 : 05;
	2227 : 05;
	2228 : 05;
	2229 : 05;
	222A : 05;
	222B : 05;
	222C : 05;
	222D : 05;
	222E : 05;
	222F : 05;
	2230 : 05;
	2231 : 05;
	2232 : 05;
	2233 : 05;
	2234 : 05;
	2235 : 00;
	2236 : 00;
	2237 : 05;
	2238 : 00;
	2239 : 05;
	223A : 05;
	223B : 05;
	223C : 05;
	223D : 05;
	223E : 05;
	223F : 01;
	2240 : 05;
	2241 : 05;
	2242 : 05;
	2243 : 05;
	2244 : 05;
	2245 : 05;
	2246 : 05;
	2247 : 00;
	2248 : 8D;
	2249 : 91;
	224A : 05;
	224B : 00;
	224C : 05;
	224D : 05;
	224E : 05;
	224F : 05;
	2250 : 05;
	2251 : 05;
	2252 : 25;
	2253 : 05;
	2254 : 05;
	2255 : 05;
	2256 : 05;
	2257 : 05;
	2258 : 05;
	2259 : 05;
	225A : 05;
	225B : 05;
	225C : 05;
	225D : 05;
	225E : 25;
	225F : 00;
	2260 : 04;
	2261 : 00;
	2262 : 05;
	2263 : 05;
	2264 : 00;
	2265 : 05;
	2266 : 05;
	2267 : 05;
	2268 : 05;
	2269 : 05;
	226A : 05;
	226B : 05;
	226C : 05;
	226D : 05;
	226E : 05;
	226F : 05;
	2270 : 05;
	2271 : 05;
	2272 : 05;
	2273 : 05;
	2274 : 00;
	2275 : 00;
	2276 : 00;
	2277 : 05;
	2278 : 05;
	2279 : 05;
	227A : 05;
	227B : 05;
	227C : 05;
	227D : 05;
	227E : 05;
	227F : 05;
	2280 : 05;
	2281 : 05;
	2282 : 05;
	2283 : 05;
	2284 : 05;
	2285 : 05;
	2286 : 05;
	2287 : 00;
	2288 : 65;
	2289 : B1;
	228A : 00;
	228B : 00;
	228C : 25;
	228D : 05;
	228E : 25;
	228F : 05;
	2290 : 05;
	2291 : 05;
	2292 : 05;
	2293 : 05;
	2294 : 05;
	2295 : 25;
	2296 : 05;
	2297 : 05;
	2298 : 05;
	2299 : 05;
	229A : 05;
	229B : 05;
	229C : 05;
	229D : 25;
	229E : 25;
	229F : 00;
	22A0 : 00;
	22A1 : 00;
	22A2 : 00;
	22A3 : 25;
	22A4 : 00;
	22A5 : 05;
	22A6 : 04;
	22A7 : 05;
	22A8 : 05;
	22A9 : 05;
	22AA : 05;
	22AB : 05;
	22AC : 05;
	22AD : 05;
	22AE : 05;
	22AF : 05;
	22B0 : 05;
	22B1 : 05;
	22B2 : 05;
	22B3 : 05;
	22B4 : 05;
	22B5 : 00;
	22B6 : 00;
	22B7 : 05;
	22B8 : 05;
	22B9 : 05;
	22BA : 05;
	22BB : 05;
	22BC : 05;
	22BD : 05;
	22BE : 05;
	22BF : 05;
	22C0 : 05;
	22C1 : 05;
	22C2 : 05;
	22C3 : 05;
	22C4 : 05;
	22C5 : 05;
	22C6 : 05;
	22C7 : 00;
	22C8 : 8D;
	22C9 : 8D;
	22CA : 00;
	22CB : 04;
	22CC : 25;
	22CD : 05;
	22CE : 25;
	22CF : 05;
	22D0 : 05;
	22D1 : 05;
	22D2 : 05;
	22D3 : 05;
	22D4 : 05;
	22D5 : 25;
	22D6 : 05;
	22D7 : 05;
	22D8 : 05;
	22D9 : 05;
	22DA : 25;
	22DB : 25;
	22DC : 05;
	22DD : 05;
	22DE : 05;
	22DF : 00;
	22E0 : 00;
	22E1 : 00;
	22E2 : 00;
	22E3 : 05;
	22E4 : 05;
	22E5 : 05;
	22E6 : 05;
	22E7 : 05;
	22E8 : 05;
	22E9 : 05;
	22EA : 05;
	22EB : 05;
	22EC : 05;
	22ED : 05;
	22EE : 05;
	22EF : 01;
	22F0 : 05;
	22F1 : 01;
	22F2 : 05;
	22F3 : 05;
	22F4 : 04;
	22F5 : 00;
	22F6 : 00;
	22F7 : 05;
	22F8 : 05;
	22F9 : 04;
	22FA : 05;
	22FB : 05;
	22FC : 04;
	22FD : 05;
	22FE : 05;
	22FF : 05;
	2300 : 05;
	2301 : 05;
	2302 : 05;
	2303 : 05;
	2304 : 05;
	2305 : 05;
	2306 : 25;
	2307 : 6D;
	2308 : B2;
	2309 : 00;
	230A : 00;
	230B : 05;
	230C : 25;
	230D : 05;
	230E : 25;
	230F : 25;
	2310 : 05;
	2311 : 25;
	2312 : 05;
	2313 : 25;
	2314 : 25;
	2315 : 05;
	2316 : 05;
	2317 : 05;
	2318 : 05;
	2319 : 05;
	231A : 05;
	231B : 05;
	231C : 25;
	231D : 25;
	231E : 25;
	231F : 00;
	2320 : 00;
	2321 : 00;
	2322 : 00;
	2323 : 00;
	2324 : 05;
	2325 : 05;
	2326 : 05;
	2327 : 05;
	2328 : 05;
	2329 : 05;
	232A : 05;
	232B : 05;
	232C : 05;
	232D : 05;
	232E : 05;
	232F : 05;
	2330 : 05;
	2331 : 05;
	2332 : 05;
	2333 : 05;
	2334 : 05;
	2335 : 00;
	2336 : 00;
	2337 : 05;
	2338 : 05;
	2339 : 05;
	233A : 05;
	233B : 05;
	233C : 05;
	233D : 05;
	233E : 01;
	233F : 05;
	2340 : 00;
	2341 : 00;
	2342 : 25;
	2343 : 05;
	2344 : 05;
	2345 : 05;
	2346 : 00;
	2347 : B2;
	2348 : 8D;
	2349 : 25;
	234A : 00;
	234B : 04;
	234C : 25;
	234D : 05;
	234E : 05;
	234F : 05;
	2350 : 05;
	2351 : 25;
	2352 : 25;
	2353 : 25;
	2354 : 25;
	2355 : 25;
	2356 : 25;
	2357 : 05;
	2358 : 05;
	2359 : 05;
	235A : 25;
	235B : 05;
	235C : 25;
	235D : 25;
	235E : 25;
	235F : 00;
	2360 : 00;
	2361 : 00;
	2362 : 00;
	2363 : 25;
	2364 : 05;
	2365 : 05;
	2366 : 25;
	2367 : 25;
	2368 : 05;
	2369 : 05;
	236A : 05;
	236B : 05;
	236C : 05;
	236D : 05;
	236E : 05;
	236F : 05;
	2370 : 05;
	2371 : 05;
	2372 : 05;
	2373 : 05;
	2374 : 05;
	2375 : 00;
	2376 : 00;
	2377 : 25;
	2378 : 05;
	2379 : 05;
	237A : 05;
	237B : 05;
	237C : 05;
	237D : 05;
	237E : 05;
	237F : 05;
	2380 : B1;
	2381 : B2;
	2382 : 00;
	2383 : 25;
	2384 : 25;
	2385 : 25;
	2386 : 00;
	2387 : 91;
	2388 : 6D;
	2389 : 25;
	238A : 00;
	238B : 00;
	238C : 05;
	238D : 25;
	238E : 05;
	238F : 05;
	2390 : 05;
	2391 : 05;
	2392 : 25;
	2393 : 25;
	2394 : 05;
	2395 : 25;
	2396 : 25;
	2397 : 25;
	2398 : 25;
	2399 : 05;
	239A : 05;
	239B : 25;
	239C : 25;
	239D : 25;
	239E : 00;
	239F : 00;
	23A0 : 00;
	23A1 : 00;
	23A2 : 00;
	23A3 : 00;
	23A4 : 05;
	23A5 : 05;
	23A6 : 05;
	23A7 : 25;
	23A8 : 05;
	23A9 : 05;
	23AA : 05;
	23AB : 05;
	23AC : 05;
	23AD : 05;
	23AE : 04;
	23AF : 05;
	23B0 : 05;
	23B1 : 05;
	23B2 : 05;
	23B3 : 05;
	23B4 : 05;
	23B5 : 00;
	23B6 : 00;
	23B7 : 25;
	23B8 : 05;
	23B9 : 05;
	23BA : 05;
	23BB : 05;
	23BC : 04;
	23BD : 05;
	23BE : 05;
	23BF : 05;
	23C0 : FB;
	23C1 : D6;
	23C2 : 8D;
	23C3 : 6D;
	23C4 : 00;
	23C5 : 25;
	23C6 : B2;
	23C7 : 65;
	23C8 : 00;
	23C9 : 01;
	23CA : 00;
	23CB : 05;
	23CC : 05;
	23CD : 05;
	23CE : 05;
	23CF : 05;
	23D0 : 25;
	23D1 : 05;
	23D2 : 05;
	23D3 : 05;
	23D4 : 00;
	23D5 : 05;
	23D6 : 05;
	23D7 : 00;
	23D8 : 00;
	23D9 : 00;
	23DA : 00;
	23DB : 00;
	23DC : 00;
	23DD : 00;
	23DE : 05;
	23DF : 00;
	23E0 : 00;
	23E1 : 00;
	23E2 : 00;
	23E3 : 05;
	23E4 : 25;
	23E5 : 25;
	23E6 : 05;
	23E7 : 05;
	23E8 : 05;
	23E9 : 05;
	23EA : 05;
	23EB : 05;
	23EC : 05;
	23ED : 05;
	23EE : 05;
	23EF : 04;
	23F0 : 25;
	23F1 : 05;
	23F2 : 05;
	23F3 : 25;
	23F4 : 05;
	23F5 : 00;
	23F6 : 00;
	23F7 : 25;
	23F8 : 05;
	23F9 : 05;
	23FA : 04;
	23FB : 05;
	23FC : 05;
	23FD : 05;
	23FE : 01;
	23FF : 05;
	2400 : D6;
	2401 : D6;
	2402 : 8D;
	2403 : 8D;
	2404 : 6D;
	2405 : 6D;
	2406 : 25;
	2407 : 25;
	2408 : 25;
	2409 : 01;
	240A : 00;
	240B : 00;
	240C : 00;
	240D : 05;
	240E : 05;
	240F : 04;
	2410 : 04;
	2411 : 05;
	2412 : 05;
	2413 : 05;
	2414 : 05;
	2415 : 00;
	2416 : 00;
	2417 : 05;
	2418 : 05;
	2419 : 05;
	241A : 05;
	241B : 00;
	241C : 00;
	241D : 00;
	241E : 00;
	241F : 00;
	2420 : 00;
	2421 : 00;
	2422 : 04;
	2423 : 00;
	2424 : 25;
	2425 : 25;
	2426 : 05;
	2427 : 05;
	2428 : 05;
	2429 : 05;
	242A : 05;
	242B : 05;
	242C : 05;
	242D : 05;
	242E : 05;
	242F : 05;
	2430 : 25;
	2431 : 05;
	2432 : 05;
	2433 : 25;
	2434 : 00;
	2435 : 00;
	2436 : 00;
	2437 : 25;
	2438 : 05;
	2439 : 05;
	243A : 04;
	243B : 05;
	243C : 05;
	243D : 05;
	243E : 05;
	243F : 05;
	2440 : 91;
	2441 : B1;
	2442 : 6D;
	2443 : 6D;
	2444 : 25;
	2445 : 00;
	2446 : 00;
	2447 : 00;
	2448 : 00;
	2449 : 00;
	244A : 00;
	244B : 00;
	244C : 00;
	244D : 00;
	244E : 00;
	244F : 00;
	2450 : 00;
	2451 : 00;
	2452 : 00;
	2453 : 00;
	2454 : 00;
	2455 : 00;
	2456 : 00;
	2457 : 00;
	2458 : 00;
	2459 : 00;
	245A : 00;
	245B : 00;
	245C : 00;
	245D : 00;
	245E : 00;
	245F : 00;
	2460 : 00;
	2461 : 00;
	2462 : 00;
	2463 : 00;
	2464 : 00;
	2465 : 25;
	2466 : 05;
	2467 : 05;
	2468 : 05;
	2469 : 05;
	246A : 05;
	246B : 05;
	246C : 05;
	246D : 05;
	246E : 05;
	246F : 05;
	2470 : 05;
	2471 : 05;
	2472 : 05;
	2473 : 05;
	2474 : 00;
	2475 : 00;
	2476 : 00;
	2477 : 00;
	2478 : 00;
	2479 : 00;
	247A : 05;
	247B : 05;
	247C : 05;
	247D : 05;
	247E : 05;
	247F : 05;
	2480 : 91;
	2481 : B2;
	2482 : 6D;
	2483 : 25;
	2484 : 00;
	2485 : 00;
	2486 : 00;
	2487 : 00;
	2488 : 00;
	2489 : 00;
	248A : 00;
	248B : 00;
	248C : 00;
	248D : 00;
	248E : 00;
	248F : 00;
	2490 : 04;
	2491 : 00;
	2492 : 00;
	2493 : 05;
	2494 : 00;
	2495 : 25;
	2496 : 04;
	2497 : 05;
	2498 : 25;
	2499 : 25;
	249A : 05;
	249B : 25;
	249C : 25;
	249D : 05;
	249E : 05;
	249F : 05;
	24A0 : 04;
	24A1 : 00;
	24A2 : 00;
	24A3 : 00;
	24A4 : 05;
	24A5 : 00;
	24A6 : 25;
	24A7 : 05;
	24A8 : 05;
	24A9 : 05;
	24AA : 05;
	24AB : 05;
	24AC : 05;
	24AD : 05;
	24AE : 05;
	24AF : 05;
	24B0 : 05;
	24B1 : 05;
	24B2 : 01;
	24B3 : 25;
	24B4 : 00;
	24B5 : 00;
	24B6 : 00;
	24B7 : 00;
	24B8 : 25;
	24B9 : 00;
	24BA : 05;
	24BB : 05;
	24BC : 05;
	24BD : 05;
	24BE : 05;
	24BF : 05;
	24C0 : 6D;
	24C1 : 6D;
	24C2 : 00;
	24C3 : 00;
	24C4 : 25;
	24C5 : 20;
	24C6 : 00;
	24C7 : 65;
	24C8 : 65;
	24C9 : 00;
	24CA : 00;
	24CB : 00;
	24CC : 25;
	24CD : 05;
	24CE : 25;
	24CF : 05;
	24D0 : 25;
	24D1 : 25;
	24D2 : 05;
	24D3 : 05;
	24D4 : 00;
	24D5 : 05;
	24D6 : 05;
	24D7 : 25;
	24D8 : 05;
	24D9 : 05;
	24DA : 05;
	24DB : 25;
	24DC : 05;
	24DD : 05;
	24DE : 05;
	24DF : 25;
	24E0 : 25;
	24E1 : 05;
	24E2 : 00;
	24E3 : 00;
	24E4 : 05;
	24E5 : 05;
	24E6 : 25;
	24E7 : 05;
	24E8 : 05;
	24E9 : 05;
	24EA : 25;
	24EB : 05;
	24EC : 05;
	24ED : 05;
	24EE : 05;
	24EF : 05;
	24F0 : 05;
	24F1 : 05;
	24F2 : 04;
	24F3 : 25;
	24F4 : 00;
	24F5 : 00;
	24F6 : 00;
	24F7 : 00;
	24F8 : 25;
	24F9 : 01;
	24FA : 05;
	24FB : 05;
	24FC : 05;
	24FD : 05;
	24FE : 05;
	24FF : 05;
	2500 : 00;
	2501 : 00;
	2502 : 65;
	2503 : 00;
	2504 : 6D;
	2505 : 6D;
	2506 : 65;
	2507 : 00;
	2508 : 00;
	2509 : 00;
	250A : 25;
	250B : 24;
	250C : 25;
	250D : 00;
	250E : 25;
	250F : 05;
	2510 : 05;
	2511 : 00;
	2512 : 25;
	2513 : 00;
	2514 : 00;
	2515 : 05;
	2516 : 05;
	2517 : 05;
	2518 : 05;
	2519 : 05;
	251A : 05;
	251B : 05;
	251C : 05;
	251D : 25;
	251E : 25;
	251F : 05;
	2520 : 05;
	2521 : 05;
	2522 : 00;
	2523 : 00;
	2524 : 05;
	2525 : 05;
	2526 : 00;
	2527 : 05;
	2528 : 05;
	2529 : 05;
	252A : 05;
	252B : 05;
	252C : 05;
	252D : 05;
	252E : 05;
	252F : 00;
	2530 : 05;
	2531 : 05;
	2532 : 05;
	2533 : 05;
	2534 : 00;
	2535 : 00;
	2536 : 00;
	2537 : 00;
	2538 : 05;
	2539 : 05;
	253A : 00;
	253B : 04;
	253C : 05;
	253D : 05;
	253E : 05;
	253F : 05;
	2540 : 8D;
	2541 : 6D;
	2542 : 6D;
	2543 : 6D;
	2544 : 6D;
	2545 : 8D;
	2546 : 65;
	2547 : 00;
	2548 : 24;
	2549 : 25;
	254A : 65;
	254B : 6D;
	254C : 6D;
	254D : 00;
	254E : 00;
	254F : 00;
	2550 : 25;
	2551 : 05;
	2552 : 04;
	2553 : 25;
	2554 : 00;
	2555 : 05;
	2556 : 05;
	2557 : 05;
	2558 : 05;
	2559 : 25;
	255A : 05;
	255B : 25;
	255C : 25;
	255D : 05;
	255E : 05;
	255F : 05;
	2560 : 05;
	2561 : 25;
	2562 : 00;
	2563 : 00;
	2564 : 05;
	2565 : 05;
	2566 : 00;
	2567 : 25;
	2568 : 25;
	2569 : 05;
	256A : 05;
	256B : 05;
	256C : 05;
	256D : 05;
	256E : 05;
	256F : 05;
	2570 : 05;
	2571 : 25;
	2572 : 00;
	2573 : 00;
	2574 : 00;
	2575 : 05;
	2576 : 00;
	2577 : 05;
	2578 : 00;
	2579 : 00;
	257A : 05;
	257B : 25;
	257C : 05;
	257D : 25;
	257E : 05;
	257F : 00;
	2580 : 91;
	2581 : 91;
	2582 : 91;
	2583 : 24;
	2584 : 8D;
	2585 : 8D;
	2586 : 8D;
	2587 : 00;
	2588 : 25;
	2589 : 00;
	258A : 00;
	258B : 00;
	258C : 25;
	258D : 65;
	258E : 65;
	258F : 00;
	2590 : 00;
	2591 : 05;
	2592 : 05;
	2593 : 25;
	2594 : 00;
	2595 : 05;
	2596 : 25;
	2597 : 05;
	2598 : 05;
	2599 : 05;
	259A : 05;
	259B : 25;
	259C : 05;
	259D : 25;
	259E : 25;
	259F : 05;
	25A0 : 05;
	25A1 : 25;
	25A2 : 00;
	25A3 : 05;
	25A4 : 00;
	25A5 : 00;
	25A6 : 05;
	25A7 : 00;
	25A8 : 00;
	25A9 : 00;
	25AA : 00;
	25AB : 05;
	25AC : 05;
	25AD : 05;
	25AE : 00;
	25AF : 05;
	25B0 : 00;
	25B1 : 00;
	25B2 : 00;
	25B3 : 00;
	25B4 : 00;
	25B5 : 00;
	25B6 : 00;
	25B7 : 00;
	25B8 : 00;
	25B9 : 00;
	25BA : 00;
	25BB : 00;
	25BC : 00;
	25BD : 00;
	25BE : 00;
	25BF : 00;
	25C0 : 25;
	25C1 : 65;
	25C2 : 6D;
	25C3 : 8D;
	25C4 : 8D;
	25C5 : B2;
	25C6 : 8D;
	25C7 : 65;
	25C8 : 6D;
	25C9 : 00;
	25CA : 25;
	25CB : 25;
	25CC : 24;
	25CD : 00;
	25CE : 00;
	25CF : 65;
	25D0 : 65;
	25D1 : 6D;
	25D2 : 00;
	25D3 : 05;
	25D4 : 00;
	25D5 : 00;
	25D6 : 05;
	25D7 : 05;
	25D8 : 25;
	25D9 : 25;
	25DA : 25;
	25DB : 05;
	25DC : 25;
	25DD : 05;
	25DE : 25;
	25DF : 05;
	25E0 : 05;
	25E1 : 25;
	25E2 : 00;
	25E3 : 05;
	25E4 : 00;
	25E5 : 00;
	25E6 : 00;
	25E7 : 00;
	25E8 : 00;
	25E9 : 00;
	25EA : 00;
	25EB : 00;
	25EC : 00;
	25ED : 00;
	25EE : 00;
	25EF : 00;
	25F0 : 00;
	25F1 : 00;
	25F2 : 00;
	25F3 : 25;
	25F4 : 25;
	25F5 : 05;
	25F6 : 25;
	25F7 : 25;
	25F8 : 25;
	25F9 : 25;
	25FA : 00;
	25FB : 00;
	25FC : 00;
	25FD : 00;
	25FE : 00;
	25FF : 05;
	2600 : 91;
	2601 : 91;
	2602 : 91;
	2603 : B1;
	2604 : 91;
	2605 : 6D;
	2606 : 20;
	2607 : 00;
	2608 : 6D;
	2609 : 6D;
	260A : 24;
	260B : 01;
	260C : 05;
	260D : 24;
	260E : 24;
	260F : 00;
	2610 : 24;
	2611 : 6D;
	2612 : 6D;
	2613 : 00;
	2614 : 00;
	2615 : 00;
	2616 : 05;
	2617 : 05;
	2618 : 25;
	2619 : 25;
	261A : 25;
	261B : 25;
	261C : 25;
	261D : 05;
	261E : 05;
	261F : 05;
	2620 : 05;
	2621 : 25;
	2622 : 00;
	2623 : 00;
	2624 : 05;
	2625 : 00;
	2626 : 00;
	2627 : 05;
	2628 : 25;
	2629 : 25;
	262A : 05;
	262B : 25;
	262C : 25;
	262D : 25;
	262E : 00;
	262F : 05;
	2630 : 00;
	2631 : 05;
	2632 : 05;
	2633 : 05;
	2634 : 04;
	2635 : 05;
	2636 : 05;
	2637 : 05;
	2638 : 05;
	2639 : 05;
	263A : 25;
	263B : 04;
	263C : 00;
	263D : 00;
	263E : 00;
	263F : 05;
	2640 : FB;
	2641 : FB;
	2642 : D6;
	2643 : 8D;
	2644 : 65;
	2645 : 00;
	2646 : 00;
	2647 : 00;
	2648 : 00;
	2649 : 00;
	264A : 91;
	264B : B1;
	264C : 00;
	264D : 25;
	264E : 25;
	264F : 20;
	2650 : 25;
	2651 : 00;
	2652 : 65;
	2653 : 65;
	2654 : 00;
	2655 : 00;
	2656 : 05;
	2657 : 05;
	2658 : 05;
	2659 : 05;
	265A : 05;
	265B : 05;
	265C : 05;
	265D : 25;
	265E : 05;
	265F : 05;
	2660 : 05;
	2661 : 25;
	2662 : 00;
	2663 : 00;
	2664 : 00;
	2665 : 00;
	2666 : 25;
	2667 : 05;
	2668 : 25;
	2669 : 25;
	266A : 05;
	266B : 05;
	266C : 05;
	266D : 05;
	266E : 05;
	266F : 00;
	2670 : 05;
	2671 : 05;
	2672 : 05;
	2673 : 05;
	2674 : 05;
	2675 : 05;
	2676 : 05;
	2677 : 05;
	2678 : 05;
	2679 : 05;
	267A : 05;
	267B : 05;
	267C : 00;
	267D : 00;
	267E : 00;
	267F : 05;
	2680 : 00;
	2681 : 00;
	2682 : 00;
	2683 : 00;
	2684 : 25;
	2685 : 00;
	2686 : 8D;
	2687 : 00;
	2688 : 25;
	2689 : 24;
	268A : 25;
	268B : 00;
	268C : 64;
	268D : B2;
	268E : 00;
	268F : 25;
	2690 : 25;
	2691 : 24;
	2692 : 25;
	2693 : 24;
	2694 : 8D;
	2695 : 00;
	2696 : 05;
	2697 : 05;
	2698 : 25;
	2699 : 05;
	269A : 05;
	269B : 05;
	269C : 05;
	269D : 05;
	269E : 05;
	269F : 05;
	26A0 : 05;
	26A1 : 25;
	26A2 : 00;
	26A3 : 00;
	26A4 : 00;
	26A5 : 25;
	26A6 : 05;
	26A7 : 05;
	26A8 : 05;
	26A9 : 25;
	26AA : 25;
	26AB : 25;
	26AC : 05;
	26AD : 05;
	26AE : 05;
	26AF : 05;
	26B0 : 05;
	26B1 : 05;
	26B2 : 05;
	26B3 : 05;
	26B4 : 05;
	26B5 : 05;
	26B6 : 05;
	26B7 : 05;
	26B8 : 05;
	26B9 : 05;
	26BA : 05;
	26BB : 05;
	26BC : 05;
	26BD : 00;
	26BE : 00;
	26BF : 05;
	26C0 : 65;
	26C1 : 21;
	26C2 : 00;
	26C3 : 21;
	26C4 : 25;
	26C5 : 25;
	26C6 : 00;
	26C7 : B2;
	26C8 : 00;
	26C9 : 24;
	26CA : 25;
	26CB : 00;
	26CC : 00;
	26CD : B2;
	26CE : B2;
	26CF : 25;
	26D0 : 25;
	26D1 : 25;
	26D2 : 25;
	26D3 : 00;
	26D4 : 24;
	26D5 : 8D;
	26D6 : 00;
	26D7 : 25;
	26D8 : 25;
	26D9 : 25;
	26DA : 25;
	26DB : 05;
	26DC : 05;
	26DD : 05;
	26DE : 05;
	26DF : 05;
	26E0 : 05;
	26E1 : 05;
	26E2 : 00;
	26E3 : 05;
	26E4 : 25;
	26E5 : 25;
	26E6 : 05;
	26E7 : 25;
	26E8 : 05;
	26E9 : 25;
	26EA : 05;
	26EB : 05;
	26EC : 05;
	26ED : 05;
	26EE : 05;
	26EF : 05;
	26F0 : 05;
	26F1 : 05;
	26F2 : 05;
	26F3 : 05;
	26F4 : 05;
	26F5 : 04;
	26F6 : 05;
	26F7 : 05;
	26F8 : 04;
	26F9 : 05;
	26FA : 05;
	26FB : 05;
	26FC : 00;
	26FD : 00;
	26FE : 00;
	26FF : 05;
	2700 : 6D;
	2701 : 24;
	2702 : 25;
	2703 : 25;
	2704 : 25;
	2705 : 25;
	2706 : 25;
	2707 : 00;
	2708 : B1;
	2709 : 00;
	270A : 25;
	270B : 25;
	270C : 25;
	270D : 00;
	270E : 24;
	270F : B6;
	2710 : 00;
	2711 : 25;
	2712 : 25;
	2713 : 05;
	2714 : 00;
	2715 : 65;
	2716 : 20;
	2717 : 25;
	2718 : 25;
	2719 : 25;
	271A : 05;
	271B : 25;
	271C : 25;
	271D : 25;
	271E : 25;
	271F : 05;
	2720 : 05;
	2721 : 25;
	2722 : 00;
	2723 : 00;
	2724 : 25;
	2725 : 05;
	2726 : 25;
	2727 : 25;
	2728 : 25;
	2729 : 05;
	272A : 05;
	272B : 05;
	272C : 05;
	272D : 05;
	272E : 05;
	272F : 05;
	2730 : 05;
	2731 : 05;
	2732 : 05;
	2733 : 05;
	2734 : 05;
	2735 : 05;
	2736 : 05;
	2737 : 05;
	2738 : 05;
	2739 : 05;
	273A : 05;
	273B : 05;
	273C : 25;
	273D : 00;
	273E : 00;
	273F : 05;
	2740 : 6D;
	2741 : 24;
	2742 : 25;
	2743 : 25;
	2744 : 25;
	2745 : 25;
	2746 : 25;
	2747 : 24;
	2748 : 65;
	2749 : D6;
	274A : 20;
	274B : 25;
	274C : 25;
	274D : 00;
	274E : 25;
	274F : 65;
	2750 : 92;
	2751 : 00;
	2752 : 25;
	2753 : 00;
	2754 : 00;
	2755 : 00;
	2756 : 6D;
	2757 : 6D;
	2758 : 25;
	2759 : 25;
	275A : 25;
	275B : 05;
	275C : 25;
	275D : 25;
	275E : 25;
	275F : 05;
	2760 : 05;
	2761 : 25;
	2762 : 05;
	2763 : 00;
	2764 : 25;
	2765 : 05;
	2766 : 25;
	2767 : 25;
	2768 : 05;
	2769 : 05;
	276A : 05;
	276B : 05;
	276C : 05;
	276D : 05;
	276E : 05;
	276F : 05;
	2770 : 05;
	2771 : 05;
	2772 : 05;
	2773 : 05;
	2774 : 05;
	2775 : 05;
	2776 : 05;
	2777 : 05;
	2778 : 05;
	2779 : 05;
	277A : 05;
	277B : 05;
	277C : 25;
	277D : 00;
	277E : 00;
	277F : 05;
	2780 : 6D;
	2781 : 24;
	2782 : 24;
	2783 : 25;
	2784 : 25;
	2785 : 25;
	2786 : 25;
	2787 : 25;
	2788 : 00;
	2789 : B1;
	278A : 00;
	278B : 25;
	278C : 25;
	278D : 25;
	278E : 25;
	278F : 00;
	2790 : B6;
	2791 : D7;
	2792 : 25;
	2793 : 25;
	2794 : 00;
	2795 : 01;
	2796 : 65;
	2797 : 92;
	2798 : 25;
	2799 : 25;
	279A : 25;
	279B : 25;
	279C : 05;
	279D : 05;
	279E : 25;
	279F : 25;
	27A0 : 05;
	27A1 : 25;
	27A2 : 00;
	27A3 : 00;
	27A4 : 25;
	27A5 : 05;
	27A6 : 25;
	27A7 : 05;
	27A8 : 05;
	27A9 : 25;
	27AA : 05;
	27AB : 05;
	27AC : 05;
	27AD : 05;
	27AE : 05;
	27AF : 05;
	27B0 : 05;
	27B1 : 05;
	27B2 : 05;
	27B3 : 05;
	27B4 : 05;
	27B5 : 05;
	27B6 : 05;
	27B7 : 05;
	27B8 : 05;
	27B9 : 05;
	27BA : 05;
	27BB : 05;
	27BC : 25;
	27BD : 00;
	27BE : 00;
	27BF : 05;
	27C0 : B2;
	27C1 : 21;
	27C2 : 25;
	27C3 : 25;
	27C4 : 25;
	27C5 : 25;
	27C6 : 25;
	27C7 : 25;
	27C8 : 00;
	27C9 : 00;
	27CA : DB;
	27CB : 00;
	27CC : 25;
	27CD : 25;
	27CE : 25;
	27CF : 25;
	27D0 : 00;
	27D1 : 64;
	27D2 : B6;
	27D3 : 20;
	27D4 : 20;
	27D5 : 25;
	27D6 : 00;
	27D7 : 24;
	27D8 : 00;
	27D9 : 25;
	27DA : 25;
	27DB : 25;
	27DC : 25;
	27DD : 25;
	27DE : 25;
	27DF : 25;
	27E0 : 25;
	27E1 : 25;
	27E2 : 00;
	27E3 : 00;
	27E4 : 05;
	27E5 : 25;
	27E6 : 05;
	27E7 : 05;
	27E8 : 05;
	27E9 : 05;
	27EA : 25;
	27EB : 25;
	27EC : 05;
	27ED : 05;
	27EE : 05;
	27EF : 05;
	27F0 : 05;
	27F1 : 05;
	27F2 : 05;
	27F3 : 05;
	27F4 : 05;
	27F5 : 05;
	27F6 : 05;
	27F7 : 05;
	27F8 : 05;
	27F9 : 05;
	27FA : 05;
	27FB : 05;
	27FC : 25;
	27FD : 00;
	27FE : 00;
	27FF : 25;
	2800 : D6;
	2801 : 25;
	2802 : 25;
	2803 : 25;
	2804 : 25;
	2805 : 25;
	2806 : 25;
	2807 : 25;
	2808 : 25;
	2809 : 25;
	280A : 91;
	280B : 6D;
	280C : 25;
	280D : 25;
	280E : 25;
	280F : 25;
	2810 : 25;
	2811 : 00;
	2812 : B2;
	2813 : 00;
	2814 : 25;
	2815 : 01;
	2816 : 25;
	2817 : 00;
	2818 : 8D;
	2819 : 05;
	281A : 25;
	281B : 25;
	281C : 25;
	281D : 25;
	281E : 25;
	281F : 25;
	2820 : 25;
	2821 : 05;
	2822 : 00;
	2823 : 00;
	2824 : 05;
	2825 : 05;
	2826 : 05;
	2827 : 25;
	2828 : 05;
	2829 : 25;
	282A : 05;
	282B : 25;
	282C : 05;
	282D : 05;
	282E : 05;
	282F : 05;
	2830 : 05;
	2831 : 05;
	2832 : 05;
	2833 : 05;
	2834 : 05;
	2835 : 05;
	2836 : 05;
	2837 : 05;
	2838 : 05;
	2839 : 05;
	283A : 05;
	283B : 05;
	283C : 05;
	283D : 00;
	283E : 00;
	283F : 00;
	2840 : D6;
	2841 : 25;
	2842 : 25;
	2843 : 25;
	2844 : 25;
	2845 : 25;
	2846 : 25;
	2847 : 25;
	2848 : 25;
	2849 : 25;
	284A : 00;
	284B : B6;
	284C : 00;
	284D : 25;
	284E : 25;
	284F : 00;
	2850 : 25;
	2851 : 25;
	2852 : 00;
	2853 : 8D;
	2854 : 00;
	2855 : 25;
	2856 : 25;
	2857 : 25;
	2858 : 6D;
	2859 : 24;
	285A : 25;
	285B : 25;
	285C : 25;
	285D : 25;
	285E : 25;
	285F : 25;
	2860 : 25;
	2861 : 25;
	2862 : 00;
	2863 : 00;
	2864 : 25;
	2865 : 05;
	2866 : 25;
	2867 : 05;
	2868 : 25;
	2869 : 25;
	286A : 05;
	286B : 25;
	286C : 05;
	286D : 05;
	286E : 05;
	286F : 05;
	2870 : 05;
	2871 : 05;
	2872 : 05;
	2873 : 05;
	2874 : 05;
	2875 : 05;
	2876 : 05;
	2877 : 05;
	2878 : 05;
	2879 : 05;
	287A : 05;
	287B : 05;
	287C : 25;
	287D : 00;
	287E : 00;
	287F : 05;
	2880 : D6;
	2881 : 26;
	2882 : 67;
	2883 : 26;
	2884 : 26;
	2885 : 25;
	2886 : 25;
	2887 : 25;
	2888 : 25;
	2889 : 25;
	288A : 25;
	288B : 91;
	288C : DB;
	288D : 25;
	288E : 25;
	288F : 25;
	2890 : 25;
	2891 : 00;
	2892 : 25;
	2893 : 8E;
	2894 : B2;
	2895 : 25;
	2896 : 25;
	2897 : 00;
	2898 : 00;
	2899 : 8D;
	289A : 00;
	289B : 25;
	289C : 25;
	289D : 25;
	289E : 25;
	289F : 25;
	28A0 : 25;
	28A1 : 25;
	28A2 : 00;
	28A3 : 00;
	28A4 : 25;
	28A5 : 25;
	28A6 : 25;
	28A7 : 25;
	28A8 : 05;
	28A9 : 25;
	28AA : 25;
	28AB : 05;
	28AC : 05;
	28AD : 05;
	28AE : 05;
	28AF : 05;
	28B0 : 05;
	28B1 : 05;
	28B2 : 05;
	28B3 : 05;
	28B4 : 05;
	28B5 : 05;
	28B6 : 25;
	28B7 : 25;
	28B8 : 05;
	28B9 : 05;
	28BA : 05;
	28BB : 05;
	28BC : 25;
	28BD : 05;
	28BE : 00;
	28BF : 00;
	28C0 : D6;
	28C1 : 26;
	28C2 : 27;
	28C3 : 27;
	28C4 : 67;
	28C5 : 67;
	28C6 : 26;
	28C7 : 26;
	28C8 : 25;
	28C9 : 25;
	28CA : 25;
	28CB : 25;
	28CC : FB;
	28CD : 20;
	28CE : 25;
	28CF : 25;
	28D0 : 25;
	28D1 : 25;
	28D2 : 25;
	28D3 : 8E;
	28D4 : 92;
	28D5 : 25;
	28D6 : 25;
	28D7 : 25;
	28D8 : 00;
	28D9 : 8D;
	28DA : 00;
	28DB : 25;
	28DC : 25;
	28DD : 25;
	28DE : 25;
	28DF : 25;
	28E0 : 25;
	28E1 : 25;
	28E2 : 00;
	28E3 : 01;
	28E4 : 25;
	28E5 : 05;
	28E6 : 25;
	28E7 : 25;
	28E8 : 05;
	28E9 : 05;
	28EA : 25;
	28EB : 25;
	28EC : 25;
	28ED : 25;
	28EE : 05;
	28EF : 05;
	28F0 : 05;
	28F1 : 05;
	28F2 : 05;
	28F3 : 05;
	28F4 : 05;
	28F5 : 05;
	28F6 : 25;
	28F7 : 25;
	28F8 : 05;
	28F9 : 05;
	28FA : 05;
	28FB : 05;
	28FC : 05;
	28FD : 05;
	28FE : 00;
	28FF : 05;
	2900 : D6;
	2901 : 8F;
	2902 : 93;
	2903 : 93;
	2904 : 93;
	2905 : 93;
	2906 : 6F;
	2907 : 67;
	2908 : 66;
	2909 : 25;
	290A : 25;
	290B : 00;
	290C : 65;
	290D : 00;
	290E : 25;
	290F : 25;
	2910 : 25;
	2911 : 25;
	2912 : 25;
	2913 : 00;
	2914 : 65;
	2915 : 00;
	2916 : 25;
	2917 : 25;
	2918 : 00;
	2919 : 6D;
	291A : 00;
	291B : 25;
	291C : 25;
	291D : 25;
	291E : 25;
	291F : 05;
	2920 : 25;
	2921 : 01;
	2922 : 00;
	2923 : 00;
	2924 : 25;
	2925 : 25;
	2926 : 25;
	2927 : 25;
	2928 : 25;
	2929 : 05;
	292A : 05;
	292B : 05;
	292C : 25;
	292D : 25;
	292E : 05;
	292F : 05;
	2930 : 05;
	2931 : 05;
	2932 : 05;
	2933 : 05;
	2934 : 05;
	2935 : 05;
	2936 : 05;
	2937 : 05;
	2938 : 05;
	2939 : 05;
	293A : 05;
	293B : 05;
	293C : 25;
	293D : 05;
	293E : 00;
	293F : 05;
	2940 : D6;
	2941 : 93;
	2942 : B3;
	2943 : B7;
	2944 : B3;
	2945 : B3;
	2946 : 93;
	2947 : 93;
	2948 : 8F;
	2949 : 67;
	294A : 26;
	294B : 26;
	294C : 00;
	294D : DB;
	294E : 00;
	294F : 21;
	2950 : 25;
	2951 : 21;
	2952 : 01;
	2953 : 00;
	2954 : 00;
	2955 : 6D;
	2956 : 25;
	2957 : 25;
	2958 : 25;
	2959 : 6D;
	295A : 8D;
	295B : 05;
	295C : 01;
	295D : 25;
	295E : 25;
	295F : 25;
	2960 : 01;
	2961 : 25;
	2962 : 01;
	2963 : 00;
	2964 : 25;
	2965 : 25;
	2966 : 05;
	2967 : 25;
	2968 : 05;
	2969 : 05;
	296A : 05;
	296B : 25;
	296C : 05;
	296D : 05;
	296E : 25;
	296F : 25;
	2970 : 05;
	2971 : 05;
	2972 : 05;
	2973 : 05;
	2974 : 05;
	2975 : 05;
	2976 : 05;
	2977 : 05;
	2978 : 05;
	2979 : 05;
	297A : 05;
	297B : 05;
	297C : 05;
	297D : 00;
	297E : 00;
	297F : 00;
	2980 : D6;
	2981 : 93;
	2982 : B3;
	2983 : B3;
	2984 : B3;
	2985 : B7;
	2986 : B7;
	2987 : B7;
	2988 : B3;
	2989 : 93;
	298A : 67;
	298B : 66;
	298C : 66;
	298D : FF;
	298E : 8D;
	298F : 25;
	2990 : 21;
	2991 : 25;
	2992 : 25;
	2993 : 20;
	2994 : 00;
	2995 : B2;
	2996 : 25;
	2997 : 00;
	2998 : 25;
	2999 : 65;
	299A : 8D;
	299B : 05;
	299C : 25;
	299D : 25;
	299E : 01;
	299F : 01;
	29A0 : 25;
	29A1 : 25;
	29A2 : 01;
	29A3 : 01;
	29A4 : 05;
	29A5 : 25;
	29A6 : 25;
	29A7 : 25;
	29A8 : 25;
	29A9 : 05;
	29AA : 25;
	29AB : 05;
	29AC : 25;
	29AD : 25;
	29AE : 25;
	29AF : 25;
	29B0 : 25;
	29B1 : 25;
	29B2 : 05;
	29B3 : 05;
	29B4 : 05;
	29B5 : 05;
	29B6 : 05;
	29B7 : 05;
	29B8 : 05;
	29B9 : 05;
	29BA : 05;
	29BB : 05;
	29BC : 25;
	29BD : 05;
	29BE : 00;
	29BF : 05;
	29C0 : D6;
	29C1 : B3;
	29C2 : B7;
	29C3 : B7;
	29C4 : B7;
	29C5 : B7;
	29C6 : B7;
	29C7 : B7;
	29C8 : B7;
	29C9 : B7;
	29CA : B3;
	29CB : 67;
	29CC : 67;
	29CD : B6;
	29CE : FB;
	29CF : 25;
	29D0 : 25;
	29D1 : 25;
	29D2 : 25;
	29D3 : 25;
	29D4 : 25;
	29D5 : 8D;
	29D6 : 00;
	29D7 : 25;
	29D8 : 25;
	29D9 : 00;
	29DA : 8D;
	29DB : 25;
	29DC : 25;
	29DD : 25;
	29DE : 25;
	29DF : 25;
	29E0 : 05;
	29E1 : 25;
	29E2 : 01;
	29E3 : 00;
	29E4 : 25;
	29E5 : 25;
	29E6 : 25;
	29E7 : 25;
	29E8 : 25;
	29E9 : 25;
	29EA : 25;
	29EB : 25;
	29EC : 25;
	29ED : 25;
	29EE : 05;
	29EF : 25;
	29F0 : 05;
	29F1 : 05;
	29F2 : 05;
	29F3 : 05;
	29F4 : 05;
	29F5 : 05;
	29F6 : 05;
	29F7 : 05;
	29F8 : 05;
	29F9 : 05;
	29FA : 05;
	29FB : 25;
	29FC : 05;
	29FD : 05;
	29FE : 00;
	29FF : 05;
	2A00 : D6;
	2A01 : B7;
	2A02 : B7;
	2A03 : B7;
	2A04 : B7;
	2A05 : B7;
	2A06 : B7;
	2A07 : B7;
	2A08 : B7;
	2A09 : B7;
	2A0A : B7;
	2A0B : 93;
	2A0C : 93;
	2A0D : 65;
	2A0E : FB;
	2A0F : 21;
	2A10 : 25;
	2A11 : 25;
	2A12 : 25;
	2A13 : 21;
	2A14 : 25;
	2A15 : 24;
	2A16 : 00;
	2A17 : 25;
	2A18 : 00;
	2A19 : 00;
	2A1A : 8D;
	2A1B : 65;
	2A1C : 25;
	2A1D : 25;
	2A1E : 25;
	2A1F : 25;
	2A20 : 25;
	2A21 : 25;
	2A22 : 00;
	2A23 : 00;
	2A24 : 01;
	2A25 : 25;
	2A26 : 25;
	2A27 : 25;
	2A28 : 25;
	2A29 : 25;
	2A2A : 25;
	2A2B : 25;
	2A2C : 25;
	2A2D : 05;
	2A2E : 05;
	2A2F : 05;
	2A30 : 05;
	2A31 : 05;
	2A32 : 05;
	2A33 : 05;
	2A34 : 05;
	2A35 : 05;
	2A36 : 05;
	2A37 : 05;
	2A38 : 05;
	2A39 : 05;
	2A3A : 05;
	2A3B : 25;
	2A3C : 05;
	2A3D : 05;
	2A3E : 00;
	2A3F : 05;
	2A40 : FB;
	2A41 : B7;
	2A42 : B7;
	2A43 : B7;
	2A44 : B7;
	2A45 : B7;
	2A46 : B7;
	2A47 : B7;
	2A48 : B7;
	2A49 : B7;
	2A4A : B7;
	2A4B : B3;
	2A4C : B3;
	2A4D : 00;
	2A4E : B6;
	2A4F : 00;
	2A50 : 25;
	2A51 : 25;
	2A52 : 25;
	2A53 : 25;
	2A54 : 25;
	2A55 : 65;
	2A56 : 00;
	2A57 : 25;
	2A58 : 00;
	2A59 : 00;
	2A5A : 6D;
	2A5B : 6D;
	2A5C : 25;
	2A5D : 25;
	2A5E : 25;
	2A5F : 25;
	2A60 : 25;
	2A61 : 25;
	2A62 : 00;
	2A63 : 00;
	2A64 : 01;
	2A65 : 25;
	2A66 : 25;
	2A67 : 25;
	2A68 : 25;
	2A69 : 25;
	2A6A : 25;
	2A6B : 25;
	2A6C : 25;
	2A6D : 25;
	2A6E : 05;
	2A6F : 05;
	2A70 : 05;
	2A71 : 05;
	2A72 : 05;
	2A73 : 05;
	2A74 : 05;
	2A75 : 05;
	2A76 : 25;
	2A77 : 05;
	2A78 : 05;
	2A79 : 05;
	2A7A : 05;
	2A7B : 05;
	2A7C : 25;
	2A7D : 00;
	2A7E : 00;
	2A7F : 25;
	2A80 : FB;
	2A81 : B7;
	2A82 : B7;
	2A83 : B7;
	2A84 : B7;
	2A85 : B7;
	2A86 : B7;
	2A87 : B7;
	2A88 : B7;
	2A89 : B7;
	2A8A : B7;
	2A8B : B7;
	2A8C : B7;
	2A8D : 66;
	2A8E : 20;
	2A8F : 00;
	2A90 : 26;
	2A91 : 01;
	2A92 : 25;
	2A93 : 25;
	2A94 : 25;
	2A95 : 00;
	2A96 : 8D;
	2A97 : 00;
	2A98 : 00;
	2A99 : 20;
	2A9A : 6D;
	2A9B : 8D;
	2A9C : 25;
	2A9D : 25;
	2A9E : 25;
	2A9F : 25;
	2AA0 : 25;
	2AA1 : 25;
	2AA2 : 00;
	2AA3 : 00;
	2AA4 : 25;
	2AA5 : 05;
	2AA6 : 25;
	2AA7 : 25;
	2AA8 : 25;
	2AA9 : 25;
	2AAA : 25;
	2AAB : 25;
	2AAC : 25;
	2AAD : 25;
	2AAE : 25;
	2AAF : 25;
	2AB0 : 25;
	2AB1 : 25;
	2AB2 : 05;
	2AB3 : 25;
	2AB4 : 25;
	2AB5 : 05;
	2AB6 : 05;
	2AB7 : 05;
	2AB8 : 05;
	2AB9 : 05;
	2ABA : 05;
	2ABB : 25;
	2ABC : 00;
	2ABD : 00;
	2ABE : 00;
	2ABF : 04;
	2AC0 : FB;
	2AC1 : B7;
	2AC2 : B7;
	2AC3 : B7;
	2AC4 : B7;
	2AC5 : B7;
	2AC6 : B7;
	2AC7 : B7;
	2AC8 : B7;
	2AC9 : B7;
	2ACA : B7;
	2ACB : B7;
	2ACC : B3;
	2ACD : 93;
	2ACE : 00;
	2ACF : B6;
	2AD0 : 25;
	2AD1 : 21;
	2AD2 : 25;
	2AD3 : 25;
	2AD4 : 25;
	2AD5 : 00;
	2AD6 : 8D;
	2AD7 : 00;
	2AD8 : 00;
	2AD9 : 00;
	2ADA : 24;
	2ADB : 8D;
	2ADC : 25;
	2ADD : 25;
	2ADE : 25;
	2ADF : 25;
	2AE0 : 25;
	2AE1 : 25;
	2AE2 : 00;
	2AE3 : 00;
	2AE4 : 25;
	2AE5 : 25;
	2AE6 : 01;
	2AE7 : 25;
	2AE8 : 26;
	2AE9 : 25;
	2AEA : 25;
	2AEB : 25;
	2AEC : 25;
	2AED : 25;
	2AEE : 05;
	2AEF : 05;
	2AF0 : 25;
	2AF1 : 25;
	2AF2 : 05;
	2AF3 : 25;
	2AF4 : 05;
	2AF5 : 05;
	2AF6 : 05;
	2AF7 : 25;
	2AF8 : 25;
	2AF9 : 25;
	2AFA : 05;
	2AFB : 00;
	2AFC : 00;
	2AFD : 01;
	2AFE : 00;
	2AFF : 25;
	2B00 : FB;
	2B01 : B7;
	2B02 : B7;
	2B03 : B7;
	2B04 : B7;
	2B05 : B7;
	2B06 : B7;
	2B07 : B7;
	2B08 : B7;
	2B09 : B7;
	2B0A : B7;
	2B0B : B7;
	2B0C : B7;
	2B0D : B3;
	2B0E : 00;
	2B0F : D6;
	2B10 : 26;
	2B11 : 21;
	2B12 : 25;
	2B13 : 25;
	2B14 : 25;
	2B15 : 00;
	2B16 : 8D;
	2B17 : 00;
	2B18 : 21;
	2B19 : 00;
	2B1A : 65;
	2B1B : 8D;
	2B1C : 26;
	2B1D : 25;
	2B1E : 25;
	2B1F : 25;
	2B20 : 25;
	2B21 : 25;
	2B22 : 00;
	2B23 : 00;
	2B24 : 25;
	2B25 : 25;
	2B26 : 05;
	2B27 : 00;
	2B28 : 01;
	2B29 : 01;
	2B2A : 00;
	2B2B : 25;
	2B2C : 05;
	2B2D : 01;
	2B2E : 25;
	2B2F : 05;
	2B30 : 05;
	2B31 : 25;
	2B32 : 25;
	2B33 : 25;
	2B34 : 05;
	2B35 : 00;
	2B36 : 05;
	2B37 : 05;
	2B38 : 05;
	2B39 : 00;
	2B3A : 00;
	2B3B : 05;
	2B3C : 05;
	2B3D : 05;
	2B3E : 00;
	2B3F : 04;
	2B40 : FB;
	2B41 : 93;
	2B42 : D7;
	2B43 : B7;
	2B44 : BB;
	2B45 : DB;
	2B46 : DB;
	2B47 : DB;
	2B48 : DB;
	2B49 : DB;
	2B4A : B7;
	2B4B : B7;
	2B4C : B7;
	2B4D : B7;
	2B4E : 00;
	2B4F : D6;
	2B50 : 21;
	2B51 : 21;
	2B52 : 25;
	2B53 : 25;
	2B54 : 25;
	2B55 : 00;
	2B56 : 8D;
	2B57 : 00;
	2B58 : 25;
	2B59 : 20;
	2B5A : 8D;
	2B5B : 6D;
	2B5C : 26;
	2B5D : 25;
	2B5E : 25;
	2B5F : 26;
	2B60 : 26;
	2B61 : 25;
	2B62 : 21;
	2B63 : 00;
	2B64 : 01;
	2B65 : 01;
	2B66 : 25;
	2B67 : 25;
	2B68 : 25;
	2B69 : 25;
	2B6A : 01;
	2B6B : 05;
	2B6C : 05;
	2B6D : 00;
	2B6E : 00;
	2B6F : 05;
	2B70 : 05;
	2B71 : 05;
	2B72 : 05;
	2B73 : 00;
	2B74 : 00;
	2B75 : 00;
	2B76 : 00;
	2B77 : 00;
	2B78 : 00;
	2B79 : 00;
	2B7A : 00;
	2B7B : 00;
	2B7C : 00;
	2B7D : 00;
	2B7E : 00;
	2B7F : 00;
	2B80 : B2;
	2B81 : B7;
	2B82 : DB;
	2B83 : DB;
	2B84 : DB;
	2B85 : DB;
	2B86 : DB;
	2B87 : DB;
	2B88 : DF;
	2B89 : DF;
	2B8A : DB;
	2B8B : B7;
	2B8C : B7;
	2B8D : B7;
	2B8E : D7;
	2B8F : B1;
	2B90 : 00;
	2B91 : 26;
	2B92 : 26;
	2B93 : 25;
	2B94 : 25;
	2B95 : 00;
	2B96 : 8D;
	2B97 : 00;
	2B98 : 25;
	2B99 : 20;
	2B9A : B6;
	2B9B : 6D;
	2B9C : 25;
	2B9D : 26;
	2B9E : 26;
	2B9F : 26;
	2BA0 : 25;
	2BA1 : 01;
	2BA2 : 21;
	2BA3 : 00;
	2BA4 : 25;
	2BA5 : 01;
	2BA6 : 01;
	2BA7 : 01;
	2BA8 : 01;
	2BA9 : 01;
	2BAA : 01;
	2BAB : 00;
	2BAC : 00;
	2BAD : 00;
	2BAE : 01;
	2BAF : 00;
	2BB0 : 00;
	2BB1 : 00;
	2BB2 : 00;
	2BB3 : 00;
	2BB4 : 00;
	2BB5 : 00;
	2BB6 : 00;
	2BB7 : 00;
	2BB8 : 00;
	2BB9 : 00;
	2BBA : 00;
	2BBB : 00;
	2BBC : 00;
	2BBD : 00;
	2BBE : 00;
	2BBF : 00;
	2BC0 : B2;
	2BC1 : B7;
	2BC2 : DB;
	2BC3 : DB;
	2BC4 : DB;
	2BC5 : DF;
	2BC6 : DF;
	2BC7 : FF;
	2BC8 : FF;
	2BC9 : FF;
	2BCA : 6F;
	2BCB : DB;
	2BCC : DB;
	2BCD : B7;
	2BCE : B7;
	2BCF : B2;
	2BD0 : 00;
	2BD1 : 26;
	2BD2 : 26;
	2BD3 : 25;
	2BD4 : 26;
	2BD5 : 00;
	2BD6 : 8D;
	2BD7 : 00;
	2BD8 : 25;
	2BD9 : 92;
	2BDA : 6D;
	2BDB : 00;
	2BDC : 25;
	2BDD : 26;
	2BDE : 26;
	2BDF : 26;
	2BE0 : 26;
	2BE1 : 01;
	2BE2 : 21;
	2BE3 : 00;
	2BE4 : 00;
	2BE5 : 25;
	2BE6 : 01;
	2BE7 : 01;
	2BE8 : 01;
	2BE9 : 01;
	2BEA : 01;
	2BEB : 01;
	2BEC : 05;
	2BED : 00;
	2BEE : 05;
	2BEF : 01;
	2BF0 : 05;
	2BF1 : 00;
	2BF2 : 00;
	2BF3 : 00;
	2BF4 : 00;
	2BF5 : 00;
	2BF6 : 00;
	2BF7 : 00;
	2BF8 : 00;
	2BF9 : 00;
	2BFA : 05;
	2BFB : 05;
	2BFC : 05;
	2BFD : 25;
	2BFE : 25;
	2BFF : 25;
	2C00 : D6;
	2C01 : B7;
	2C02 : DB;
	2C03 : DF;
	2C04 : FF;
	2C05 : FF;
	2C06 : FF;
	2C07 : FF;
	2C08 : 93;
	2C09 : 6F;
	2C0A : 6F;
	2C0B : DF;
	2C0C : DB;
	2C0D : B7;
	2C0E : B7;
	2C0F : B6;
	2C10 : 00;
	2C11 : 26;
	2C12 : 26;
	2C13 : 25;
	2C14 : 25;
	2C15 : 00;
	2C16 : 8D;
	2C17 : 00;
	2C18 : 00;
	2C19 : 8D;
	2C1A : 6D;
	2C1B : 20;
	2C1C : 26;
	2C1D : 26;
	2C1E : 26;
	2C1F : 26;
	2C20 : 26;
	2C21 : 26;
	2C22 : 25;
	2C23 : 00;
	2C24 : 01;
	2C25 : 25;
	2C26 : 01;
	2C27 : 25;
	2C28 : 25;
	2C29 : 25;
	2C2A : 25;
	2C2B : 25;
	2C2C : 25;
	2C2D : 25;
	2C2E : 25;
	2C2F : 05;
	2C30 : 25;
	2C31 : 05;
	2C32 : 05;
	2C33 : 05;
	2C34 : 25;
	2C35 : 25;
	2C36 : 00;
	2C37 : 00;
	2C38 : 00;
	2C39 : 00;
	2C3A : 04;
	2C3B : 25;
	2C3C : 05;
	2C3D : 05;
	2C3E : 05;
	2C3F : 05;
	2C40 : 92;
	2C41 : B7;
	2C42 : DF;
	2C43 : FF;
	2C44 : FF;
	2C45 : B7;
	2C46 : 93;
	2C47 : 93;
	2C48 : 93;
	2C49 : 93;
	2C4A : 6F;
	2C4B : DF;
	2C4C : DB;
	2C4D : B7;
	2C4E : B7;
	2C4F : 8D;
	2C50 : 00;
	2C51 : 26;
	2C52 : 26;
	2C53 : 25;
	2C54 : 26;
	2C55 : 00;
	2C56 : 8D;
	2C57 : 00;
	2C58 : D6;
	2C59 : 6D;
	2C5A : 6D;
	2C5B : 6D;
	2C5C : 26;
	2C5D : 26;
	2C5E : 26;
	2C5F : 26;
	2C60 : 22;
	2C61 : 00;
	2C62 : 25;
	2C63 : 00;
	2C64 : 01;
	2C65 : 21;
	2C66 : 26;
	2C67 : 25;
	2C68 : 25;
	2C69 : 25;
	2C6A : 25;
	2C6B : 25;
	2C6C : 25;
	2C6D : 25;
	2C6E : 25;
	2C6F : 25;
	2C70 : 25;
	2C71 : 05;
	2C72 : 25;
	2C73 : 05;
	2C74 : 05;
	2C75 : 05;
	2C76 : 05;
	2C77 : 05;
	2C78 : 00;
	2C79 : 00;
	2C7A : 25;
	2C7B : 05;
	2C7C : 05;
	2C7D : 05;
	2C7E : 05;
	2C7F : 05;
	2C80 : 8D;
	2C81 : DB;
	2C82 : DF;
	2C83 : FF;
	2C84 : FF;
	2C85 : DF;
	2C86 : DB;
	2C87 : DF;
	2C88 : B7;
	2C89 : 93;
	2C8A : 93;
	2C8B : DF;
	2C8C : DB;
	2C8D : B7;
	2C8E : B7;
	2C8F : 6D;
	2C90 : 00;
	2C91 : 26;
	2C92 : 26;
	2C93 : 21;
	2C94 : 26;
	2C95 : 00;
	2C96 : 24;
	2C97 : 8D;
	2C98 : 6D;
	2C99 : 24;
	2C9A : 00;
	2C9B : 6D;
	2C9C : 26;
	2C9D : 26;
	2C9E : 26;
	2C9F : 26;
	2CA0 : 26;
	2CA1 : 01;
	2CA2 : 25;
	2CA3 : 00;
	2CA4 : 25;
	2CA5 : 01;
	2CA6 : 26;
	2CA7 : 25;
	2CA8 : 25;
	2CA9 : 25;
	2CAA : 25;
	2CAB : 25;
	2CAC : 25;
	2CAD : 25;
	2CAE : 25;
	2CAF : 25;
	2CB0 : 25;
	2CB1 : 25;
	2CB2 : 25;
	2CB3 : 25;
	2CB4 : 05;
	2CB5 : 05;
	2CB6 : 05;
	2CB7 : 25;
	2CB8 : 00;
	2CB9 : 00;
	2CBA : 25;
	2CBB : 05;
	2CBC : 05;
	2CBD : 05;
	2CBE : 05;
	2CBF : 05;
	2CC0 : 8D;
	2CC1 : DB;
	2CC2 : FF;
	2CC3 : 93;
	2CC4 : B7;
	2CC5 : FF;
	2CC6 : FF;
	2CC7 : FF;
	2CC8 : DB;
	2CC9 : B7;
	2CCA : 93;
	2CCB : DF;
	2CCC : DB;
	2CCD : B7;
	2CCE : B7;
	2CCF : 6D;
	2CD0 : 00;
	2CD1 : 26;
	2CD2 : 26;
	2CD3 : 21;
	2CD4 : 26;
	2CD5 : 00;
	2CD6 : B6;
	2CD7 : 6D;
	2CD8 : 6D;
	2CD9 : 20;
	2CDA : 20;
	2CDB : 65;
	2CDC : 26;
	2CDD : 26;
	2CDE : 26;
	2CDF : 26;
	2CE0 : 26;
	2CE1 : 01;
	2CE2 : 25;
	2CE3 : 00;
	2CE4 : 21;
	2CE5 : 01;
	2CE6 : 25;
	2CE7 : 25;
	2CE8 : 25;
	2CE9 : 25;
	2CEA : 25;
	2CEB : 25;
	2CEC : 25;
	2CED : 25;
	2CEE : 25;
	2CEF : 25;
	2CF0 : 25;
	2CF1 : 25;
	2CF2 : 05;
	2CF3 : 05;
	2CF4 : 05;
	2CF5 : 05;
	2CF6 : 05;
	2CF7 : 05;
	2CF8 : 00;
	2CF9 : 00;
	2CFA : 25;
	2CFB : 05;
	2CFC : 05;
	2CFD : 05;
	2CFE : 05;
	2CFF : 05;
	2D00 : 8D;
	2D01 : DB;
	2D02 : FF;
	2D03 : B3;
	2D04 : DB;
	2D05 : FF;
	2D06 : FF;
	2D07 : FF;
	2D08 : DB;
	2D09 : 93;
	2D0A : 8F;
	2D0B : DF;
	2D0C : DB;
	2D0D : B7;
	2D0E : B7;
	2D0F : 6D;
	2D10 : 00;
	2D11 : 26;
	2D12 : 26;
	2D13 : 20;
	2D14 : 8D;
	2D15 : D6;
	2D16 : 6D;
	2D17 : 6D;
	2D18 : 00;
	2D19 : 20;
	2D1A : 00;
	2D1B : 65;
	2D1C : 26;
	2D1D : 26;
	2D1E : 26;
	2D1F : 26;
	2D20 : 26;
	2D21 : 21;
	2D22 : 21;
	2D23 : 00;
	2D24 : 21;
	2D25 : 25;
	2D26 : 26;
	2D27 : 26;
	2D28 : 25;
	2D29 : 25;
	2D2A : 25;
	2D2B : 25;
	2D2C : 25;
	2D2D : 25;
	2D2E : 25;
	2D2F : 25;
	2D30 : 25;
	2D31 : 25;
	2D32 : 25;
	2D33 : 25;
	2D34 : 25;
	2D35 : 25;
	2D36 : 05;
	2D37 : 00;
	2D38 : 00;
	2D39 : 00;
	2D3A : 25;
	2D3B : 05;
	2D3C : 05;
	2D3D : 05;
	2D3E : 05;
	2D3F : 05;
	2D40 : 92;
	2D41 : DF;
	2D42 : FF;
	2D43 : FF;
	2D44 : DB;
	2D45 : FF;
	2D46 : FF;
	2D47 : FF;
	2D48 : B7;
	2D49 : 93;
	2D4A : DF;
	2D4B : DB;
	2D4C : D7;
	2D4D : B7;
	2D4E : B7;
	2D4F : 6D;
	2D50 : 00;
	2D51 : 26;
	2D52 : 21;
	2D53 : B2;
	2D54 : B2;
	2D55 : 8D;
	2D56 : 6D;
	2D57 : 6D;
	2D58 : 26;
	2D59 : 25;
	2D5A : 00;
	2D5B : 65;
	2D5C : 26;
	2D5D : 26;
	2D5E : 26;
	2D5F : 26;
	2D60 : 26;
	2D61 : 21;
	2D62 : 21;
	2D63 : 00;
	2D64 : 21;
	2D65 : 21;
	2D66 : 26;
	2D67 : 26;
	2D68 : 26;
	2D69 : 25;
	2D6A : 25;
	2D6B : 25;
	2D6C : 25;
	2D6D : 25;
	2D6E : 25;
	2D6F : 25;
	2D70 : 25;
	2D71 : 25;
	2D72 : 25;
	2D73 : 05;
	2D74 : 05;
	2D75 : 05;
	2D76 : 25;
	2D77 : 25;
	2D78 : 05;
	2D79 : 00;
	2D7A : 25;
	2D7B : 05;
	2D7C : 05;
	2D7D : 05;
	2D7E : 25;
	2D7F : 25;
	2D80 : 8D;
	2D81 : DB;
	2D82 : DB;
	2D83 : FF;
	2D84 : FF;
	2D85 : DB;
	2D86 : B7;
	2D87 : B7;
	2D88 : B7;
	2D89 : DF;
	2D8A : DB;
	2D8B : DB;
	2D8C : B7;
	2D8D : B7;
	2D8E : D7;
	2D8F : 8D;
	2D90 : 00;
	2D91 : 6D;
	2D92 : D6;
	2D93 : 8D;
	2D94 : 6D;
	2D95 : 6D;
	2D96 : 00;
	2D97 : 00;
	2D98 : 26;
	2D99 : 25;
	2D9A : 00;
	2D9B : 8D;
	2D9C : 67;
	2D9D : 26;
	2D9E : 26;
	2D9F : 26;
	2DA0 : 26;
	2DA1 : 21;
	2DA2 : 21;
	2DA3 : 00;
	2DA4 : 21;
	2DA5 : 26;
	2DA6 : 26;
	2DA7 : 26;
	2DA8 : 26;
	2DA9 : 25;
	2DAA : 25;
	2DAB : 25;
	2DAC : 25;
	2DAD : 25;
	2DAE : 25;
	2DAF : 25;
	2DB0 : 25;
	2DB1 : 25;
	2DB2 : 05;
	2DB3 : 05;
	2DB4 : 05;
	2DB5 : 25;
	2DB6 : 05;
	2DB7 : 00;
	2DB8 : 00;
	2DB9 : 00;
	2DBA : 05;
	2DBB : 05;
	2DBC : 05;
	2DBD : 25;
	2DBE : 05;
	2DBF : 05;
	2DC0 : 8D;
	2DC1 : B7;
	2DC2 : DB;
	2DC3 : DB;
	2DC4 : DF;
	2DC5 : FF;
	2DC6 : FF;
	2DC7 : FF;
	2DC8 : FF;
	2DC9 : DF;
	2DCA : DB;
	2DCB : B7;
	2DCC : DB;
	2DCD : 00;
	2DCE : 25;
	2DCF : FB;
	2DD0 : D6;
	2DD1 : 8D;
	2DD2 : 6D;
	2DD3 : 6D;
	2DD4 : 8D;
	2DD5 : 00;
	2DD6 : 25;
	2DD7 : 00;
	2DD8 : 26;
	2DD9 : 25;
	2DDA : 00;
	2DDB : 8D;
	2DDC : 27;
	2DDD : 27;
	2DDE : 27;
	2DDF : 27;
	2DE0 : 67;
	2DE1 : 21;
	2DE2 : 22;
	2DE3 : 01;
	2DE4 : 21;
	2DE5 : 21;
	2DE6 : 26;
	2DE7 : 26;
	2DE8 : 26;
	2DE9 : 26;
	2DEA : 26;
	2DEB : 25;
	2DEC : 25;
	2DED : 25;
	2DEE : 25;
	2DEF : 25;
	2DF0 : 25;
	2DF1 : 25;
	2DF2 : 25;
	2DF3 : 05;
	2DF4 : 05;
	2DF5 : 25;
	2DF6 : 25;
	2DF7 : 05;
	2DF8 : 05;
	2DF9 : 00;
	2DFA : 25;
	2DFB : 25;
	2DFC : 05;
	2DFD : 25;
	2DFE : 05;
	2DFF : 05;
	2E00 : 8D;
	2E01 : B7;
	2E02 : D7;
	2E03 : DB;
	2E04 : DB;
	2E05 : DB;
	2E06 : DF;
	2E07 : DB;
	2E08 : DB;
	2E09 : DB;
	2E0A : D7;
	2E0B : 00;
	2E0C : 00;
	2E0D : D6;
	2E0E : D6;
	2E0F : 8D;
	2E10 : 8D;
	2E11 : 8D;
	2E12 : 6D;
	2E13 : 6D;
	2E14 : 00;
	2E15 : 00;
	2E16 : 65;
	2E17 : 00;
	2E18 : 26;
	2E19 : 25;
	2E1A : 20;
	2E1B : 8D;
	2E1C : 67;
	2E1D : 67;
	2E1E : 27;
	2E1F : 67;
	2E20 : 26;
	2E21 : 01;
	2E22 : 21;
	2E23 : 00;
	2E24 : 21;
	2E25 : 22;
	2E26 : 26;
	2E27 : 26;
	2E28 : 26;
	2E29 : 26;
	2E2A : 26;
	2E2B : 26;
	2E2C : 25;
	2E2D : 25;
	2E2E : 25;
	2E2F : 25;
	2E30 : 25;
	2E31 : 25;
	2E32 : 25;
	2E33 : 05;
	2E34 : 25;
	2E35 : 25;
	2E36 : 05;
	2E37 : 05;
	2E38 : 00;
	2E39 : 00;
	2E3A : 25;
	2E3B : 05;
	2E3C : 05;
	2E3D : 05;
	2E3E : 05;
	2E3F : 05;
	2E40 : 24;
	2E41 : 01;
	2E42 : 21;
	2E43 : 21;
	2E44 : 21;
	2E45 : 21;
	2E46 : 21;
	2E47 : 20;
	2E48 : 8E;
	2E49 : FB;
	2E4A : DA;
	2E4B : 91;
	2E4C : 91;
	2E4D : 8D;
	2E4E : 8D;
	2E4F : 8D;
	2E50 : 6D;
	2E51 : 6D;
	2E52 : 00;
	2E53 : 21;
	2E54 : 66;
	2E55 : 00;
	2E56 : 6D;
	2E57 : 00;
	2E58 : 22;
	2E59 : 25;
	2E5A : 20;
	2E5B : 8D;
	2E5C : 67;
	2E5D : 27;
	2E5E : 26;
	2E5F : 22;
	2E60 : 21;
	2E61 : 22;
	2E62 : 21;
	2E63 : 21;
	2E64 : 26;
	2E65 : 26;
	2E66 : 26;
	2E67 : 26;
	2E68 : 26;
	2E69 : 26;
	2E6A : 26;
	2E6B : 26;
	2E6C : 26;
	2E6D : 25;
	2E6E : 25;
	2E6F : 25;
	2E70 : 25;
	2E71 : 05;
	2E72 : 25;
	2E73 : 25;
	2E74 : 05;
	2E75 : 25;
	2E76 : 05;
	2E77 : 05;
	2E78 : 00;
	2E79 : 00;
	2E7A : 05;
	2E7B : 05;
	2E7C : 05;
	2E7D : 05;
	2E7E : 05;
	2E7F : 05;
	2E80 : B2;
	2E81 : B6;
	2E82 : B6;
	2E83 : B6;
	2E84 : B2;
	2E85 : B6;
	2E86 : B2;
	2E87 : B6;
	2E88 : D6;
	2E89 : B2;
	2E8A : 8D;
	2E8B : 8D;
	2E8C : 6D;
	2E8D : 6D;
	2E8E : 8D;
	2E8F : 25;
	2E90 : 00;
	2E91 : 21;
	2E92 : 67;
	2E93 : 25;
	2E94 : 66;
	2E95 : 20;
	2E96 : 8D;
	2E97 : 00;
	2E98 : 01;
	2E99 : 25;
	2E9A : 20;
	2E9B : 8D;
	2E9C : 21;
	2E9D : 01;
	2E9E : 21;
	2E9F : 01;
	2EA0 : 01;
	2EA1 : 01;
	2EA2 : 21;
	2EA3 : 25;
	2EA4 : 21;
	2EA5 : 67;
	2EA6 : 26;
	2EA7 : 26;
	2EA8 : 26;
	2EA9 : 26;
	2EAA : 26;
	2EAB : 25;
	2EAC : 25;
	2EAD : 25;
	2EAE : 25;
	2EAF : 25;
	2EB0 : 25;
	2EB1 : 25;
	2EB2 : 25;
	2EB3 : 25;
	2EB4 : 05;
	2EB5 : 25;
	2EB6 : 25;
	2EB7 : 05;
	2EB8 : 05;
	2EB9 : 00;
	2EBA : 05;
	2EBB : 05;
	2EBC : 05;
	2EBD : 05;
	2EBE : 05;
	2EBF : 05;
	2EC0 : 91;
	2EC1 : 91;
	2EC2 : 91;
	2EC3 : B1;
	2EC4 : 8D;
	2EC5 : 8D;
	2EC6 : 8D;
	2EC7 : 8D;
	2EC8 : 8D;
	2EC9 : 8D;
	2ECA : 8D;
	2ECB : 8D;
	2ECC : 6D;
	2ECD : 00;
	2ECE : 00;
	2ECF : 65;
	2ED0 : 00;
	2ED1 : 26;
	2ED2 : 67;
	2ED3 : 25;
	2ED4 : 66;
	2ED5 : 00;
	2ED6 : 8D;
	2ED7 : 00;
	2ED8 : 26;
	2ED9 : 25;
	2EDA : 20;
	2EDB : 8D;
	2EDC : 67;
	2EDD : 27;
	2EDE : 67;
	2EDF : 67;
	2EE0 : 27;
	2EE1 : 26;
	2EE2 : 26;
	2EE3 : 21;
	2EE4 : 21;
	2EE5 : 26;
	2EE6 : 26;
	2EE7 : 26;
	2EE8 : 26;
	2EE9 : 26;
	2EEA : 26;
	2EEB : 26;
	2EEC : 26;
	2EED : 25;
	2EEE : 25;
	2EEF : 25;
	2EF0 : 25;
	2EF1 : 25;
	2EF2 : 25;
	2EF3 : 25;
	2EF4 : 25;
	2EF5 : 25;
	2EF6 : 05;
	2EF7 : 05;
	2EF8 : 25;
	2EF9 : 00;
	2EFA : 05;
	2EFB : 25;
	2EFC : 05;
	2EFD : 05;
	2EFE : 25;
	2EFF : 05;
	2F00 : 91;
	2F01 : 8D;
	2F02 : 91;
	2F03 : 91;
	2F04 : 8D;
	2F05 : 6D;
	2F06 : 6D;
	2F07 : 8D;
	2F08 : 00;
	2F09 : 00;
	2F0A : B7;
	2F0B : D7;
	2F0C : B7;
	2F0D : B7;
	2F0E : B7;
	2F0F : 65;
	2F10 : 00;
	2F11 : 22;
	2F12 : 67;
	2F13 : 25;
	2F14 : 66;
	2F15 : 00;
	2F16 : 8D;
	2F17 : 00;
	2F18 : 22;
	2F19 : 25;
	2F1A : 20;
	2F1B : 8D;
	2F1C : 63;
	2F1D : 23;
	2F1E : 23;
	2F1F : 27;
	2F20 : 27;
	2F21 : 26;
	2F22 : 66;
	2F23 : 21;
	2F24 : 21;
	2F25 : 22;
	2F26 : 26;
	2F27 : 21;
	2F28 : 26;
	2F29 : 26;
	2F2A : 26;
	2F2B : 26;
	2F2C : 26;
	2F2D : 26;
	2F2E : 25;
	2F2F : 25;
	2F30 : 25;
	2F31 : 25;
	2F32 : 25;
	2F33 : 25;
	2F34 : 25;
	2F35 : 05;
	2F36 : 05;
	2F37 : 05;
	2F38 : 25;
	2F39 : 00;
	2F3A : 04;
	2F3B : 25;
	2F3C : 05;
	2F3D : 25;
	2F3E : 05;
	2F3F : 05;
	2F40 : 00;
	2F41 : 00;
	2F42 : 00;
	2F43 : 00;
	2F44 : 00;
	2F45 : 00;
	2F46 : 00;
	2F47 : 00;
	2F48 : B7;
	2F49 : B7;
	2F4A : B7;
	2F4B : B7;
	2F4C : B7;
	2F4D : B7;
	2F4E : B7;
	2F4F : 6D;
	2F50 : 00;
	2F51 : 22;
	2F52 : 67;
	2F53 : 25;
	2F54 : 66;
	2F55 : 20;
	2F56 : 8D;
	2F57 : 00;
	2F58 : 22;
	2F59 : 25;
	2F5A : 20;
	2F5B : 8D;
	2F5C : 67;
	2F5D : 67;
	2F5E : 27;
	2F5F : 23;
	2F60 : 27;
	2F61 : 27;
	2F62 : 67;
	2F63 : 21;
	2F64 : 21;
	2F65 : 67;
	2F66 : 26;
	2F67 : 26;
	2F68 : 26;
	2F69 : 26;
	2F6A : 26;
	2F6B : 26;
	2F6C : 26;
	2F6D : 26;
	2F6E : 26;
	2F6F : 25;
	2F70 : 25;
	2F71 : 25;
	2F72 : 25;
	2F73 : 25;
	2F74 : 25;
	2F75 : 25;
	2F76 : 25;
	2F77 : 05;
	2F78 : 25;
	2F79 : 00;
	2F7A : 01;
	2F7B : 25;
	2F7C : 25;
	2F7D : 05;
	2F7E : 05;
	2F7F : 25;
	2F80 : 65;
	2F81 : B7;
	2F82 : B7;
	2F83 : B7;
	2F84 : B7;
	2F85 : B7;
	2F86 : B7;
	2F87 : B7;
	2F88 : B7;
	2F89 : B7;
	2F8A : B7;
	2F8B : B7;
	2F8C : B7;
	2F8D : B7;
	2F8E : B7;
	2F8F : 65;
	2F90 : 00;
	2F91 : 22;
	2F92 : 22;
	2F93 : 25;
	2F94 : 66;
	2F95 : 21;
	2F96 : 8D;
	2F97 : 01;
	2F98 : 67;
	2F99 : 25;
	2F9A : 20;
	2F9B : 8D;
	2F9C : 67;
	2F9D : 63;
	2F9E : 67;
	2F9F : 67;
	2FA0 : 67;
	2FA1 : 27;
	2FA2 : 67;
	2FA3 : 22;
	2FA4 : 01;
	2FA5 : 67;
	2FA6 : 26;
	2FA7 : 26;
	2FA8 : 26;
	2FA9 : 26;
	2FAA : 26;
	2FAB : 26;
	2FAC : 26;
	2FAD : 26;
	2FAE : 25;
	2FAF : 25;
	2FB0 : 25;
	2FB1 : 25;
	2FB2 : 25;
	2FB3 : 25;
	2FB4 : 25;
	2FB5 : 25;
	2FB6 : 05;
	2FB7 : 25;
	2FB8 : 05;
	2FB9 : 00;
	2FBA : 00;
	2FBB : 25;
	2FBC : 05;
	2FBD : 05;
	2FBE : 05;
	2FBF : 25;
	2FC0 : 65;
	2FC1 : B7;
	2FC2 : B7;
	2FC3 : B7;
	2FC4 : B7;
	2FC5 : B7;
	2FC6 : B7;
	2FC7 : B7;
	2FC8 : B7;
	2FC9 : B7;
	2FCA : B7;
	2FCB : B7;
	2FCC : B7;
	2FCD : B7;
	2FCE : B7;
	2FCF : 65;
	2FD0 : 00;
	2FD1 : 22;
	2FD2 : 22;
	2FD3 : 25;
	2FD4 : 66;
	2FD5 : 20;
	2FD6 : 8D;
	2FD7 : 01;
	2FD8 : 27;
	2FD9 : 25;
	2FDA : 20;
	2FDB : 8D;
	2FDC : 63;
	2FDD : 67;
	2FDE : 67;
	2FDF : 23;
	2FE0 : 67;
	2FE1 : 27;
	2FE2 : 67;
	2FE3 : 22;
	2FE4 : 21;
	2FE5 : 22;
	2FE6 : 26;
	2FE7 : 26;
	2FE8 : 26;
	2FE9 : 26;
	2FEA : 21;
	2FEB : 26;
	2FEC : 26;
	2FED : 26;
	2FEE : 26;
	2FEF : 25;
	2FF0 : 25;
	2FF1 : 25;
	2FF2 : 25;
	2FF3 : 25;
	2FF4 : 25;
	2FF5 : 25;
	2FF6 : 00;
	2FF7 : 00;
	2FF8 : 00;
	2FF9 : 00;
	2FFA : 00;
	2FFB : 00;
	2FFC : 25;
	2FFD : 25;
	2FFE : 25;
	2FFF : 05;
	3000 : 25;
	3001 : 05;
	3002 : 25;
	3003 : 25;
	3004 : 25;
	3005 : 05;
	3006 : 05;
	3007 : 05;
	3008 : 05;
	3009 : 05;
	300A : 25;
	300B : 25;
	300C : 25;
	300D : 25;
	300E : 25;
	300F : 25;
	3010 : 25;
	3011 : 25;
	3012 : 25;
	3013 : 26;
	3014 : 00;
	3015 : 01;
	3016 : 25;
	3017 : 26;
	3018 : 26;
	3019 : 26;
	301A : 26;
	301B : 26;
	301C : 26;
	301D : 67;
	301E : 67;
	301F : 67;
	3020 : 67;
	3021 : 67;
	3022 : 67;
	3023 : 67;
	3024 : 00;
	3025 : 8D;
	3026 : 21;
	3027 : 01;
	3028 : 26;
	3029 : 00;
	302A : 8D;
	302B : 26;
	302C : 66;
	302D : 21;
	302E : 67;
	302F : 6F;
	3030 : 65;
	3031 : 00;
	3032 : B3;
	3033 : B7;
	3034 : B7;
	3035 : B7;
	3036 : B7;
	3037 : B7;
	3038 : AF;
	3039 : B7;
	303A : B7;
	303B : B7;
	303C : B7;
	303D : D7;
	303E : B7;
	303F : 00;
	3040 : 05;
	3041 : 25;
	3042 : 25;
	3043 : 25;
	3044 : 25;
	3045 : 25;
	3046 : 25;
	3047 : 25;
	3048 : 25;
	3049 : 25;
	304A : 25;
	304B : 25;
	304C : 25;
	304D : 25;
	304E : 25;
	304F : 25;
	3050 : 26;
	3051 : 26;
	3052 : 25;
	3053 : 21;
	3054 : 00;
	3055 : 01;
	3056 : 26;
	3057 : 26;
	3058 : 26;
	3059 : 26;
	305A : 26;
	305B : 27;
	305C : 27;
	305D : 67;
	305E : 67;
	305F : 67;
	3060 : 67;
	3061 : 67;
	3062 : 67;
	3063 : 67;
	3064 : 00;
	3065 : 8D;
	3066 : 20;
	3067 : 01;
	3068 : 27;
	3069 : 00;
	306A : 8D;
	306B : 26;
	306C : 66;
	306D : 25;
	306E : 6F;
	306F : B7;
	3070 : 91;
	3071 : 00;
	3072 : 8F;
	3073 : B7;
	3074 : B7;
	3075 : B7;
	3076 : B7;
	3077 : B7;
	3078 : 8F;
	3079 : B7;
	307A : B7;
	307B : B7;
	307C : B7;
	307D : B7;
	307E : B7;
	307F : 00;
	3080 : 05;
	3081 : 05;
	3082 : 25;
	3083 : 25;
	3084 : 05;
	3085 : 25;
	3086 : 25;
	3087 : 25;
	3088 : 25;
	3089 : 25;
	308A : 25;
	308B : 25;
	308C : 25;
	308D : 25;
	308E : 25;
	308F : 25;
	3090 : 25;
	3091 : 26;
	3092 : 26;
	3093 : 01;
	3094 : 00;
	3095 : 21;
	3096 : 26;
	3097 : 26;
	3098 : 26;
	3099 : 26;
	309A : 26;
	309B : 26;
	309C : 27;
	309D : 27;
	309E : 67;
	309F : 67;
	30A0 : 67;
	30A1 : 67;
	30A2 : 67;
	30A3 : 67;
	30A4 : 00;
	30A5 : 8D;
	30A6 : 20;
	30A7 : 01;
	30A8 : 22;
	30A9 : 00;
	30AA : 8D;
	30AB : 66;
	30AC : 66;
	30AD : 26;
	30AE : 6F;
	30AF : 93;
	30B0 : 8D;
	30B1 : 00;
	30B2 : 8F;
	30B3 : 93;
	30B4 : 8F;
	30B5 : B7;
	30B6 : B7;
	30B7 : B7;
	30B8 : 8F;
	30B9 : 8F;
	30BA : B7;
	30BB : D7;
	30BC : B7;
	30BD : B7;
	30BE : B7;
	30BF : 00;
	30C0 : 25;
	30C1 : 05;
	30C2 : 25;
	30C3 : 05;
	30C4 : 05;
	30C5 : 05;
	30C6 : 05;
	30C7 : 25;
	30C8 : 25;
	30C9 : 25;
	30CA : 25;
	30CB : 25;
	30CC : 25;
	30CD : 25;
	30CE : 25;
	30CF : 25;
	30D0 : 25;
	30D1 : 25;
	30D2 : 26;
	30D3 : 21;
	30D4 : 01;
	30D5 : 21;
	30D6 : 67;
	30D7 : 26;
	30D8 : 26;
	30D9 : 27;
	30DA : 27;
	30DB : 67;
	30DC : 27;
	30DD : 67;
	30DE : 67;
	30DF : 67;
	30E0 : 67;
	30E1 : 67;
	30E2 : 67;
	30E3 : 67;
	30E4 : 00;
	30E5 : 8D;
	30E6 : 20;
	30E7 : 01;
	30E8 : 22;
	30E9 : 00;
	30EA : 8D;
	30EB : 66;
	30EC : 66;
	30ED : 26;
	30EE : 67;
	30EF : 93;
	30F0 : 8D;
	30F1 : 00;
	30F2 : 8F;
	30F3 : 8F;
	30F4 : 8F;
	30F5 : B7;
	30F6 : B7;
	30F7 : B7;
	30F8 : 8F;
	30F9 : 8F;
	30FA : B7;
	30FB : B7;
	30FC : D7;
	30FD : B7;
	30FE : D7;
	30FF : 00;
	3100 : 05;
	3101 : 05;
	3102 : 25;
	3103 : 05;
	3104 : 05;
	3105 : 05;
	3106 : 05;
	3107 : 25;
	3108 : 25;
	3109 : 05;
	310A : 25;
	310B : 25;
	310C : 25;
	310D : 25;
	310E : 25;
	310F : 25;
	3110 : 25;
	3111 : 25;
	3112 : 26;
	3113 : 25;
	3114 : 01;
	3115 : 01;
	3116 : 26;
	3117 : 26;
	3118 : 26;
	3119 : 67;
	311A : 27;
	311B : 67;
	311C : 27;
	311D : 67;
	311E : 67;
	311F : 67;
	3120 : 67;
	3121 : 67;
	3122 : 67;
	3123 : 67;
	3124 : 00;
	3125 : 8D;
	3126 : 21;
	3127 : 01;
	3128 : 22;
	3129 : 00;
	312A : 8D;
	312B : 66;
	312C : 66;
	312D : 26;
	312E : 6F;
	312F : 8F;
	3130 : 8D;
	3131 : 00;
	3132 : 8F;
	3133 : 8F;
	3134 : 8F;
	3135 : B7;
	3136 : B7;
	3137 : B7;
	3138 : AF;
	3139 : B3;
	313A : B7;
	313B : B7;
	313C : D7;
	313D : D7;
	313E : D7;
	313F : 00;
	3140 : 25;
	3141 : 25;
	3142 : 25;
	3143 : 05;
	3144 : 05;
	3145 : 25;
	3146 : 25;
	3147 : 25;
	3148 : 25;
	3149 : 25;
	314A : 25;
	314B : 25;
	314C : 25;
	314D : 25;
	314E : 25;
	314F : 25;
	3150 : 26;
	3151 : 26;
	3152 : 26;
	3153 : 26;
	3154 : 01;
	3155 : 26;
	3156 : 26;
	3157 : 27;
	3158 : 27;
	3159 : 27;
	315A : 27;
	315B : 67;
	315C : 67;
	315D : 67;
	315E : 67;
	315F : 67;
	3160 : 67;
	3161 : 67;
	3162 : 67;
	3163 : 67;
	3164 : 00;
	3165 : 8D;
	3166 : 20;
	3167 : 01;
	3168 : 22;
	3169 : 00;
	316A : 8D;
	316B : 26;
	316C : 66;
	316D : 26;
	316E : 6F;
	316F : B7;
	3170 : 8D;
	3171 : 00;
	3172 : 8F;
	3173 : 8F;
	3174 : 8F;
	3175 : B3;
	3176 : AF;
	3177 : AF;
	3178 : AF;
	3179 : B3;
	317A : D7;
	317B : B7;
	317C : D7;
	317D : D7;
	317E : D7;
	317F : 00;
	3180 : 05;
	3181 : 25;
	3182 : 25;
	3183 : 05;
	3184 : 05;
	3185 : 05;
	3186 : 05;
	3187 : 05;
	3188 : 25;
	3189 : 25;
	318A : 05;
	318B : 25;
	318C : 25;
	318D : 25;
	318E : 25;
	318F : 25;
	3190 : 26;
	3191 : 26;
	3192 : 26;
	3193 : 26;
	3194 : 01;
	3195 : 01;
	3196 : 26;
	3197 : 27;
	3198 : 27;
	3199 : 67;
	319A : 67;
	319B : 67;
	319C : 67;
	319D : 67;
	319E : 67;
	319F : 67;
	31A0 : 67;
	31A1 : 67;
	31A2 : 67;
	31A3 : 67;
	31A4 : 00;
	31A5 : 8D;
	31A6 : 20;
	31A7 : 01;
	31A8 : 23;
	31A9 : 00;
	31AA : 8D;
	31AB : 6F;
	31AC : 66;
	31AD : 26;
	31AE : 66;
	31AF : B3;
	31B0 : 8D;
	31B1 : 00;
	31B2 : 8F;
	31B3 : 8F;
	31B4 : 8F;
	31B5 : 8F;
	31B6 : AF;
	31B7 : B3;
	31B8 : AF;
	31B9 : AF;
	31BA : B7;
	31BB : D7;
	31BC : D7;
	31BD : D7;
	31BE : D7;
	31BF : 21;
	31C0 : 05;
	31C1 : 05;
	31C2 : 05;
	31C3 : 05;
	31C4 : 25;
	31C5 : 25;
	31C6 : 25;
	31C7 : 05;
	31C8 : 25;
	31C9 : 25;
	31CA : 25;
	31CB : 25;
	31CC : 25;
	31CD : 25;
	31CE : 25;
	31CF : 25;
	31D0 : 26;
	31D1 : 26;
	31D2 : 26;
	31D3 : 26;
	31D4 : 01;
	31D5 : 21;
	31D6 : 67;
	31D7 : 67;
	31D8 : 27;
	31D9 : 67;
	31DA : 67;
	31DB : 67;
	31DC : 67;
	31DD : 67;
	31DE : 67;
	31DF : 67;
	31E0 : 67;
	31E1 : 67;
	31E2 : 67;
	31E3 : 67;
	31E4 : 00;
	31E5 : 8D;
	31E6 : 20;
	31E7 : 01;
	31E8 : 23;
	31E9 : 00;
	31EA : 8D;
	31EB : 26;
	31EC : 26;
	31ED : 67;
	31EE : 8F;
	31EF : 93;
	31F0 : 8D;
	31F1 : 00;
	31F2 : 8F;
	31F3 : 8F;
	31F4 : 8F;
	31F5 : 8F;
	31F6 : AF;
	31F7 : AF;
	31F8 : AF;
	31F9 : AF;
	31FA : B7;
	31FB : D7;
	31FC : B7;
	31FD : D7;
	31FE : D7;
	31FF : 21;
	3200 : 05;
	3201 : 05;
	3202 : 05;
	3203 : 05;
	3204 : 05;
	3205 : 05;
	3206 : 25;
	3207 : 25;
	3208 : 05;
	3209 : 25;
	320A : 25;
	320B : 25;
	320C : 25;
	320D : 25;
	320E : 25;
	320F : 25;
	3210 : 26;
	3211 : 26;
	3212 : 26;
	3213 : 26;
	3214 : 01;
	3215 : 66;
	3216 : 27;
	3217 : 67;
	3218 : 27;
	3219 : 67;
	321A : 67;
	321B : 67;
	321C : 67;
	321D : 67;
	321E : 67;
	321F : 67;
	3220 : 67;
	3221 : 67;
	3222 : 67;
	3223 : 67;
	3224 : 00;
	3225 : 8D;
	3226 : 20;
	3227 : 21;
	3228 : 67;
	3229 : 00;
	322A : 8D;
	322B : 25;
	322C : 26;
	322D : 66;
	322E : 8F;
	322F : 8F;
	3230 : 8D;
	3231 : 00;
	3232 : 8F;
	3233 : 8F;
	3234 : 8F;
	3235 : AF;
	3236 : AF;
	3237 : AF;
	3238 : AF;
	3239 : AF;
	323A : B7;
	323B : B7;
	323C : D7;
	323D : D7;
	323E : D7;
	323F : 21;
	3240 : 05;
	3241 : 25;
	3242 : 25;
	3243 : 25;
	3244 : 05;
	3245 : 25;
	3246 : 25;
	3247 : 25;
	3248 : 25;
	3249 : 25;
	324A : 25;
	324B : 25;
	324C : 25;
	324D : 25;
	324E : 25;
	324F : 25;
	3250 : 26;
	3251 : 26;
	3252 : 26;
	3253 : 25;
	3254 : 01;
	3255 : 67;
	3256 : 26;
	3257 : 67;
	3258 : 26;
	3259 : 27;
	325A : 67;
	325B : 67;
	325C : 67;
	325D : 67;
	325E : 67;
	325F : 67;
	3260 : 67;
	3261 : 67;
	3262 : 87;
	3263 : 67;
	3264 : 00;
	3265 : 8D;
	3266 : 20;
	3267 : 21;
	3268 : 22;
	3269 : 00;
	326A : 8D;
	326B : 26;
	326C : 66;
	326D : 66;
	326E : 8F;
	326F : B7;
	3270 : 91;
	3271 : 00;
	3272 : 8F;
	3273 : 8F;
	3274 : 8F;
	3275 : 8F;
	3276 : 8F;
	3277 : AF;
	3278 : 8F;
	3279 : AF;
	327A : B7;
	327B : B7;
	327C : B7;
	327D : D7;
	327E : D7;
	327F : 21;
	3280 : 25;
	3281 : 25;
	3282 : 05;
	3283 : 25;
	3284 : 05;
	3285 : 05;
	3286 : 25;
	3287 : 25;
	3288 : 25;
	3289 : 25;
	328A : 25;
	328B : 25;
	328C : 25;
	328D : 25;
	328E : 25;
	328F : 25;
	3290 : 26;
	3291 : 26;
	3292 : 26;
	3293 : 25;
	3294 : 25;
	3295 : 67;
	3296 : 27;
	3297 : 67;
	3298 : 67;
	3299 : 67;
	329A : 67;
	329B : 67;
	329C : 67;
	329D : 67;
	329E : 67;
	329F : 67;
	32A0 : 67;
	32A1 : 67;
	32A2 : 67;
	32A3 : 87;
	32A4 : 00;
	32A5 : 8D;
	32A6 : 21;
	32A7 : 21;
	32A8 : 25;
	32A9 : 00;
	32AA : 8D;
	32AB : 66;
	32AC : 26;
	32AD : 26;
	32AE : B3;
	32AF : B7;
	32B0 : 92;
	32B1 : 00;
	32B2 : 8F;
	32B3 : 6F;
	32B4 : 8F;
	32B5 : 8F;
	32B6 : 8F;
	32B7 : 8F;
	32B8 : 8F;
	32B9 : AF;
	32BA : B7;
	32BB : B7;
	32BC : B7;
	32BD : B7;
	32BE : B7;
	32BF : 21;
	32C0 : 25;
	32C1 : 25;
	32C2 : 25;
	32C3 : 25;
	32C4 : 05;
	32C5 : 25;
	32C6 : 25;
	32C7 : 25;
	32C8 : 25;
	32C9 : 25;
	32CA : 25;
	32CB : 25;
	32CC : 25;
	32CD : 25;
	32CE : 25;
	32CF : 25;
	32D0 : 26;
	32D1 : 26;
	32D2 : 26;
	32D3 : 26;
	32D4 : 21;
	32D5 : 26;
	32D6 : 26;
	32D7 : 22;
	32D8 : 67;
	32D9 : 67;
	32DA : 67;
	32DB : 67;
	32DC : 67;
	32DD : 67;
	32DE : 67;
	32DF : 67;
	32E0 : 67;
	32E1 : 87;
	32E2 : 87;
	32E3 : 87;
	32E4 : 00;
	32E5 : 8D;
	32E6 : 21;
	32E7 : 21;
	32E8 : 25;
	32E9 : 00;
	32EA : 8D;
	32EB : 25;
	32EC : 26;
	32ED : 26;
	32EE : B3;
	32EF : B7;
	32F0 : 91;
	32F1 : 00;
	32F2 : B3;
	32F3 : 67;
	32F4 : 6F;
	32F5 : 8F;
	32F6 : 8F;
	32F7 : 8F;
	32F8 : 67;
	32F9 : AF;
	32FA : B7;
	32FB : B7;
	32FC : B7;
	32FD : B7;
	32FE : B7;
	32FF : 21;
	3300 : 25;
	3301 : 05;
	3302 : 25;
	3303 : 25;
	3304 : 25;
	3305 : 25;
	3306 : 25;
	3307 : 25;
	3308 : 05;
	3309 : 05;
	330A : 25;
	330B : 25;
	330C : 25;
	330D : 25;
	330E : 25;
	330F : 25;
	3310 : 26;
	3311 : 26;
	3312 : 26;
	3313 : 22;
	3314 : 21;
	3315 : 27;
	3316 : 67;
	3317 : 67;
	3318 : 67;
	3319 : 67;
	331A : 67;
	331B : 67;
	331C : 67;
	331D : 67;
	331E : 67;
	331F : 67;
	3320 : 87;
	3321 : 87;
	3322 : 87;
	3323 : 87;
	3324 : 00;
	3325 : 8D;
	3326 : 25;
	3327 : 01;
	3328 : 65;
	3329 : 00;
	332A : 8D;
	332B : 26;
	332C : 26;
	332D : 8F;
	332E : B3;
	332F : B3;
	3330 : 91;
	3331 : 00;
	3332 : B3;
	3333 : 6F;
	3334 : 6F;
	3335 : 8F;
	3336 : 67;
	3337 : 6F;
	3338 : 67;
	3339 : AF;
	333A : B7;
	333B : B7;
	333C : 8F;
	333D : B7;
	333E : B7;
	333F : 21;
	3340 : 25;
	3341 : 25;
	3342 : 25;
	3343 : 25;
	3344 : 25;
	3345 : 25;
	3346 : 25;
	3347 : 25;
	3348 : 25;
	3349 : 25;
	334A : 25;
	334B : 25;
	334C : 25;
	334D : 25;
	334E : 25;
	334F : 26;
	3350 : 26;
	3351 : 26;
	3352 : 26;
	3353 : 21;
	3354 : 21;
	3355 : 26;
	3356 : 26;
	3357 : 67;
	3358 : 67;
	3359 : 67;
	335A : 67;
	335B : 67;
	335C : 67;
	335D : 67;
	335E : 67;
	335F : 67;
	3360 : 67;
	3361 : 87;
	3362 : 87;
	3363 : 87;
	3364 : 00;
	3365 : 8D;
	3366 : 25;
	3367 : 21;
	3368 : 25;
	3369 : 00;
	336A : 8D;
	336B : 26;
	336C : 26;
	336D : 8F;
	336E : B3;
	336F : B3;
	3370 : 91;
	3371 : 00;
	3372 : B3;
	3373 : 6F;
	3374 : 67;
	3375 : 8F;
	3376 : 67;
	3377 : 6F;
	3378 : 6F;
	3379 : 8F;
	337A : B7;
	337B : B7;
	337C : 8F;
	337D : B7;
	337E : B7;
	337F : 21;
	3380 : 25;
	3381 : 25;
	3382 : 25;
	3383 : 25;
	3384 : 25;
	3385 : 25;
	3386 : 25;
	3387 : 25;
	3388 : 25;
	3389 : 25;
	338A : 25;
	338B : 25;
	338C : 25;
	338D : 25;
	338E : 25;
	338F : 26;
	3390 : 26;
	3391 : 26;
	3392 : 26;
	3393 : 21;
	3394 : 21;
	3395 : 26;
	3396 : 26;
	3397 : 67;
	3398 : 67;
	3399 : 67;
	339A : 67;
	339B : 67;
	339C : 67;
	339D : 23;
	339E : 67;
	339F : 67;
	33A0 : 67;
	33A1 : 87;
	33A2 : 87;
	33A3 : 87;
	33A4 : 00;
	33A5 : 8D;
	33A6 : 20;
	33A7 : 21;
	33A8 : 01;
	33A9 : 00;
	33AA : 8D;
	33AB : 25;
	33AC : 26;
	33AD : 8F;
	33AE : B3;
	33AF : B3;
	33B0 : 8D;
	33B1 : 00;
	33B2 : 93;
	33B3 : 6F;
	33B4 : 26;
	33B5 : 26;
	33B6 : 67;
	33B7 : 6F;
	33B8 : 26;
	33B9 : 8F;
	33BA : B7;
	33BB : B7;
	33BC : B7;
	33BD : B7;
	33BE : B7;
	33BF : 00;
	33C0 : 25;
	33C1 : 25;
	33C2 : 25;
	33C3 : 25;
	33C4 : 25;
	33C5 : 25;
	33C6 : 25;
	33C7 : 25;
	33C8 : 25;
	33C9 : 25;
	33CA : 25;
	33CB : 25;
	33CC : 25;
	33CD : 25;
	33CE : 26;
	33CF : 26;
	33D0 : 26;
	33D1 : 26;
	33D2 : 25;
	33D3 : 21;
	33D4 : 21;
	33D5 : 27;
	33D6 : 26;
	33D7 : 67;
	33D8 : 67;
	33D9 : 67;
	33DA : 67;
	33DB : 67;
	33DC : 67;
	33DD : 67;
	33DE : 67;
	33DF : 67;
	33E0 : 87;
	33E1 : 87;
	33E2 : 87;
	33E3 : 87;
	33E4 : 00;
	33E5 : 8D;
	33E6 : 25;
	33E7 : 21;
	33E8 : 25;
	33E9 : 00;
	33EA : 8D;
	33EB : 26;
	33EC : 6F;
	33ED : 8F;
	33EE : B3;
	33EF : 8F;
	33F0 : 8D;
	33F1 : 00;
	33F2 : 67;
	33F3 : 26;
	33F4 : 26;
	33F5 : 26;
	33F6 : 26;
	33F7 : 26;
	33F8 : 26;
	33F9 : 8F;
	33FA : B7;
	33FB : B7;
	33FC : B7;
	33FD : B7;
	33FE : B7;
	33FF : 00;
	3400 : 05;
	3401 : 05;
	3402 : 25;
	3403 : 05;
	3404 : 25;
	3405 : 05;
	3406 : 05;
	3407 : 25;
	3408 : 25;
	3409 : 25;
	340A : 25;
	340B : 25;
	340C : 25;
	340D : 25;
	340E : 25;
	340F : 26;
	3410 : 26;
	3411 : 26;
	3412 : 01;
	3413 : 01;
	3414 : 21;
	3415 : 26;
	3416 : 27;
	3417 : 67;
	3418 : 67;
	3419 : 67;
	341A : 67;
	341B : 67;
	341C : 67;
	341D : 67;
	341E : 67;
	341F : 87;
	3420 : 87;
	3421 : 87;
	3422 : 8F;
	3423 : 87;
	3424 : 00;
	3425 : 8D;
	3426 : 25;
	3427 : 01;
	3428 : 25;
	3429 : 00;
	342A : 8D;
	342B : 25;
	342C : 67;
	342D : 6F;
	342E : 8F;
	342F : 93;
	3430 : 91;
	3431 : 00;
	3432 : 6F;
	3433 : 26;
	3434 : 26;
	3435 : 26;
	3436 : 26;
	3437 : 26;
	3438 : 26;
	3439 : 8F;
	343A : B7;
	343B : B7;
	343C : B7;
	343D : B7;
	343E : B7;
	343F : 21;
	3440 : 25;
	3441 : 25;
	3442 : 25;
	3443 : 25;
	3444 : 25;
	3445 : 25;
	3446 : 25;
	3447 : 25;
	3448 : 25;
	3449 : 25;
	344A : 25;
	344B : 25;
	344C : 26;
	344D : 25;
	344E : 26;
	344F : 26;
	3450 : 25;
	3451 : 21;
	3452 : 01;
	3453 : 21;
	3454 : 26;
	3455 : 26;
	3456 : 26;
	3457 : 27;
	3458 : 67;
	3459 : 67;
	345A : 67;
	345B : 67;
	345C : 67;
	345D : 67;
	345E : 67;
	345F : 87;
	3460 : 87;
	3461 : 87;
	3462 : 87;
	3463 : 87;
	3464 : 00;
	3465 : 8D;
	3466 : 25;
	3467 : 25;
	3468 : 25;
	3469 : 00;
	346A : 8D;
	346B : 25;
	346C : 25;
	346D : 6F;
	346E : 93;
	346F : 93;
	3470 : 8D;
	3471 : 00;
	3472 : 26;
	3473 : 26;
	3474 : 66;
	3475 : 26;
	3476 : 26;
	3477 : 26;
	3478 : 26;
	3479 : 8F;
	347A : B7;
	347B : B7;
	347C : B7;
	347D : B7;
	347E : B7;
	347F : 21;
	3480 : 00;
	3481 : 00;
	3482 : 00;
	3483 : 00;
	3484 : 00;
	3485 : 00;
	3486 : 00;
	3487 : 00;
	3488 : 00;
	3489 : 00;
	348A : 25;
	348B : 05;
	348C : 01;
	348D : 01;
	348E : 25;
	348F : 25;
	3490 : 01;
	3491 : 25;
	3492 : 26;
	3493 : 21;
	3494 : 26;
	3495 : 26;
	3496 : 26;
	3497 : 67;
	3498 : 67;
	3499 : 67;
	349A : 67;
	349B : 67;
	349C : 67;
	349D : 67;
	349E : 67;
	349F : 87;
	34A0 : 87;
	34A1 : 87;
	34A2 : 8F;
	34A3 : 87;
	34A4 : 00;
	34A5 : 8D;
	34A6 : 25;
	34A7 : 25;
	34A8 : 25;
	34A9 : 00;
	34AA : 8D;
	34AB : 65;
	34AC : 25;
	34AD : 26;
	34AE : 26;
	34AF : 26;
	34B0 : 8D;
	34B1 : 00;
	34B2 : 26;
	34B3 : 25;
	34B4 : 66;
	34B5 : 26;
	34B6 : 66;
	34B7 : 26;
	34B8 : 26;
	34B9 : 8F;
	34BA : 8F;
	34BB : 8F;
	34BC : B7;
	34BD : B7;
	34BE : B7;
	34BF : 21;
	34C0 : 05;
	34C1 : 04;
	34C2 : 05;
	34C3 : 05;
	34C4 : 05;
	34C5 : 05;
	34C6 : 00;
	34C7 : 05;
	34C8 : 05;
	34C9 : 01;
	34CA : 00;
	34CB : 25;
	34CC : 01;
	34CD : 00;
	34CE : 01;
	34CF : 00;
	34D0 : 01;
	34D1 : 21;
	34D2 : 21;
	34D3 : 00;
	34D4 : 00;
	34D5 : 21;
	34D6 : 21;
	34D7 : 21;
	34D8 : 22;
	34D9 : 22;
	34DA : 26;
	34DB : 26;
	34DC : 67;
	34DD : 67;
	34DE : 67;
	34DF : 67;
	34E0 : 67;
	34E1 : 67;
	34E2 : 87;
	34E3 : 00;
	34E4 : 00;
	34E5 : 8D;
	34E6 : 21;
	34E7 : 25;
	34E8 : 25;
	34E9 : 00;
	34EA : 8D;
	34EB : 65;
	34EC : 25;
	34ED : 25;
	34EE : 26;
	34EF : 26;
	34F0 : 8D;
	34F1 : 00;
	34F2 : 21;
	34F3 : 66;
	34F4 : 66;
	34F5 : 66;
	34F6 : 26;
	34F7 : 26;
	34F8 : 26;
	34F9 : 8F;
	34FA : 8F;
	34FB : 8F;
	34FC : B7;
	34FD : B7;
	34FE : B7;
	34FF : 00;
	3500 : 05;
	3501 : 05;
	3502 : 05;
	3503 : 25;
	3504 : 25;
	3505 : 25;
	3506 : 05;
	3507 : 00;
	3508 : 01;
	3509 : 25;
	350A : 00;
	350B : 05;
	350C : 01;
	350D : 25;
	350E : 25;
	350F : 01;
	3510 : 25;
	3511 : 25;
	3512 : 25;
	3513 : 26;
	3514 : 22;
	3515 : 26;
	3516 : 27;
	3517 : 27;
	3518 : 67;
	3519 : 67;
	351A : 67;
	351B : 67;
	351C : 67;
	351D : 67;
	351E : 67;
	351F : 67;
	3520 : 67;
	3521 : 67;
	3522 : 67;
	3523 : 00;
	3524 : 00;
	3525 : 8D;
	3526 : 20;
	3527 : 25;
	3528 : 65;
	3529 : 00;
	352A : 8D;
	352B : 65;
	352C : 65;
	352D : 65;
	352E : 25;
	352F : 25;
	3530 : 8E;
	3531 : 00;
	3532 : 25;
	3533 : 66;
	3534 : 66;
	3535 : 66;
	3536 : 26;
	3537 : 21;
	3538 : 26;
	3539 : 26;
	353A : 8F;
	353B : 8F;
	353C : B7;
	353D : B7;
	353E : B7;
	353F : 00;
	3540 : 05;
	3541 : 25;
	3542 : 05;
	3543 : 25;
	3544 : 05;
	3545 : 25;
	3546 : 25;
	3547 : 25;
	3548 : 01;
	3549 : 05;
	354A : 00;
	354B : 01;
	354C : 01;
	354D : 01;
	354E : 26;
	354F : 25;
	3550 : 26;
	3551 : 26;
	3552 : 26;
	3553 : 26;
	3554 : 26;
	3555 : 26;
	3556 : 27;
	3557 : 67;
	3558 : 67;
	3559 : 67;
	355A : 67;
	355B : 67;
	355C : 67;
	355D : 67;
	355E : 67;
	355F : 87;
	3560 : 63;
	3561 : 87;
	3562 : 67;
	3563 : 00;
	3564 : 00;
	3565 : 8D;
	3566 : 20;
	3567 : 65;
	3568 : 65;
	3569 : 00;
	356A : 8D;
	356B : 25;
	356C : 25;
	356D : 25;
	356E : 25;
	356F : 25;
	3570 : 8E;
	3571 : 00;
	3572 : 25;
	3573 : 26;
	3574 : 66;
	3575 : 66;
	3576 : 66;
	3577 : 66;
	3578 : 26;
	3579 : 26;
	357A : 67;
	357B : 8F;
	357C : B7;
	357D : B7;
	357E : B3;
	357F : 00;
	3580 : 25;
	3581 : 05;
	3582 : 25;
	3583 : 05;
	3584 : 05;
	3585 : 25;
	3586 : 25;
	3587 : 25;
	3588 : 01;
	3589 : 05;
	358A : 01;
	358B : 01;
	358C : 01;
	358D : 25;
	358E : 25;
	358F : 25;
	3590 : 26;
	3591 : 26;
	3592 : 26;
	3593 : 26;
	3594 : 26;
	3595 : 26;
	3596 : 26;
	3597 : 67;
	3598 : 67;
	3599 : 67;
	359A : 67;
	359B : 67;
	359C : 67;
	359D : 67;
	359E : 87;
	359F : 67;
	35A0 : 67;
	35A1 : 87;
	35A2 : 67;
	35A3 : 00;
	35A4 : 00;
	35A5 : 8D;
	35A6 : 20;
	35A7 : 65;
	35A8 : 65;
	35A9 : 00;
	35AA : 8D;
	35AB : 25;
	35AC : 25;
	35AD : 25;
	35AE : 25;
	35AF : 25;
	35B0 : 8D;
	35B1 : 00;
	35B2 : 26;
	35B3 : 66;
	35B4 : 66;
	35B5 : 25;
	35B6 : 66;
	35B7 : 66;
	35B8 : 25;
	35B9 : 26;
	35BA : 6F;
	35BB : 8F;
	35BC : B7;
	35BD : 93;
	35BE : B3;
	35BF : 00;
	35C0 : 25;
	35C1 : 25;
	35C2 : 25;
	35C3 : 25;
	35C4 : 05;
	35C5 : 25;
	35C6 : 25;
	35C7 : 05;
	35C8 : 00;
	35C9 : 25;
	35CA : 00;
	35CB : 00;
	35CC : 25;
	35CD : 25;
	35CE : 25;
	35CF : 25;
	35D0 : 26;
	35D1 : 26;
	35D2 : 26;
	35D3 : 26;
	35D4 : 26;
	35D5 : 26;
	35D6 : 27;
	35D7 : 67;
	35D8 : 67;
	35D9 : 67;
	35DA : 67;
	35DB : 67;
	35DC : 67;
	35DD : 67;
	35DE : 67;
	35DF : 67;
	35E0 : 67;
	35E1 : 87;
	35E2 : 27;
	35E3 : 00;
	35E4 : 00;
	35E5 : 8D;
	35E6 : 20;
	35E7 : 65;
	35E8 : 25;
	35E9 : 00;
	35EA : 8D;
	35EB : 25;
	35EC : 25;
	35ED : 25;
	35EE : 25;
	35EF : 25;
	35F0 : 8D;
	35F1 : 00;
	35F2 : 25;
	35F3 : 26;
	35F4 : 66;
	35F5 : 66;
	35F6 : 66;
	35F7 : 66;
	35F8 : 25;
	35F9 : 26;
	35FA : 8F;
	35FB : 8F;
	35FC : B7;
	35FD : 8F;
	35FE : 8F;
	35FF : 00;
	3600 : 05;
	3601 : 05;
	3602 : 05;
	3603 : 25;
	3604 : 25;
	3605 : 05;
	3606 : 25;
	3607 : 25;
	3608 : 00;
	3609 : 25;
	360A : 00;
	360B : 01;
	360C : 25;
	360D : 25;
	360E : 25;
	360F : 26;
	3610 : 26;
	3611 : 26;
	3612 : 26;
	3613 : 26;
	3614 : 26;
	3615 : 27;
	3616 : 67;
	3617 : 67;
	3618 : 67;
	3619 : 67;
	361A : 67;
	361B : 67;
	361C : 67;
	361D : 67;
	361E : 67;
	361F : 67;
	3620 : 67;
	3621 : 63;
	3622 : 22;
	3623 : 00;
	3624 : FB;
	3625 : 24;
	3626 : 6D;
	3627 : 65;
	3628 : 25;
	3629 : 00;
	362A : 8D;
	362B : 65;
	362C : 25;
	362D : 25;
	362E : 25;
	362F : 25;
	3630 : 8D;
	3631 : 00;
	3632 : 25;
	3633 : 26;
	3634 : 66;
	3635 : 25;
	3636 : 26;
	3637 : 26;
	3638 : 26;
	3639 : 26;
	363A : 6F;
	363B : 8F;
	363C : 8F;
	363D : 26;
	363E : 26;
	363F : 25;
	3640 : 25;
	3641 : 05;
	3642 : 25;
	3643 : 25;
	3644 : 25;
	3645 : 25;
	3646 : 25;
	3647 : 25;
	3648 : 05;
	3649 : 25;
	364A : 00;
	364B : 01;
	364C : 25;
	364D : 25;
	364E : 25;
	364F : 25;
	3650 : 26;
	3651 : 26;
	3652 : 26;
	3653 : 26;
	3654 : 26;
	3655 : 27;
	3656 : 27;
	3657 : 67;
	3658 : 67;
	3659 : 67;
	365A : 67;
	365B : 67;
	365C : 67;
	365D : 67;
	365E : 63;
	365F : 67;
	3660 : 67;
	3661 : 63;
	3662 : 23;
	3663 : 00;
	3664 : B2;
	3665 : 8D;
	3666 : 8D;
	3667 : 25;
	3668 : 65;
	3669 : 00;
	366A : 8D;
	366B : 6D;
	366C : 25;
	366D : 25;
	366E : 25;
	366F : 25;
	3670 : 8D;
	3671 : 00;
	3672 : 25;
	3673 : 25;
	3674 : 25;
	3675 : 25;
	3676 : 26;
	3677 : 25;
	3678 : 26;
	3679 : 26;
	367A : 26;
	367B : 26;
	367C : 26;
	367D : 26;
	367E : 66;
	367F : 24;
	3680 : 05;
	3681 : 25;
	3682 : 05;
	3683 : 05;
	3684 : 05;
	3685 : 25;
	3686 : 25;
	3687 : 25;
	3688 : 01;
	3689 : 05;
	368A : 00;
	368B : 05;
	368C : 25;
	368D : 25;
	368E : 25;
	368F : 25;
	3690 : 26;
	3691 : 26;
	3692 : 26;
	3693 : 26;
	3694 : 26;
	3695 : 26;
	3696 : 26;
	3697 : 27;
	3698 : 67;
	3699 : 67;
	369A : 67;
	369B : 67;
	369C : 67;
	369D : 67;
	369E : 23;
	369F : 67;
	36A0 : 63;
	36A1 : 67;
	36A2 : 23;
	36A3 : 00;
	36A4 : 25;
	36A5 : 8D;
	36A6 : 6D;
	36A7 : 00;
	36A8 : 65;
	36A9 : 00;
	36AA : 8D;
	36AB : 65;
	36AC : 65;
	36AD : 25;
	36AE : 25;
	36AF : 25;
	36B0 : 8D;
	36B1 : 00;
	36B2 : 25;
	36B3 : 25;
	36B4 : 25;
	36B5 : 26;
	36B6 : 25;
	36B7 : 25;
	36B8 : 65;
	36B9 : 66;
	36BA : 26;
	36BB : 26;
	36BC : 26;
	36BD : 26;
	36BE : 26;
	36BF : 20;
	36C0 : 25;
	36C1 : 05;
	36C2 : 25;
	36C3 : 05;
	36C4 : 25;
	36C5 : 25;
	36C6 : 05;
	36C7 : 25;
	36C8 : 00;
	36C9 : 05;
	36CA : 00;
	36CB : 01;
	36CC : 25;
	36CD : 25;
	36CE : 25;
	36CF : 25;
	36D0 : 25;
	36D1 : 25;
	36D2 : 26;
	36D3 : 26;
	36D4 : 26;
	36D5 : 26;
	36D6 : 26;
	36D7 : 26;
	36D8 : 67;
	36D9 : 67;
	36DA : 67;
	36DB : 67;
	36DC : 67;
	36DD : 67;
	36DE : 67;
	36DF : 63;
	36E0 : 23;
	36E1 : 67;
	36E2 : 67;
	36E3 : 00;
	36E4 : 65;
	36E5 : B2;
	36E6 : 6D;
	36E7 : 8D;
	36E8 : 25;
	36E9 : 00;
	36EA : 8D;
	36EB : 65;
	36EC : 65;
	36ED : 65;
	36EE : 65;
	36EF : 25;
	36F0 : 8D;
	36F1 : 00;
	36F2 : 25;
	36F3 : 25;
	36F4 : 25;
	36F5 : 65;
	36F6 : 25;
	36F7 : 25;
	36F8 : 25;
	36F9 : 25;
	36FA : 26;
	36FB : 26;
	36FC : 66;
	36FD : 26;
	36FE : 26;
	36FF : 25;
	3700 : 25;
	3701 : 25;
	3702 : 05;
	3703 : 25;
	3704 : 05;
	3705 : 25;
	3706 : 25;
	3707 : 25;
	3708 : 00;
	3709 : 25;
	370A : 00;
	370B : 05;
	370C : 25;
	370D : 25;
	370E : 25;
	370F : 25;
	3710 : 25;
	3711 : 25;
	3712 : 26;
	3713 : 26;
	3714 : 26;
	3715 : 26;
	3716 : 26;
	3717 : 26;
	3718 : 67;
	3719 : 67;
	371A : 67;
	371B : 67;
	371C : 67;
	371D : 67;
	371E : 67;
	371F : 22;
	3720 : 23;
	3721 : 67;
	3722 : 67;
	3723 : 00;
	3724 : 25;
	3725 : 8D;
	3726 : 8D;
	3727 : 6D;
	3728 : 25;
	3729 : 00;
	372A : 8D;
	372B : 65;
	372C : 65;
	372D : 6D;
	372E : 65;
	372F : 65;
	3730 : 8D;
	3731 : 00;
	3732 : 25;
	3733 : 65;
	3734 : 25;
	3735 : 65;
	3736 : 65;
	3737 : 25;
	3738 : 25;
	3739 : 25;
	373A : 25;
	373B : 26;
	373C : 26;
	373D : 26;
	373E : 66;
	373F : 25;
	3740 : 25;
	3741 : 05;
	3742 : 05;
	3743 : 25;
	3744 : 05;
	3745 : 05;
	3746 : 25;
	3747 : 25;
	3748 : 00;
	3749 : 25;
	374A : 00;
	374B : 01;
	374C : 25;
	374D : 25;
	374E : 25;
	374F : 25;
	3750 : 25;
	3751 : 25;
	3752 : 26;
	3753 : 26;
	3754 : 26;
	3755 : 26;
	3756 : 26;
	3757 : 26;
	3758 : 27;
	3759 : 67;
	375A : 67;
	375B : 67;
	375C : 67;
	375D : 67;
	375E : 67;
	375F : 22;
	3760 : 27;
	3761 : 67;
	3762 : 67;
	3763 : 00;
	3764 : 65;
	3765 : 65;
	3766 : 64;
	3767 : 6D;
	3768 : 6D;
	3769 : 00;
	376A : 6D;
	376B : 65;
	376C : 65;
	376D : 6D;
	376E : 6D;
	376F : 65;
	3770 : 8D;
	3771 : 00;
	3772 : 25;
	3773 : 25;
	3774 : 25;
	3775 : 65;
	3776 : 66;
	3777 : 65;
	3778 : 25;
	3779 : 65;
	377A : 25;
	377B : 25;
	377C : 25;
	377D : 25;
	377E : 26;
	377F : 20;
	3780 : 25;
	3781 : 25;
	3782 : 05;
	3783 : 25;
	3784 : 05;
	3785 : 05;
	3786 : 05;
	3787 : 25;
	3788 : 00;
	3789 : 25;
	378A : 00;
	378B : 00;
	378C : 25;
	378D : 25;
	378E : 25;
	378F : 25;
	3790 : 25;
	3791 : 25;
	3792 : 25;
	3793 : 26;
	3794 : 26;
	3795 : 26;
	3796 : 26;
	3797 : 26;
	3798 : 27;
	3799 : 67;
	379A : 67;
	379B : 67;
	379C : 67;
	379D : 67;
	379E : 67;
	379F : 22;
	37A0 : 67;
	37A1 : 67;
	37A2 : 67;
	37A3 : 00;
	37A4 : 65;
	37A5 : 65;
	37A6 : 65;
	37A7 : 8D;
	37A8 : 8D;
	37A9 : 00;
	37AA : 8D;
	37AB : 65;
	37AC : 6D;
	37AD : 65;
	37AE : 65;
	37AF : 65;
	37B0 : 8D;
	37B1 : 00;
	37B2 : 6D;
	37B3 : 65;
	37B4 : 65;
	37B5 : 25;
	37B6 : 25;
	37B7 : 65;
	37B8 : 65;
	37B9 : 65;
	37BA : 65;
	37BB : 65;
	37BC : 65;
	37BD : 25;
	37BE : 66;
	37BF : 00;
	37C0 : 25;
	37C1 : 25;
	37C2 : 25;
	37C3 : 25;
	37C4 : 25;
	37C5 : 05;
	37C6 : 25;
	37C7 : 25;
	37C8 : 00;
	37C9 : 01;
	37CA : 00;
	37CB : 25;
	37CC : 00;
	37CD : 25;
	37CE : 25;
	37CF : 25;
	37D0 : 25;
	37D1 : 25;
	37D2 : 26;
	37D3 : 26;
	37D4 : 26;
	37D5 : 26;
	37D6 : 26;
	37D7 : 26;
	37D8 : 26;
	37D9 : 27;
	37DA : 67;
	37DB : 67;
	37DC : 67;
	37DD : 67;
	37DE : 67;
	37DF : 22;
	37E0 : 67;
	37E1 : 67;
	37E2 : 67;
	37E3 : 26;
	37E4 : 65;
	37E5 : 65;
	37E6 : 65;
	37E7 : 65;
	37E8 : B2;
	37E9 : 00;
	37EA : 8D;
	37EB : 00;
	37EC : 6D;
	37ED : 65;
	37EE : 65;
	37EF : 65;
	37F0 : 8D;
	37F1 : 00;
	37F2 : 65;
	37F3 : 65;
	37F4 : 65;
	37F5 : 25;
	37F6 : 25;
	37F7 : 25;
	37F8 : 25;
	37F9 : 25;
	37FA : 25;
	37FB : 65;
	37FC : 65;
	37FD : 65;
	37FE : 65;
	37FF : 20;
	3800 : 25;
	3801 : 05;
	3802 : 25;
	3803 : 25;
	3804 : 25;
	3805 : 25;
	3806 : 05;
	3807 : 00;
	3808 : 00;
	3809 : 01;
	380A : 00;
	380B : 05;
	380C : 00;
	380D : 25;
	380E : 25;
	380F : 25;
	3810 : 25;
	3811 : 25;
	3812 : 25;
	3813 : 25;
	3814 : 26;
	3815 : 26;
	3816 : 26;
	3817 : 26;
	3818 : 26;
	3819 : 27;
	381A : 67;
	381B : 67;
	381C : 67;
	381D : 67;
	381E : 67;
	381F : 22;
	3820 : 22;
	3821 : 23;
	3822 : 23;
	3823 : 67;
	3824 : 00;
	3825 : 65;
	3826 : 65;
	3827 : 65;
	3828 : 65;
	3829 : 8D;
	382A : 8D;
	382B : 8D;
	382C : 8D;
	382D : 00;
	382E : 65;
	382F : 65;
	3830 : 8D;
	3831 : 00;
	3832 : 65;
	3833 : 65;
	3834 : 65;
	3835 : 65;
	3836 : 65;
	3837 : 65;
	3838 : 65;
	3839 : 65;
	383A : 25;
	383B : 25;
	383C : 25;
	383D : 25;
	383E : 25;
	383F : 20;
	3840 : 04;
	3841 : 00;
	3842 : 05;
	3843 : 05;
	3844 : 05;
	3845 : 05;
	3846 : 00;
	3847 : 04;
	3848 : 00;
	3849 : 01;
	384A : 00;
	384B : 05;
	384C : 00;
	384D : 25;
	384E : 25;
	384F : 25;
	3850 : 25;
	3851 : 25;
	3852 : 25;
	3853 : 26;
	3854 : 26;
	3855 : 26;
	3856 : 26;
	3857 : 26;
	3858 : 26;
	3859 : 26;
	385A : 27;
	385B : 67;
	385C : 67;
	385D : 67;
	385E : 23;
	385F : 22;
	3860 : 22;
	3861 : 22;
	3862 : 67;
	3863 : 22;
	3864 : 00;
	3865 : 65;
	3866 : 65;
	3867 : 65;
	3868 : 65;
	3869 : 65;
	386A : B1;
	386B : 8D;
	386C : 91;
	386D : 8D;
	386E : 6D;
	386F : 25;
	3870 : 8D;
	3871 : 00;
	3872 : 6D;
	3873 : 65;
	3874 : 65;
	3875 : 6D;
	3876 : 6D;
	3877 : 65;
	3878 : 65;
	3879 : 65;
	387A : 65;
	387B : 65;
	387C : 65;
	387D : 65;
	387E : 65;
	387F : 00;
	3880 : 05;
	3881 : 05;
	3882 : 05;
	3883 : 04;
	3884 : 00;
	3885 : 00;
	3886 : 05;
	3887 : 00;
	3888 : 00;
	3889 : 05;
	388A : 05;
	388B : 05;
	388C : 05;
	388D : 25;
	388E : 25;
	388F : 25;
	3890 : 25;
	3891 : 25;
	3892 : 25;
	3893 : 26;
	3894 : 26;
	3895 : 26;
	3896 : 26;
	3897 : 26;
	3898 : 26;
	3899 : 26;
	389A : 27;
	389B : 67;
	389C : 67;
	389D : 67;
	389E : 67;
	389F : 22;
	38A0 : 22;
	38A1 : 67;
	38A2 : 67;
	38A3 : 67;
	38A4 : 26;
	38A5 : 65;
	38A6 : 65;
	38A7 : 65;
	38A8 : 65;
	38A9 : 6D;
	38AA : 6D;
	38AB : B6;
	38AC : B6;
	38AD : 8D;
	38AE : 8D;
	38AF : 92;
	38B0 : 8D;
	38B1 : 00;
	38B2 : 6D;
	38B3 : 6D;
	38B4 : 65;
	38B5 : 65;
	38B6 : 65;
	38B7 : 65;
	38B8 : 65;
	38B9 : 6D;
	38BA : 6D;
	38BB : 65;
	38BC : 65;
	38BD : 65;
	38BE : 65;
	38BF : 00;
	38C0 : 00;
	38C1 : 00;
	38C2 : 00;
	38C3 : 00;
	38C4 : 00;
	38C5 : 00;
	38C6 : 00;
	38C7 : 00;
	38C8 : 00;
	38C9 : 00;
	38CA : 05;
	38CB : 05;
	38CC : 00;
	38CD : 25;
	38CE : 25;
	38CF : 25;
	38D0 : 25;
	38D1 : 25;
	38D2 : 25;
	38D3 : 26;
	38D4 : 25;
	38D5 : 26;
	38D6 : 26;
	38D7 : 26;
	38D8 : 26;
	38D9 : 26;
	38DA : 27;
	38DB : 67;
	38DC : 67;
	38DD : 67;
	38DE : 67;
	38DF : 22;
	38E0 : 22;
	38E1 : 67;
	38E2 : 67;
	38E3 : 67;
	38E4 : 67;
	38E5 : 00;
	38E6 : 24;
	38E7 : 65;
	38E8 : 65;
	38E9 : 6D;
	38EA : 6D;
	38EB : 6D;
	38EC : 65;
	38ED : 8D;
	38EE : B2;
	38EF : 92;
	38F0 : 8D;
	38F1 : 00;
	38F2 : 24;
	38F3 : 00;
	38F4 : 65;
	38F5 : 65;
	38F6 : 6D;
	38F7 : 65;
	38F8 : 6D;
	38F9 : 6D;
	38FA : 65;
	38FB : 65;
	38FC : 65;
	38FD : 65;
	38FE : 65;
	38FF : 00;
	3900 : 05;
	3901 : 00;
	3902 : 05;
	3903 : 25;
	3904 : 05;
	3905 : 00;
	3906 : 00;
	3907 : 00;
	3908 : 00;
	3909 : 25;
	390A : 05;
	390B : 05;
	390C : 00;
	390D : 25;
	390E : 25;
	390F : 25;
	3910 : 25;
	3911 : 25;
	3912 : 25;
	3913 : 25;
	3914 : 26;
	3915 : 26;
	3916 : 26;
	3917 : 26;
	3918 : 26;
	3919 : 26;
	391A : 26;
	391B : 27;
	391C : 67;
	391D : 67;
	391E : 26;
	391F : 22;
	3920 : 22;
	3921 : 67;
	3922 : 67;
	3923 : 67;
	3924 : 67;
	3925 : 22;
	3926 : 00;
	3927 : 65;
	3928 : 65;
	3929 : 6D;
	392A : 6D;
	392B : 6D;
	392C : 6D;
	392D : 6D;
	392E : 8D;
	392F : D6;
	3930 : 00;
	3931 : 92;
	3932 : 91;
	3933 : 91;
	3934 : 00;
	3935 : 00;
	3936 : 6D;
	3937 : 6D;
	3938 : 6E;
	3939 : 6D;
	393A : 65;
	393B : 65;
	393C : 6D;
	393D : 65;
	393E : 65;
	393F : 00;
	3940 : 05;
	3941 : 05;
	3942 : 05;
	3943 : 05;
	3944 : 05;
	3945 : 25;
	3946 : 25;
	3947 : 05;
	3948 : 01;
	3949 : 00;
	394A : 05;
	394B : 01;
	394C : 00;
	394D : 25;
	394E : 25;
	394F : 25;
	3950 : 25;
	3951 : 25;
	3952 : 25;
	3953 : 25;
	3954 : 25;
	3955 : 26;
	3956 : 26;
	3957 : 26;
	3958 : 26;
	3959 : 26;
	395A : 26;
	395B : 67;
	395C : 67;
	395D : 67;
	395E : 27;
	395F : 21;
	3960 : 26;
	3961 : 67;
	3962 : 67;
	3963 : 67;
	3964 : 67;
	3965 : 67;
	3966 : 22;
	3967 : 00;
	3968 : 65;
	3969 : 6D;
	396A : 6D;
	396B : 6D;
	396C : 6D;
	396D : 6D;
	396E : 6D;
	396F : 6D;
	3970 : 6D;
	3971 : DB;
	3972 : D7;
	3973 : B1;
	3974 : 91;
	3975 : 91;
	3976 : 91;
	3977 : 92;
	3978 : 91;
	3979 : 92;
	397A : 00;
	397B : 00;
	397C : 00;
	397D : 00;
	397E : 00;
	397F : 00;
	3980 : 05;
	3981 : 05;
	3982 : 05;
	3983 : 05;
	3984 : 25;
	3985 : 25;
	3986 : 05;
	3987 : 25;
	3988 : 25;
	3989 : 00;
	398A : 05;
	398B : 01;
	398C : 01;
	398D : 25;
	398E : 25;
	398F : 25;
	3990 : 25;
	3991 : 25;
	3992 : 25;
	3993 : 25;
	3994 : 25;
	3995 : 26;
	3996 : 26;
	3997 : 26;
	3998 : 26;
	3999 : 26;
	399A : 26;
	399B : 26;
	399C : 26;
	399D : 67;
	399E : 26;
	399F : 01;
	39A0 : 26;
	39A1 : 67;
	39A2 : 67;
	39A3 : 67;
	39A4 : 67;
	39A5 : 67;
	39A6 : 67;
	39A7 : 22;
	39A8 : 00;
	39A9 : 65;
	39AA : 6D;
	39AB : 6D;
	39AC : 6D;
	39AD : 6D;
	39AE : 6D;
	39AF : 6D;
	39B0 : 6D;
	39B1 : 6D;
	39B2 : 6D;
	39B3 : 8D;
	39B4 : 91;
	39B5 : D6;
	39B6 : B2;
	39B7 : B2;
	39B8 : 8D;
	39B9 : 8D;
	39BA : 8D;
	39BB : 91;
	39BC : 91;
	39BD : 91;
	39BE : 92;
	39BF : 00;
	39C0 : 05;
	39C1 : 05;
	39C2 : 05;
	39C3 : 25;
	39C4 : 25;
	39C5 : 05;
	39C6 : 05;
	39C7 : 25;
	39C8 : 25;
	39C9 : 00;
	39CA : 25;
	39CB : 05;
	39CC : 05;
	39CD : 25;
	39CE : 25;
	39CF : 25;
	39D0 : 25;
	39D1 : 25;
	39D2 : 25;
	39D3 : 25;
	39D4 : 25;
	39D5 : 26;
	39D6 : 26;
	39D7 : 26;
	39D8 : 26;
	39D9 : 26;
	39DA : 26;
	39DB : 26;
	39DC : 26;
	39DD : 67;
	39DE : 26;
	39DF : 01;
	39E0 : 22;
	39E1 : 67;
	39E2 : 67;
	39E3 : 67;
	39E4 : 67;
	39E5 : 67;
	39E6 : 67;
	39E7 : 67;
	39E8 : 22;
	39E9 : 00;
	39EA : 6D;
	39EB : 6D;
	39EC : 6D;
	39ED : 6D;
	39EE : 6D;
	39EF : 6D;
	39F0 : 6D;
	39F1 : 6D;
	39F2 : 6D;
	39F3 : 8D;
	39F4 : 8D;
	39F5 : 8D;
	39F6 : B2;
	39F7 : B6;
	39F8 : DB;
	39F9 : D7;
	39FA : 8D;
	39FB : 8D;
	39FC : 8D;
	39FD : 8D;
	39FE : 91;
	39FF : B2;
	3A00 : 05;
	3A01 : 05;
	3A02 : 25;
	3A03 : 05;
	3A04 : 25;
	3A05 : 25;
	3A06 : 05;
	3A07 : 05;
	3A08 : 25;
	3A09 : 00;
	3A0A : 05;
	3A0B : 05;
	3A0C : 00;
	3A0D : 25;
	3A0E : 25;
	3A0F : 25;
	3A10 : 25;
	3A11 : 25;
	3A12 : 25;
	3A13 : 25;
	3A14 : 25;
	3A15 : 25;
	3A16 : 26;
	3A17 : 25;
	3A18 : 26;
	3A19 : 26;
	3A1A : 26;
	3A1B : 26;
	3A1C : 26;
	3A1D : 67;
	3A1E : 26;
	3A1F : 01;
	3A20 : 22;
	3A21 : 67;
	3A22 : 67;
	3A23 : 67;
	3A24 : 67;
	3A25 : 67;
	3A26 : 67;
	3A27 : 67;
	3A28 : 67;
	3A29 : 23;
	3A2A : 21;
	3A2B : 65;
	3A2C : 6D;
	3A2D : 6D;
	3A2E : 6D;
	3A2F : 6D;
	3A30 : 6D;
	3A31 : 6D;
	3A32 : 6D;
	3A33 : 8D;
	3A34 : 8D;
	3A35 : 8D;
	3A36 : 8D;
	3A37 : 8D;
	3A38 : 8D;
	3A39 : 8D;
	3A3A : 6D;
	3A3B : 6D;
	3A3C : 8D;
	3A3D : 8D;
	3A3E : 8D;
	3A3F : 8D;
	3A40 : 05;
	3A41 : 05;
	3A42 : 05;
	3A43 : 05;
	3A44 : 05;
	3A45 : 25;
	3A46 : 05;
	3A47 : 05;
	3A48 : 05;
	3A49 : 00;
	3A4A : 05;
	3A4B : 05;
	3A4C : 00;
	3A4D : 05;
	3A4E : 25;
	3A4F : 25;
	3A50 : 25;
	3A51 : 25;
	3A52 : 25;
	3A53 : 25;
	3A54 : 25;
	3A55 : 25;
	3A56 : 26;
	3A57 : 26;
	3A58 : 26;
	3A59 : 26;
	3A5A : 26;
	3A5B : 26;
	3A5C : 26;
	3A5D : 26;
	3A5E : 26;
	3A5F : 01;
	3A60 : 22;
	3A61 : 26;
	3A62 : 67;
	3A63 : 67;
	3A64 : 67;
	3A65 : 67;
	3A66 : 67;
	3A67 : 67;
	3A68 : 67;
	3A69 : 67;
	3A6A : 67;
	3A6B : 00;
	3A6C : 00;
	3A6D : 65;
	3A6E : 6D;
	3A6F : 6D;
	3A70 : 6D;
	3A71 : 6D;
	3A72 : 6D;
	3A73 : 8D;
	3A74 : 8D;
	3A75 : 8D;
	3A76 : 8D;
	3A77 : 8D;
	3A78 : 8D;
	3A79 : 8D;
	3A7A : 8D;
	3A7B : 8D;
	3A7C : 8D;
	3A7D : 8D;
	3A7E : 8D;
	3A7F : 8D;
	3A80 : 05;
	3A81 : 05;
	3A82 : 05;
	3A83 : 05;
	3A84 : 05;
	3A85 : 25;
	3A86 : 25;
	3A87 : 25;
	3A88 : 05;
	3A89 : 00;
	3A8A : 05;
	3A8B : 00;
	3A8C : 05;
	3A8D : 00;
	3A8E : 00;
	3A8F : 00;
	3A90 : 01;
	3A91 : 05;
	3A92 : 01;
	3A93 : 05;
	3A94 : 25;
	3A95 : 25;
	3A96 : 01;
	3A97 : 01;
	3A98 : 21;
	3A99 : 01;
	3A9A : 25;
	3A9B : 25;
	3A9C : 26;
	3A9D : 26;
	3A9E : 67;
	3A9F : 01;
	3AA0 : 21;
	3AA1 : 67;
	3AA2 : 26;
	3AA3 : 67;
	3AA4 : 67;
	3AA5 : 67;
	3AA6 : 67;
	3AA7 : 67;
	3AA8 : 27;
	3AA9 : 67;
	3AAA : 67;
	3AAB : 67;
	3AAC : 22;
	3AAD : 22;
	3AAE : 00;
	3AAF : 6D;
	3AB0 : 6D;
	3AB1 : 6D;
	3AB2 : 6D;
	3AB3 : 8D;
	3AB4 : 8D;
	3AB5 : 8D;
	3AB6 : 8D;
	3AB7 : 8D;
	3AB8 : 8D;
	3AB9 : 8D;
	3ABA : 8D;
	3ABB : 8D;
	3ABC : 8D;
	3ABD : 8D;
	3ABE : 8D;
	3ABF : 8D;
	3AC0 : 05;
	3AC1 : 05;
	3AC2 : 05;
	3AC3 : 05;
	3AC4 : 05;
	3AC5 : 05;
	3AC6 : 25;
	3AC7 : 25;
	3AC8 : 05;
	3AC9 : 00;
	3ACA : 00;
	3ACB : 00;
	3ACC : 00;
	3ACD : 00;
	3ACE : 00;
	3ACF : 00;
	3AD0 : 00;
	3AD1 : 00;
	3AD2 : 00;
	3AD3 : 00;
	3AD4 : 00;
	3AD5 : 00;
	3AD6 : 00;
	3AD7 : 01;
	3AD8 : 01;
	3AD9 : 01;
	3ADA : 01;
	3ADB : 01;
	3ADC : 01;
	3ADD : 01;
	3ADE : 21;
	3ADF : 21;
	3AE0 : 21;
	3AE1 : 26;
	3AE2 : 26;
	3AE3 : 66;
	3AE4 : 26;
	3AE5 : 67;
	3AE6 : 67;
	3AE7 : 67;
	3AE8 : 67;
	3AE9 : 67;
	3AEA : 67;
	3AEB : 67;
	3AEC : 67;
	3AED : 22;
	3AEE : 22;
	3AEF : 22;
	3AF0 : 00;
	3AF1 : 00;
	3AF2 : 6D;
	3AF3 : 8D;
	3AF4 : 8D;
	3AF5 : 8D;
	3AF6 : 8D;
	3AF7 : 8D;
	3AF8 : 8D;
	3AF9 : 8D;
	3AFA : 8D;
	3AFB : 8D;
	3AFC : 8D;
	3AFD : 8D;
	3AFE : 8D;
	3AFF : 8D;
	3B00 : 05;
	3B01 : 05;
	3B02 : 05;
	3B03 : 05;
	3B04 : 05;
	3B05 : 05;
	3B06 : 25;
	3B07 : 25;
	3B08 : 00;
	3B09 : 00;
	3B0A : 00;
	3B0B : 00;
	3B0C : 05;
	3B0D : 01;
	3B0E : 25;
	3B0F : 05;
	3B10 : 25;
	3B11 : 25;
	3B12 : 25;
	3B13 : 25;
	3B14 : 25;
	3B15 : 25;
	3B16 : 25;
	3B17 : 25;
	3B18 : 25;
	3B19 : 25;
	3B1A : 25;
	3B1B : 01;
	3B1C : 21;
	3B1D : 26;
	3B1E : 21;
	3B1F : 26;
	3B20 : 01;
	3B21 : 26;
	3B22 : 26;
	3B23 : 26;
	3B24 : 26;
	3B25 : 26;
	3B26 : 67;
	3B27 : 67;
	3B28 : 67;
	3B29 : 67;
	3B2A : 67;
	3B2B : 67;
	3B2C : 67;
	3B2D : 22;
	3B2E : 22;
	3B2F : 22;
	3B30 : 22;
	3B31 : 22;
	3B32 : 21;
	3B33 : 00;
	3B34 : 00;
	3B35 : 25;
	3B36 : 8D;
	3B37 : 8D;
	3B38 : 8D;
	3B39 : 8D;
	3B3A : 8D;
	3B3B : 8D;
	3B3C : 8D;
	3B3D : 8D;
	3B3E : 8D;
	3B3F : 8D;
	3B40 : 05;
	3B41 : 05;
	3B42 : 05;
	3B43 : 05;
	3B44 : 05;
	3B45 : 25;
	3B46 : 25;
	3B47 : 25;
	3B48 : 05;
	3B49 : 00;
	3B4A : 00;
	3B4B : 00;
	3B4C : 25;
	3B4D : 05;
	3B4E : 25;
	3B4F : 25;
	3B50 : 05;
	3B51 : 05;
	3B52 : 25;
	3B53 : 25;
	3B54 : 25;
	3B55 : 25;
	3B56 : 25;
	3B57 : 25;
	3B58 : 25;
	3B59 : 25;
	3B5A : 26;
	3B5B : 25;
	3B5C : 25;
	3B5D : 25;
	3B5E : 01;
	3B5F : 25;
	3B60 : 21;
	3B61 : 26;
	3B62 : 26;
	3B63 : 26;
	3B64 : 26;
	3B65 : 26;
	3B66 : 26;
	3B67 : 26;
	3B68 : 67;
	3B69 : 27;
	3B6A : 67;
	3B6B : 67;
	3B6C : 67;
	3B6D : 22;
	3B6E : 22;
	3B6F : 22;
	3B70 : 22;
	3B71 : 22;
	3B72 : 23;
	3B73 : 23;
	3B74 : 23;
	3B75 : 22;
	3B76 : 00;
	3B77 : 00;
	3B78 : 00;
	3B79 : 00;
	3B7A : 8D;
	3B7B : 8D;
	3B7C : 8D;
	3B7D : 8D;
	3B7E : 8D;
	3B7F : 8D;
	3B80 : 05;
	3B81 : 05;
	3B82 : 05;
	3B83 : 05;
	3B84 : 05;
	3B85 : 25;
	3B86 : 25;
	3B87 : 25;
	3B88 : 05;
	3B89 : 00;
	3B8A : 00;
	3B8B : 05;
	3B8C : 05;
	3B8D : 05;
	3B8E : 25;
	3B8F : 25;
	3B90 : 25;
	3B91 : 25;
	3B92 : 25;
	3B93 : 25;
	3B94 : 25;
	3B95 : 25;
	3B96 : 25;
	3B97 : 25;
	3B98 : 25;
	3B99 : 25;
	3B9A : 25;
	3B9B : 26;
	3B9C : 01;
	3B9D : 21;
	3B9E : 01;
	3B9F : 25;
	3BA0 : 25;
	3BA1 : 26;
	3BA2 : 26;
	3BA3 : 26;
	3BA4 : 26;
	3BA5 : 26;
	3BA6 : 26;
	3BA7 : 26;
	3BA8 : 26;
	3BA9 : 66;
	3BAA : 67;
	3BAB : 67;
	3BAC : 26;
	3BAD : 22;
	3BAE : 21;
	3BAF : 22;
	3BB0 : 22;
	3BB1 : 67;
	3BB2 : 67;
	3BB3 : 67;
	3BB4 : 67;
	3BB5 : 67;
	3BB6 : 27;
	3BB7 : 23;
	3BB8 : 22;
	3BB9 : 22;
	3BBA : 22;
	3BBB : 22;
	3BBC : 26;
	3BBD : 21;
	3BBE : 21;
	3BBF : 22;
	3BC0 : 05;
	3BC1 : 05;
	3BC2 : 05;
	3BC3 : 05;
	3BC4 : 25;
	3BC5 : 25;
	3BC6 : 05;
	3BC7 : 05;
	3BC8 : 00;
	3BC9 : 00;
	3BCA : 25;
	3BCB : 25;
	3BCC : 25;
	3BCD : 25;
	3BCE : 25;
	3BCF : 25;
	3BD0 : 25;
	3BD1 : 05;
	3BD2 : 05;
	3BD3 : 25;
	3BD4 : 25;
	3BD5 : 25;
	3BD6 : 25;
	3BD7 : 25;
	3BD8 : 25;
	3BD9 : 25;
	3BDA : 25;
	3BDB : 25;
	3BDC : 26;
	3BDD : 25;
	3BDE : 01;
	3BDF : 25;
	3BE0 : 25;
	3BE1 : 25;
	3BE2 : 26;
	3BE3 : 26;
	3BE4 : 26;
	3BE5 : 26;
	3BE6 : 26;
	3BE7 : 66;
	3BE8 : 66;
	3BE9 : 26;
	3BEA : 26;
	3BEB : 26;
	3BEC : 22;
	3BED : 67;
	3BEE : 21;
	3BEF : 22;
	3BF0 : 22;
	3BF1 : 27;
	3BF2 : 67;
	3BF3 : 67;
	3BF4 : 67;
	3BF5 : 67;
	3BF6 : 67;
	3BF7 : 67;
	3BF8 : 27;
	3BF9 : 23;
	3BFA : 22;
	3BFB : 22;
	3BFC : 22;
	3BFD : 22;
	3BFE : 22;
	3BFF : 67;
	3C00 : 05;
	3C01 : 05;
	3C02 : 05;
	3C03 : 05;
	3C04 : 25;
	3C05 : 25;
	3C06 : 05;
	3C07 : 05;
	3C08 : 00;
	3C09 : 00;
	3C0A : 25;
	3C0B : 05;
	3C0C : 05;
	3C0D : 05;
	3C0E : 25;
	3C0F : 25;
	3C10 : 25;
	3C11 : 25;
	3C12 : 25;
	3C13 : 25;
	3C14 : 25;
	3C15 : 25;
	3C16 : 25;
	3C17 : 25;
	3C18 : 25;
	3C19 : 25;
	3C1A : 25;
	3C1B : 25;
	3C1C : 25;
	3C1D : 25;
	3C1E : 01;
	3C1F : 01;
	3C20 : 00;
	3C21 : 21;
	3C22 : 01;
	3C23 : 01;
	3C24 : 01;
	3C25 : 21;
	3C26 : 21;
	3C27 : 21;
	3C28 : 21;
	3C29 : 21;
	3C2A : 21;
	3C2B : 21;
	3C2C : 26;
	3C2D : 21;
	3C2E : 21;
	3C2F : 26;
	3C30 : 26;
	3C31 : 67;
	3C32 : 67;
	3C33 : 67;
	3C34 : 67;
	3C35 : 67;
	3C36 : 67;
	3C37 : 67;
	3C38 : 27;
	3C39 : 27;
	3C3A : 27;
	3C3B : 22;
	3C3C : 22;
	3C3D : 22;
	3C3E : 22;
	3C3F : 27;
	3C40 : 05;
	3C41 : 05;
	3C42 : 25;
	3C43 : 25;
	3C44 : 25;
	3C45 : 25;
	3C46 : 05;
	3C47 : 05;
	3C48 : 00;
	3C49 : 00;
	3C4A : 25;
	3C4B : 25;
	3C4C : 25;
	3C4D : 25;
	3C4E : 25;
	3C4F : 05;
	3C50 : 25;
	3C51 : 25;
	3C52 : 25;
	3C53 : 25;
	3C54 : 25;
	3C55 : 25;
	3C56 : 25;
	3C57 : 25;
	3C58 : 25;
	3C59 : 25;
	3C5A : 25;
	3C5B : 25;
	3C5C : 25;
	3C5D : 05;
	3C5E : 01;
	3C5F : 25;
	3C60 : 25;
	3C61 : 25;
	3C62 : 26;
	3C63 : 26;
	3C64 : 66;
	3C65 : 66;
	3C66 : 66;
	3C67 : 66;
	3C68 : 26;
	3C69 : 67;
	3C6A : 66;
	3C6B : 66;
	3C6C : 26;
	3C6D : 26;
	3C6E : 01;
	3C6F : 26;
	3C70 : 26;
	3C71 : 67;
	3C72 : 67;
	3C73 : 67;
	3C74 : 67;
	3C75 : 67;
	3C76 : 67;
	3C77 : 67;
	3C78 : 67;
	3C79 : 67;
	3C7A : 26;
	3C7B : 26;
	3C7C : 22;
	3C7D : 21;
	3C7E : 22;
	3C7F : 27;
	3C80 : 05;
	3C81 : 05;
	3C82 : 05;
	3C83 : 25;
	3C84 : 25;
	3C85 : 25;
	3C86 : 05;
	3C87 : 25;
	3C88 : 00;
	3C89 : 00;
	3C8A : 25;
	3C8B : 25;
	3C8C : 05;
	3C8D : 25;
	3C8E : 25;
	3C8F : 05;
	3C90 : 25;
	3C91 : 25;
	3C92 : 25;
	3C93 : 25;
	3C94 : 25;
	3C95 : 25;
	3C96 : 25;
	3C97 : 25;
	3C98 : 25;
	3C99 : 25;
	3C9A : 25;
	3C9B : 25;
	3C9C : 25;
	3C9D : 25;
	3C9E : 00;
	3C9F : 25;
	3CA0 : 25;
	3CA1 : 25;
	3CA2 : 25;
	3CA3 : 25;
	3CA4 : 25;
	3CA5 : 26;
	3CA6 : 26;
	3CA7 : 26;
	3CA8 : 26;
	3CA9 : 26;
	3CAA : 26;
	3CAB : 26;
	3CAC : 66;
	3CAD : 26;
	3CAE : 01;
	3CAF : 26;
	3CB0 : 26;
	3CB1 : 66;
	3CB2 : 66;
	3CB3 : 26;
	3CB4 : 67;
	3CB5 : 66;
	3CB6 : 66;
	3CB7 : 66;
	3CB8 : 26;
	3CB9 : 67;
	3CBA : 67;
	3CBB : 67;
	3CBC : 26;
	3CBD : 21;
	3CBE : 67;
	3CBF : 67;
	3CC0 : 05;
	3CC1 : 05;
	3CC2 : 05;
	3CC3 : 25;
	3CC4 : 05;
	3CC5 : 05;
	3CC6 : 05;
	3CC7 : 05;
	3CC8 : 00;
	3CC9 : 05;
	3CCA : 25;
	3CCB : 25;
	3CCC : 05;
	3CCD : 25;
	3CCE : 25;
	3CCF : 05;
	3CD0 : 25;
	3CD1 : 05;
	3CD2 : 25;
	3CD3 : 25;
	3CD4 : 25;
	3CD5 : 25;
	3CD6 : 25;
	3CD7 : 25;
	3CD8 : 25;
	3CD9 : 25;
	3CDA : 25;
	3CDB : 25;
	3CDC : 25;
	3CDD : 25;
	3CDE : 00;
	3CDF : 25;
	3CE0 : 25;
	3CE1 : 25;
	3CE2 : 25;
	3CE3 : 25;
	3CE4 : 25;
	3CE5 : 26;
	3CE6 : 26;
	3CE7 : 26;
	3CE8 : 26;
	3CE9 : 26;
	3CEA : 26;
	3CEB : 26;
	3CEC : 26;
	3CED : 26;
	3CEE : 01;
	3CEF : 26;
	3CF0 : 26;
	3CF1 : 66;
	3CF2 : 66;
	3CF3 : 26;
	3CF4 : 26;
	3CF5 : 66;
	3CF6 : 66;
	3CF7 : 26;
	3CF8 : 26;
	3CF9 : 26;
	3CFA : 26;
	3CFB : 26;
	3CFC : 26;
	3CFD : 01;
	3CFE : 67;
	3CFF : 26;
	3D00 : 05;
	3D01 : 05;
	3D02 : 25;
	3D03 : 05;
	3D04 : 25;
	3D05 : 05;
	3D06 : 04;
	3D07 : 00;
	3D08 : 00;
	3D09 : 05;
	3D0A : 05;
	3D0B : 05;
	3D0C : 05;
	3D0D : 05;
	3D0E : 05;
	3D0F : 25;
	3D10 : 25;
	3D11 : 05;
	3D12 : 05;
	3D13 : 05;
	3D14 : 25;
	3D15 : 25;
	3D16 : 25;
	3D17 : 25;
	3D18 : 25;
	3D19 : 25;
	3D1A : 25;
	3D1B : 25;
	3D1C : 25;
	3D1D : 25;
	3D1E : 00;
	3D1F : 26;
	3D20 : 25;
	3D21 : 25;
	3D22 : 25;
	3D23 : 25;
	3D24 : 25;
	3D25 : 26;
	3D26 : 25;
	3D27 : 26;
	3D28 : 26;
	3D29 : 26;
	3D2A : 26;
	3D2B : 26;
	3D2C : 26;
	3D2D : 26;
	3D2E : 01;
	3D2F : 25;
	3D30 : 66;
	3D31 : 26;
	3D32 : 26;
	3D33 : 26;
	3D34 : 26;
	3D35 : 26;
	3D36 : 26;
	3D37 : 26;
	3D38 : 26;
	3D39 : 26;
	3D3A : 26;
	3D3B : 26;
	3D3C : 26;
	3D3D : 01;
	3D3E : 26;
	3D3F : 66;
	3D40 : 25;
	3D41 : 25;
	3D42 : 25;
	3D43 : 25;
	3D44 : 05;
	3D45 : 00;
	3D46 : 00;
	3D47 : 05;
	3D48 : 05;
	3D49 : 05;
	3D4A : 05;
	3D4B : 05;
	3D4C : 05;
	3D4D : 05;
	3D4E : 25;
	3D4F : 25;
	3D50 : 05;
	3D51 : 05;
	3D52 : 25;
	3D53 : 25;
	3D54 : 05;
	3D55 : 05;
	3D56 : 25;
	3D57 : 25;
	3D58 : 25;
	3D59 : 25;
	3D5A : 25;
	3D5B : 25;
	3D5C : 25;
	3D5D : 00;
	3D5E : 00;
	3D5F : 25;
	3D60 : 25;
	3D61 : 25;
	3D62 : 25;
	3D63 : 25;
	3D64 : 25;
	3D65 : 25;
	3D66 : 25;
	3D67 : 26;
	3D68 : 26;
	3D69 : 25;
	3D6A : 25;
	3D6B : 25;
	3D6C : 26;
	3D6D : 25;
	3D6E : 00;
	3D6F : 25;
	3D70 : 25;
	3D71 : 26;
	3D72 : 26;
	3D73 : 26;
	3D74 : 26;
	3D75 : 26;
	3D76 : 26;
	3D77 : 26;
	3D78 : 26;
	3D79 : 26;
	3D7A : 26;
	3D7B : 26;
	3D7C : 26;
	3D7D : 01;
	3D7E : 26;
	3D7F : 66;
	3D80 : 00;
	3D81 : 00;
	3D82 : 00;
	3D83 : 00;
	3D84 : 00;
	3D85 : 00;
	3D86 : 00;
	3D87 : 25;
	3D88 : 00;
	3D89 : 05;
	3D8A : 05;
	3D8B : 05;
	3D8C : 05;
	3D8D : 05;
	3D8E : 05;
	3D8F : 05;
	3D90 : 05;
	3D91 : 05;
	3D92 : 05;
	3D93 : 25;
	3D94 : 05;
	3D95 : 05;
	3D96 : 25;
	3D97 : 25;
	3D98 : 25;
	3D99 : 25;
	3D9A : 25;
	3D9B : 05;
	3D9C : 05;
	3D9D : 25;
	3D9E : 00;
	3D9F : 25;
	3DA0 : 25;
	3DA1 : 25;
	3DA2 : 25;
	3DA3 : 25;
	3DA4 : 25;
	3DA5 : 25;
	3DA6 : 25;
	3DA7 : 25;
	3DA8 : 25;
	3DA9 : 25;
	3DAA : 25;
	3DAB : 25;
	3DAC : 25;
	3DAD : 25;
	3DAE : 00;
	3DAF : 25;
	3DB0 : 01;
	3DB1 : 26;
	3DB2 : 26;
	3DB3 : 26;
	3DB4 : 26;
	3DB5 : 26;
	3DB6 : 26;
	3DB7 : 26;
	3DB8 : 26;
	3DB9 : 26;
	3DBA : 26;
	3DBB : 26;
	3DBC : 25;
	3DBD : 01;
	3DBE : 26;
	3DBF : 26;
	3DC0 : 00;
	3DC1 : 05;
	3DC2 : 05;
	3DC3 : 05;
	3DC4 : 05;
	3DC5 : 01;
	3DC6 : 00;
	3DC7 : 00;
	3DC8 : 00;
	3DC9 : 00;
	3DCA : 05;
	3DCB : 25;
	3DCC : 05;
	3DCD : 05;
	3DCE : 05;
	3DCF : 05;
	3DD0 : 05;
	3DD1 : 05;
	3DD2 : 25;
	3DD3 : 25;
	3DD4 : 25;
	3DD5 : 25;
	3DD6 : 25;
	3DD7 : 25;
	3DD8 : 25;
	3DD9 : 05;
	3DDA : 05;
	3DDB : 25;
	3DDC : 25;
	3DDD : 00;
	3DDE : 00;
	3DDF : 25;
	3DE0 : 25;
	3DE1 : 25;
	3DE2 : 25;
	3DE3 : 25;
	3DE4 : 25;
	3DE5 : 25;
	3DE6 : 25;
	3DE7 : 25;
	3DE8 : 25;
	3DE9 : 25;
	3DEA : 25;
	3DEB : 25;
	3DEC : 25;
	3DED : 25;
	3DEE : 00;
	3DEF : 25;
	3DF0 : 25;
	3DF1 : 21;
	3DF2 : 26;
	3DF3 : 26;
	3DF4 : 26;
	3DF5 : 26;
	3DF6 : 26;
	3DF7 : 26;
	3DF8 : 26;
	3DF9 : 26;
	3DFA : 26;
	3DFB : 26;
	3DFC : 25;
	3DFD : 00;
	3DFE : 26;
	3DFF : 26;
	3E00 : 00;
	3E01 : 00;
	3E02 : 00;
	3E03 : 00;
	3E04 : 00;
	3E05 : 00;
	3E06 : 00;
	3E07 : 00;
	3E08 : 00;
	3E09 : 00;
	3E0A : 00;
	3E0B : 00;
	3E0C : 00;
	3E0D : 05;
	3E0E : 05;
	3E0F : 05;
	3E10 : 05;
	3E11 : 05;
	3E12 : 25;
	3E13 : 25;
	3E14 : 05;
	3E15 : 25;
	3E16 : 25;
	3E17 : 25;
	3E18 : 25;
	3E19 : 05;
	3E1A : 25;
	3E1B : 25;
	3E1C : 25;
	3E1D : 05;
	3E1E : 00;
	3E1F : 25;
	3E20 : 25;
	3E21 : 25;
	3E22 : 25;
	3E23 : 25;
	3E24 : 25;
	3E25 : 25;
	3E26 : 25;
	3E27 : 25;
	3E28 : 25;
	3E29 : 25;
	3E2A : 25;
	3E2B : 25;
	3E2C : 25;
	3E2D : 25;
	3E2E : 00;
	3E2F : 25;
	3E30 : 26;
	3E31 : 01;
	3E32 : 26;
	3E33 : 25;
	3E34 : 25;
	3E35 : 26;
	3E36 : 25;
	3E37 : 25;
	3E38 : 25;
	3E39 : 26;
	3E3A : 25;
	3E3B : 25;
	3E3C : 25;
	3E3D : 00;
	3E3E : 25;
	3E3F : 25;
	3E40 : 00;
	3E41 : 00;
	3E42 : 00;
	3E43 : 01;
	3E44 : 05;
	3E45 : 01;
	3E46 : 05;
	3E47 : 05;
	3E48 : 05;
	3E49 : 05;
	3E4A : 05;
	3E4B : 05;
	3E4C : 01;
	3E4D : 00;
	3E4E : 00;
	3E4F : 00;
	3E50 : 25;
	3E51 : 25;
	3E52 : 05;
	3E53 : 05;
	3E54 : 05;
	3E55 : 25;
	3E56 : 25;
	3E57 : 05;
	3E58 : 25;
	3E59 : 25;
	3E5A : 25;
	3E5B : 05;
	3E5C : 25;
	3E5D : 00;
	3E5E : 00;
	3E5F : 25;
	3E60 : 25;
	3E61 : 25;
	3E62 : 25;
	3E63 : 25;
	3E64 : 25;
	3E65 : 25;
	3E66 : 25;
	3E67 : 25;
	3E68 : 25;
	3E69 : 25;
	3E6A : 25;
	3E6B : 25;
	3E6C : 25;
	3E6D : 25;
	3E6E : 00;
	3E6F : 25;
	3E70 : 01;
	3E71 : 25;
	3E72 : 25;
	3E73 : 25;
	3E74 : 25;
	3E75 : 26;
	3E76 : 25;
	3E77 : 26;
	3E78 : 25;
	3E79 : 25;
	3E7A : 25;
	3E7B : 25;
	3E7C : 21;
	3E7D : 00;
	3E7E : 25;
	3E7F : 25;
	3E80 : 25;
	3E81 : 05;
	3E82 : 05;
	3E83 : 05;
	3E84 : 05;
	3E85 : 05;
	3E86 : 05;
	3E87 : 05;
	3E88 : 05;
	3E89 : 05;
	3E8A : 05;
	3E8B : 05;
	3E8C : 25;
	3E8D : 25;
	3E8E : 00;
	3E8F : 00;
	3E90 : 00;
	3E91 : 00;
	3E92 : 05;
	3E93 : 05;
	3E94 : 25;
	3E95 : 25;
	3E96 : 25;
	3E97 : 25;
	3E98 : 05;
	3E99 : 05;
	3E9A : 25;
	3E9B : 25;
	3E9C : 25;
	3E9D : 00;
	3E9E : 25;
	3E9F : 25;
	3EA0 : 25;
	3EA1 : 25;
	3EA2 : 25;
	3EA3 : 25;
	3EA4 : 25;
	3EA5 : 25;
	3EA6 : 25;
	3EA7 : 25;
	3EA8 : 25;
	3EA9 : 25;
	3EAA : 25;
	3EAB : 25;
	3EAC : 25;
	3EAD : 25;
	3EAE : 00;
	3EAF : 25;
	3EB0 : 00;
	3EB1 : 25;
	3EB2 : 25;
	3EB3 : 25;
	3EB4 : 25;
	3EB5 : 25;
	3EB6 : 25;
	3EB7 : 25;
	3EB8 : 25;
	3EB9 : 25;
	3EBA : 25;
	3EBB : 26;
	3EBC : 21;
	3EBD : 00;
	3EBE : 25;
	3EBF : 25;
	3EC0 : 05;
	3EC1 : 05;
	3EC2 : 05;
	3EC3 : 05;
	3EC4 : 05;
	3EC5 : 05;
	3EC6 : 05;
	3EC7 : 05;
	3EC8 : 05;
	3EC9 : 00;
	3ECA : 05;
	3ECB : 05;
	3ECC : 05;
	3ECD : 05;
	3ECE : 25;
	3ECF : 05;
	3ED0 : 00;
	3ED1 : 05;
	3ED2 : 05;
	3ED3 : 00;
	3ED4 : 05;
	3ED5 : 25;
	3ED6 : 25;
	3ED7 : 25;
	3ED8 : 25;
	3ED9 : 25;
	3EDA : 05;
	3EDB : 25;
	3EDC : 00;
	3EDD : 00;
	3EDE : 05;
	3EDF : 25;
	3EE0 : 25;
	3EE1 : 25;
	3EE2 : 25;
	3EE3 : 25;
	3EE4 : 25;
	3EE5 : 25;
	3EE6 : 25;
	3EE7 : 25;
	3EE8 : 25;
	3EE9 : 25;
	3EEA : 25;
	3EEB : 25;
	3EEC : 05;
	3EED : 00;
	3EEE : 00;
	3EEF : 05;
	3EF0 : 01;
	3EF1 : 25;
	3EF2 : 25;
	3EF3 : 25;
	3EF4 : 25;
	3EF5 : 25;
	3EF6 : 25;
	3EF7 : 25;
	3EF8 : 25;
	3EF9 : 25;
	3EFA : 25;
	3EFB : 25;
	3EFC : 01;
	3EFD : 00;
	3EFE : 00;
	3EFF : 01;
	3F00 : 05;
	3F01 : 05;
	3F02 : 25;
	3F03 : 05;
	3F04 : 05;
	3F05 : 05;
	3F06 : 05;
	3F07 : 05;
	3F08 : 05;
	3F09 : 05;
	3F0A : 05;
	3F0B : 05;
	3F0C : 05;
	3F0D : 05;
	3F0E : 05;
	3F0F : 25;
	3F10 : 00;
	3F11 : 05;
	3F12 : 05;
	3F13 : 05;
	3F14 : 00;
	3F15 : 05;
	3F16 : 00;
	3F17 : 25;
	3F18 : 25;
	3F19 : 25;
	3F1A : 05;
	3F1B : 05;
	3F1C : 00;
	3F1D : 00;
	3F1E : 05;
	3F1F : 25;
	3F20 : 25;
	3F21 : 25;
	3F22 : 05;
	3F23 : 25;
	3F24 : 25;
	3F25 : 25;
	3F26 : 25;
	3F27 : 25;
	3F28 : 25;
	3F29 : 25;
	3F2A : 05;
	3F2B : 25;
	3F2C : 00;
	3F2D : 01;
	3F2E : 00;
	3F2F : 05;
	3F30 : 25;
	3F31 : 25;
	3F32 : 25;
	3F33 : 25;
	3F34 : 25;
	3F35 : 25;
	3F36 : 25;
	3F37 : 25;
	3F38 : 25;
	3F39 : 25;
	3F3A : 25;
	3F3B : 25;
	3F3C : 01;
	3F3D : 01;
	3F3E : 25;
	3F3F : 25;
	3F40 : 05;
	3F41 : 05;
	3F42 : 05;
	3F43 : 05;
	3F44 : 05;
	3F45 : 05;
	3F46 : 05;
	3F47 : 05;
	3F48 : 05;
	3F49 : 05;
	3F4A : 05;
	3F4B : 05;
	3F4C : 05;
	3F4D : 05;
	3F4E : 05;
	3F4F : 25;
	3F50 : 00;
	3F51 : 00;
	3F52 : 25;
	3F53 : 25;
	3F54 : 05;
	3F55 : 00;
	3F56 : 05;
	3F57 : 00;
	3F58 : 00;
	3F59 : 00;
	3F5A : 00;
	3F5B : 00;
	3F5C : 05;
	3F5D : 25;
	3F5E : 00;
	3F5F : 00;
	3F60 : 05;
	3F61 : 05;
	3F62 : 05;
	3F63 : 05;
	3F64 : 05;
	3F65 : 00;
	3F66 : 05;
	3F67 : 05;
	3F68 : 00;
	3F69 : 00;
	3F6A : 00;
	3F6B : 00;
	3F6C : 25;
	3F6D : 00;
	3F6E : 00;
	3F6F : 00;
	3F70 : 00;
	3F71 : 05;
	3F72 : 25;
	3F73 : 01;
	3F74 : 01;
	3F75 : 21;
	3F76 : 25;
	3F77 : 01;
	3F78 : 25;
	3F79 : 21;
	3F7A : 00;
	3F7B : 05;
	3F7C : 25;
	3F7D : 25;
	3F7E : 25;
	3F7F : 25;
	3F80 : 05;
	3F81 : 05;
	3F82 : 05;
	3F83 : 05;
	3F84 : 05;
	3F85 : 05;
	3F86 : 05;
	3F87 : 05;
	3F88 : 05;
	3F89 : 05;
	3F8A : 05;
	3F8B : 05;
	3F8C : 05;
	3F8D : 05;
	3F8E : 05;
	3F8F : 25;
	3F90 : 00;
	3F91 : 00;
	3F92 : 00;
	3F93 : 00;
	3F94 : 00;
	3F95 : 05;
	3F96 : 05;
	3F97 : 05;
	3F98 : 05;
	3F99 : 05;
	3F9A : 05;
	3F9B : 05;
	3F9C : 05;
	3F9D : 00;
	3F9E : 05;
	3F9F : 05;
	3FA0 : 05;
	3FA1 : 01;
	3FA2 : 00;
	3FA3 : 00;
	3FA4 : 25;
	3FA5 : 00;
	3FA6 : 00;
	3FA7 : 05;
	3FA8 : 05;
	3FA9 : 05;
	3FAA : 25;
	3FAB : 05;
	3FAC : 25;
	3FAD : 25;
	3FAE : 05;
	3FAF : 25;
	3FB0 : 25;
	3FB1 : 25;
	3FB2 : 25;
	3FB3 : 05;
	3FB4 : 25;
	3FB5 : 01;
	3FB6 : 01;
	3FB7 : 25;
	3FB8 : 25;
	3FB9 : 01;
	3FBA : 01;
	3FBB : 00;
	3FBC : 00;
	3FBD : 25;
	3FBE : 01;
	3FBF : 25;
	3FC0 : 05;
	3FC1 : 05;
	3FC2 : 05;
	3FC3 : 05;
	3FC4 : 05;
	3FC5 : 05;
	3FC6 : 05;
	3FC7 : 05;
	3FC8 : 05;
	3FC9 : 05;
	3FCA : 05;
	3FCB : 05;
	3FCC : 05;
	3FCD : 05;
	3FCE : 05;
	3FCF : 25;
	3FD0 : 00;
	3FD1 : 00;
	3FD2 : 00;
	3FD3 : 00;
	3FD4 : 05;
	3FD5 : 25;
	3FD6 : 05;
	3FD7 : 05;
	3FD8 : 05;
	3FD9 : 05;
	3FDA : 00;
	3FDB : 25;
	3FDC : 25;
	3FDD : 05;
	3FDE : 05;
	3FDF : 25;
	3FE0 : 05;
	3FE1 : 25;
	3FE2 : 25;
	3FE3 : 00;
	3FE4 : 00;
	3FE5 : 00;
	3FE6 : 05;
	3FE7 : 05;
	3FE8 : 25;
	3FE9 : 25;
	3FEA : 25;
	3FEB : 25;
	3FEC : 25;
	3FED : 25;
	3FEE : 25;
	3FEF : 25;
	3FF0 : 25;
	3FF1 : 25;
	3FF2 : 25;
	3FF3 : 25;
	3FF4 : 25;
	3FF5 : 25;
	3FF6 : 25;
	3FF7 : 25;
	3FF8 : 25;
	3FF9 : 25;
	3FFA : 25;
	3FFB : 25;
	3FFC : 00;
	3FFD : 01;
	3FFE : 25;
	3FFF : 25;
	4000 : 8D;
	4001 : B7;
	4002 : B7;
	4003 : D7;
	4004 : D7;
	4005 : B7;
	4006 : B7;
	4007 : B7;
	4008 : 8F;
	4009 : B3;
	400A : B7;
	400B : B7;
	400C : B7;
	400D : B7;
	400E : B7;
	400F : 65;
	4010 : 00;
	4011 : 67;
	4012 : 22;
	4013 : 25;
	4014 : 66;
	4015 : 20;
	4016 : 8D;
	4017 : 01;
	4018 : 67;
	4019 : 25;
	401A : 20;
	401B : 8D;
	401C : 67;
	401D : 67;
	401E : 67;
	401F : 67;
	4020 : 67;
	4021 : 67;
	4022 : 67;
	4023 : 22;
	4024 : 21;
	4025 : 26;
	4026 : 26;
	4027 : 26;
	4028 : 26;
	4029 : 26;
	402A : 21;
	402B : 25;
	402C : 26;
	402D : 26;
	402E : 26;
	402F : 25;
	4030 : 26;
	4031 : 25;
	4032 : 21;
	4033 : 00;
	4034 : 00;
	4035 : 00;
	4036 : 25;
	4037 : 25;
	4038 : 05;
	4039 : 00;
	403A : 00;
	403B : 00;
	403C : 00;
	403D : 25;
	403E : 05;
	403F : 25;
	4040 : 8D;
	4041 : B7;
	4042 : D7;
	4043 : D7;
	4044 : D7;
	4045 : B7;
	4046 : B7;
	4047 : B7;
	4048 : 8F;
	4049 : 8F;
	404A : B7;
	404B : B7;
	404C : B7;
	404D : B7;
	404E : B7;
	404F : 8D;
	4050 : 00;
	4051 : B3;
	4052 : 67;
	4053 : 25;
	4054 : 66;
	4055 : 20;
	4056 : 8D;
	4057 : 01;
	4058 : 67;
	4059 : 25;
	405A : 20;
	405B : 8D;
	405C : 67;
	405D : 63;
	405E : 67;
	405F : 67;
	4060 : 67;
	4061 : 67;
	4062 : 67;
	4063 : 22;
	4064 : 22;
	4065 : 26;
	4066 : 26;
	4067 : 26;
	4068 : 26;
	4069 : 26;
	406A : 26;
	406B : 26;
	406C : 21;
	406D : 01;
	406E : 21;
	406F : 21;
	4070 : 21;
	4071 : 00;
	4072 : 25;
	4073 : 25;
	4074 : 05;
	4075 : 25;
	4076 : 25;
	4077 : 05;
	4078 : 05;
	4079 : 05;
	407A : 05;
	407B : 05;
	407C : 00;
	407D : 00;
	407E : 00;
	407F : 01;
	4080 : 8D;
	4081 : B7;
	4082 : D7;
	4083 : D7;
	4084 : D7;
	4085 : D7;
	4086 : B7;
	4087 : D7;
	4088 : 8F;
	4089 : 8F;
	408A : B7;
	408B : B7;
	408C : B7;
	408D : B7;
	408E : B7;
	408F : 8D;
	4090 : 00;
	4091 : 93;
	4092 : 93;
	4093 : 25;
	4094 : 66;
	4095 : 20;
	4096 : 8D;
	4097 : 01;
	4098 : 67;
	4099 : 25;
	409A : 20;
	409B : 8D;
	409C : 67;
	409D : 67;
	409E : 67;
	409F : 67;
	40A0 : 67;
	40A1 : 67;
	40A2 : 67;
	40A3 : 22;
	40A4 : 22;
	40A5 : 21;
	40A6 : 01;
	40A7 : 01;
	40A8 : 01;
	40A9 : 01;
	40AA : 01;
	40AB : 01;
	40AC : 01;
	40AD : 01;
	40AE : 01;
	40AF : 00;
	40B0 : 01;
	40B1 : 00;
	40B2 : 01;
	40B3 : 01;
	40B4 : 00;
	40B5 : 00;
	40B6 : 00;
	40B7 : 00;
	40B8 : 00;
	40B9 : 00;
	40BA : 00;
	40BB : 00;
	40BC : 00;
	40BD : 00;
	40BE : 00;
	40BF : 00;
	40C0 : 8D;
	40C1 : B7;
	40C2 : B7;
	40C3 : D7;
	40C4 : D7;
	40C5 : B7;
	40C6 : B7;
	40C7 : D7;
	40C8 : AF;
	40C9 : 8F;
	40CA : B7;
	40CB : B7;
	40CC : B7;
	40CD : B7;
	40CE : B7;
	40CF : 8D;
	40D0 : 00;
	40D1 : 93;
	40D2 : 93;
	40D3 : 26;
	40D4 : 66;
	40D5 : 21;
	40D6 : 8D;
	40D7 : 01;
	40D8 : 67;
	40D9 : 25;
	40DA : 20;
	40DB : 8D;
	40DC : 67;
	40DD : 67;
	40DE : 67;
	40DF : 67;
	40E0 : 67;
	40E1 : 67;
	40E2 : 67;
	40E3 : 22;
	40E4 : 21;
	40E5 : 67;
	40E6 : 26;
	40E7 : 22;
	40E8 : 22;
	40E9 : 26;
	40EA : 26;
	40EB : 26;
	40EC : 26;
	40ED : 25;
	40EE : 26;
	40EF : 26;
	40F0 : 26;
	40F1 : 25;
	40F2 : 25;
	40F3 : 25;
	40F4 : 01;
	40F5 : 25;
	40F6 : 25;
	40F7 : 05;
	40F8 : 05;
	40F9 : 00;
	40FA : 05;
	40FB : 00;
	40FC : 00;
	40FD : 00;
	40FE : 00;
	40FF : 00;
	4100 : 8D;
	4101 : B7;
	4102 : B7;
	4103 : D7;
	4104 : B7;
	4105 : D7;
	4106 : B7;
	4107 : B7;
	4108 : AF;
	4109 : 8F;
	410A : B7;
	410B : B7;
	410C : B7;
	410D : B7;
	410E : B7;
	410F : 8D;
	4110 : 00;
	4111 : 8F;
	4112 : B3;
	4113 : 26;
	4114 : 66;
	4115 : 21;
	4116 : 8D;
	4117 : 01;
	4118 : 67;
	4119 : 25;
	411A : 20;
	411B : 8D;
	411C : 67;
	411D : 67;
	411E : 67;
	411F : 67;
	4120 : 67;
	4121 : 67;
	4122 : 67;
	4123 : 22;
	4124 : 21;
	4125 : 26;
	4126 : 26;
	4127 : 67;
	4128 : 27;
	4129 : 26;
	412A : 26;
	412B : 26;
	412C : 26;
	412D : 26;
	412E : 26;
	412F : 25;
	4130 : 25;
	4131 : 25;
	4132 : 25;
	4133 : 25;
	4134 : 25;
	4135 : 25;
	4136 : 25;
	4137 : 25;
	4138 : 25;
	4139 : 00;
	413A : 00;
	413B : 00;
	413C : 00;
	413D : 00;
	413E : 25;
	413F : 05;
	4140 : B2;
	4141 : B7;
	4142 : B7;
	4143 : AF;
	4144 : B7;
	4145 : B7;
	4146 : 8F;
	4147 : AF;
	4148 : 8F;
	4149 : 8F;
	414A : B7;
	414B : 8F;
	414C : 93;
	414D : B7;
	414E : B7;
	414F : 8D;
	4150 : 00;
	4151 : 8F;
	4152 : 93;
	4153 : 26;
	4154 : 66;
	4155 : 25;
	4156 : 8D;
	4157 : 01;
	4158 : 67;
	4159 : 25;
	415A : 20;
	415B : 8D;
	415C : 87;
	415D : 67;
	415E : 67;
	415F : 67;
	4160 : 67;
	4161 : 67;
	4162 : 27;
	4163 : 21;
	4164 : 21;
	4165 : 22;
	4166 : 67;
	4167 : 27;
	4168 : 26;
	4169 : 26;
	416A : 26;
	416B : 26;
	416C : 26;
	416D : 26;
	416E : 26;
	416F : 25;
	4170 : 25;
	4171 : 25;
	4172 : 25;
	4173 : 25;
	4174 : 25;
	4175 : 25;
	4176 : 25;
	4177 : 25;
	4178 : 05;
	4179 : 25;
	417A : 00;
	417B : 00;
	417C : 00;
	417D : 25;
	417E : 05;
	417F : 05;
	4180 : B2;
	4181 : B7;
	4182 : B7;
	4183 : D7;
	4184 : B7;
	4185 : B7;
	4186 : 8F;
	4187 : 8F;
	4188 : 8F;
	4189 : AF;
	418A : 8F;
	418B : 8F;
	418C : 93;
	418D : B7;
	418E : B7;
	418F : 8D;
	4190 : 00;
	4191 : 8F;
	4192 : 8F;
	4193 : 26;
	4194 : 67;
	4195 : 25;
	4196 : 8D;
	4197 : 00;
	4198 : 23;
	4199 : 25;
	419A : 20;
	419B : 8D;
	419C : 63;
	419D : 63;
	419E : 63;
	419F : 23;
	41A0 : 23;
	41A1 : 22;
	41A2 : 22;
	41A3 : 22;
	41A4 : 22;
	41A5 : 22;
	41A6 : 27;
	41A7 : 27;
	41A8 : 27;
	41A9 : 26;
	41AA : 26;
	41AB : 26;
	41AC : 26;
	41AD : 26;
	41AE : 26;
	41AF : 25;
	41B0 : 25;
	41B1 : 25;
	41B2 : 25;
	41B3 : 25;
	41B4 : 25;
	41B5 : 25;
	41B6 : 25;
	41B7 : 25;
	41B8 : 25;
	41B9 : 25;
	41BA : 00;
	41BB : 00;
	41BC : 05;
	41BD : 05;
	41BE : 05;
	41BF : 05;
	41C0 : B2;
	41C1 : B7;
	41C2 : B7;
	41C3 : D7;
	41C4 : B7;
	41C5 : B7;
	41C6 : 8F;
	41C7 : 8F;
	41C8 : 8F;
	41C9 : 8F;
	41CA : 8F;
	41CB : 8F;
	41CC : 93;
	41CD : B7;
	41CE : B7;
	41CF : 8D;
	41D0 : 00;
	41D1 : 6F;
	41D2 : 6F;
	41D3 : 26;
	41D4 : 26;
	41D5 : 25;
	41D6 : 8D;
	41D7 : 01;
	41D8 : 67;
	41D9 : 25;
	41DA : 20;
	41DB : 8D;
	41DC : 67;
	41DD : 63;
	41DE : 67;
	41DF : 67;
	41E0 : 67;
	41E1 : 67;
	41E2 : 67;
	41E3 : 22;
	41E4 : 22;
	41E5 : 22;
	41E6 : 27;
	41E7 : 27;
	41E8 : 27;
	41E9 : 26;
	41EA : 26;
	41EB : 26;
	41EC : 26;
	41ED : 26;
	41EE : 26;
	41EF : 26;
	41F0 : 25;
	41F1 : 25;
	41F2 : 25;
	41F3 : 25;
	41F4 : 25;
	41F5 : 25;
	41F6 : 25;
	41F7 : 05;
	41F8 : 05;
	41F9 : 25;
	41FA : 04;
	41FB : 00;
	41FC : 25;
	41FD : 25;
	41FE : 25;
	41FF : 25;
	4200 : B2;
	4201 : B7;
	4202 : B7;
	4203 : D7;
	4204 : AF;
	4205 : AF;
	4206 : AF;
	4207 : 8F;
	4208 : 8F;
	4209 : 8F;
	420A : 8F;
	420B : 8F;
	420C : 93;
	420D : B7;
	420E : B7;
	420F : 8D;
	4210 : 00;
	4211 : 6F;
	4212 : 6F;
	4213 : 26;
	4214 : 26;
	4215 : 25;
	4216 : 8D;
	4217 : 01;
	4218 : 67;
	4219 : 25;
	421A : 20;
	421B : 8D;
	421C : 67;
	421D : 67;
	421E : 67;
	421F : 67;
	4220 : 67;
	4221 : 67;
	4222 : 67;
	4223 : 27;
	4224 : 01;
	4225 : 27;
	4226 : 27;
	4227 : 26;
	4228 : 27;
	4229 : 27;
	422A : 26;
	422B : 26;
	422C : 26;
	422D : 26;
	422E : 26;
	422F : 26;
	4230 : 25;
	4231 : 25;
	4232 : 25;
	4233 : 25;
	4234 : 25;
	4235 : 25;
	4236 : 25;
	4237 : 25;
	4238 : 05;
	4239 : 05;
	423A : 00;
	423B : 00;
	423C : 25;
	423D : 05;
	423E : 25;
	423F : 25;
	4240 : B2;
	4241 : D7;
	4242 : B7;
	4243 : B7;
	4244 : AF;
	4245 : AF;
	4246 : 8F;
	4247 : 8F;
	4248 : AF;
	4249 : 8F;
	424A : 8F;
	424B : 8F;
	424C : 8F;
	424D : B3;
	424E : B7;
	424F : 8D;
	4250 : 00;
	4251 : 8F;
	4252 : 67;
	4253 : 26;
	4254 : 26;
	4255 : 20;
	4256 : 8D;
	4257 : 00;
	4258 : 67;
	4259 : 25;
	425A : 20;
	425B : 8D;
	425C : 87;
	425D : 67;
	425E : 67;
	425F : 67;
	4260 : 67;
	4261 : 67;
	4262 : 67;
	4263 : 21;
	4264 : 21;
	4265 : 23;
	4266 : 67;
	4267 : 67;
	4268 : 67;
	4269 : 26;
	426A : 26;
	426B : 26;
	426C : 26;
	426D : 26;
	426E : 26;
	426F : 26;
	4270 : 25;
	4271 : 25;
	4272 : 25;
	4273 : 25;
	4274 : 25;
	4275 : 25;
	4276 : 25;
	4277 : 25;
	4278 : 05;
	4279 : 05;
	427A : 00;
	427B : 00;
	427C : 25;
	427D : 05;
	427E : 25;
	427F : 25;
	4280 : B2;
	4281 : B7;
	4282 : B7;
	4283 : B7;
	4284 : AF;
	4285 : B3;
	4286 : AF;
	4287 : 8F;
	4288 : 8F;
	4289 : 8F;
	428A : 8F;
	428B : 8F;
	428C : 8F;
	428D : 8F;
	428E : 93;
	428F : 8D;
	4290 : 00;
	4291 : 8F;
	4292 : 67;
	4293 : 66;
	4294 : 26;
	4295 : 25;
	4296 : 8D;
	4297 : 00;
	4298 : 20;
	4299 : 25;
	429A : 20;
	429B : 8D;
	429C : 87;
	429D : 67;
	429E : 67;
	429F : 67;
	42A0 : 67;
	42A1 : 67;
	42A2 : 63;
	42A3 : 22;
	42A4 : 21;
	42A5 : 67;
	42A6 : 67;
	42A7 : 67;
	42A8 : 67;
	42A9 : 27;
	42AA : 26;
	42AB : 26;
	42AC : 26;
	42AD : 26;
	42AE : 26;
	42AF : 26;
	42B0 : 26;
	42B1 : 25;
	42B2 : 25;
	42B3 : 25;
	42B4 : 25;
	42B5 : 25;
	42B6 : 25;
	42B7 : 25;
	42B8 : 25;
	42B9 : 25;
	42BA : 00;
	42BB : 00;
	42BC : 25;
	42BD : 05;
	42BE : 05;
	42BF : 25;
	42C0 : B2;
	42C1 : B7;
	42C2 : B7;
	42C3 : B7;
	42C4 : AF;
	42C5 : AF;
	42C6 : B3;
	42C7 : B3;
	42C8 : 93;
	42C9 : 8F;
	42CA : 8F;
	42CB : 8F;
	42CC : 8F;
	42CD : 8F;
	42CE : 8F;
	42CF : 8D;
	42D0 : 00;
	42D1 : B3;
	42D2 : 6F;
	42D3 : 26;
	42D4 : 26;
	42D5 : 25;
	42D6 : 8D;
	42D7 : 00;
	42D8 : 25;
	42D9 : 25;
	42DA : 20;
	42DB : 8D;
	42DC : 87;
	42DD : 87;
	42DE : 67;
	42DF : 67;
	42E0 : 67;
	42E1 : 67;
	42E2 : 67;
	42E3 : 22;
	42E4 : 21;
	42E5 : 67;
	42E6 : 67;
	42E7 : 67;
	42E8 : 67;
	42E9 : 67;
	42EA : 26;
	42EB : 26;
	42EC : 26;
	42ED : 26;
	42EE : 26;
	42EF : 26;
	42F0 : 26;
	42F1 : 25;
	42F2 : 25;
	42F3 : 25;
	42F4 : 25;
	42F5 : 25;
	42F6 : 25;
	42F7 : 05;
	42F8 : 05;
	42F9 : 25;
	42FA : 00;
	42FB : 00;
	42FC : 25;
	42FD : 05;
	42FE : 25;
	42FF : 05;
	4300 : B2;
	4301 : B7;
	4302 : D7;
	4303 : D7;
	4304 : 8F;
	4305 : AF;
	4306 : B3;
	4307 : B3;
	4308 : 67;
	4309 : 67;
	430A : 8F;
	430B : 8F;
	430C : 8F;
	430D : 8F;
	430E : 8F;
	430F : 91;
	4310 : 00;
	4311 : B3;
	4312 : B3;
	4313 : B3;
	4314 : 26;
	4315 : 25;
	4316 : 8D;
	4317 : 00;
	4318 : 25;
	4319 : 25;
	431A : 20;
	431B : 8D;
	431C : 87;
	431D : 87;
	431E : 67;
	431F : 67;
	4320 : 67;
	4321 : 67;
	4322 : 67;
	4323 : 22;
	4324 : 21;
	4325 : 27;
	4326 : 67;
	4327 : 67;
	4328 : 27;
	4329 : 27;
	432A : 26;
	432B : 26;
	432C : 26;
	432D : 26;
	432E : 26;
	432F : 26;
	4330 : 26;
	4331 : 25;
	4332 : 25;
	4333 : 25;
	4334 : 05;
	4335 : 25;
	4336 : 25;
	4337 : 05;
	4338 : 25;
	4339 : 01;
	433A : 00;
	433B : 00;
	433C : 25;
	433D : 05;
	433E : 25;
	433F : 25;
	4340 : B2;
	4341 : B7;
	4342 : B7;
	4343 : B7;
	4344 : 8F;
	4345 : AF;
	4346 : B3;
	4347 : B3;
	4348 : 67;
	4349 : 67;
	434A : 8F;
	434B : 8F;
	434C : 8F;
	434D : 8F;
	434E : 8F;
	434F : 91;
	4350 : 00;
	4351 : B3;
	4352 : B7;
	4353 : B7;
	4354 : 26;
	4355 : 25;
	4356 : 8D;
	4357 : 00;
	4358 : 25;
	4359 : 25;
	435A : 20;
	435B : 8D;
	435C : 87;
	435D : 87;
	435E : 67;
	435F : 67;
	4360 : 67;
	4361 : 67;
	4362 : 67;
	4363 : 22;
	4364 : 21;
	4365 : 67;
	4366 : 67;
	4367 : 67;
	4368 : 67;
	4369 : 27;
	436A : 26;
	436B : 26;
	436C : 26;
	436D : 26;
	436E : 26;
	436F : 26;
	4370 : 26;
	4371 : 25;
	4372 : 25;
	4373 : 25;
	4374 : 25;
	4375 : 25;
	4376 : 25;
	4377 : 05;
	4378 : 25;
	4379 : 00;
	437A : 01;
	437B : 00;
	437C : 25;
	437D : 05;
	437E : 05;
	437F : 05;
	4380 : B2;
	4381 : B7;
	4382 : D7;
	4383 : AF;
	4384 : AF;
	4385 : 8F;
	4386 : 8F;
	4387 : 8F;
	4388 : 6F;
	4389 : 6F;
	438A : 67;
	438B : 8F;
	438C : 8F;
	438D : 8F;
	438E : 8F;
	438F : 91;
	4390 : 00;
	4391 : B3;
	4392 : B7;
	4393 : B3;
	4394 : 6F;
	4395 : 25;
	4396 : 8D;
	4397 : 00;
	4398 : 25;
	4399 : 25;
	439A : 20;
	439B : 8D;
	439C : 87;
	439D : 87;
	439E : 67;
	439F : 67;
	43A0 : 67;
	43A1 : 67;
	43A2 : 67;
	43A3 : 22;
	43A4 : 21;
	43A5 : 67;
	43A6 : 67;
	43A7 : 67;
	43A8 : 67;
	43A9 : 67;
	43AA : 27;
	43AB : 26;
	43AC : 26;
	43AD : 26;
	43AE : 26;
	43AF : 26;
	43B0 : 26;
	43B1 : 25;
	43B2 : 25;
	43B3 : 25;
	43B4 : 25;
	43B5 : 25;
	43B6 : 25;
	43B7 : 25;
	43B8 : 25;
	43B9 : 00;
	43BA : 05;
	43BB : 00;
	43BC : 25;
	43BD : 05;
	43BE : 25;
	43BF : 05;
	43C0 : B2;
	43C1 : B7;
	43C2 : B7;
	43C3 : 93;
	43C4 : 8F;
	43C5 : 8F;
	43C6 : 67;
	43C7 : 6F;
	43C8 : 26;
	43C9 : 26;
	43CA : 6F;
	43CB : 67;
	43CC : 8F;
	43CD : 8F;
	43CE : 8F;
	43CF : 91;
	43D0 : 00;
	43D1 : B3;
	43D2 : B7;
	43D3 : 6F;
	43D4 : 26;
	43D5 : 25;
	43D6 : 8D;
	43D7 : 00;
	43D8 : 01;
	43D9 : 25;
	43DA : 24;
	43DB : 8D;
	43DC : 87;
	43DD : 87;
	43DE : 87;
	43DF : 67;
	43E0 : 67;
	43E1 : 67;
	43E2 : 67;
	43E3 : 22;
	43E4 : 21;
	43E5 : 27;
	43E6 : 67;
	43E7 : 67;
	43E8 : 67;
	43E9 : 27;
	43EA : 27;
	43EB : 26;
	43EC : 26;
	43ED : 26;
	43EE : 26;
	43EF : 26;
	43F0 : 26;
	43F1 : 26;
	43F2 : 25;
	43F3 : 25;
	43F4 : 25;
	43F5 : 25;
	43F6 : 25;
	43F7 : 25;
	43F8 : 25;
	43F9 : 00;
	43FA : 05;
	43FB : 00;
	43FC : 25;
	43FD : 25;
	43FE : 25;
	43FF : 25;
	4400 : B2;
	4401 : B3;
	4402 : B7;
	4403 : 8F;
	4404 : 8F;
	4405 : 8F;
	4406 : 67;
	4407 : 26;
	4408 : 26;
	4409 : 26;
	440A : 6F;
	440B : 6F;
	440C : 67;
	440D : 67;
	440E : 93;
	440F : 91;
	4410 : 00;
	4411 : B3;
	4412 : 93;
	4413 : 6F;
	4414 : 26;
	4415 : 25;
	4416 : 8D;
	4417 : 00;
	4418 : 25;
	4419 : 25;
	441A : 20;
	441B : 8D;
	441C : 87;
	441D : 87;
	441E : 87;
	441F : 67;
	4420 : 67;
	4421 : 67;
	4422 : 67;
	4423 : 22;
	4424 : 21;
	4425 : 22;
	4426 : 67;
	4427 : 27;
	4428 : 67;
	4429 : 27;
	442A : 27;
	442B : 26;
	442C : 26;
	442D : 26;
	442E : 26;
	442F : 26;
	4430 : 26;
	4431 : 25;
	4432 : 25;
	4433 : 25;
	4434 : 25;
	4435 : 25;
	4436 : 25;
	4437 : 25;
	4438 : 25;
	4439 : 00;
	443A : 05;
	443B : 00;
	443C : 25;
	443D : 05;
	443E : 05;
	443F : 25;
	4440 : B2;
	4441 : B7;
	4442 : B7;
	4443 : B3;
	4444 : 8F;
	4445 : 6F;
	4446 : 26;
	4447 : 26;
	4448 : 26;
	4449 : 26;
	444A : 25;
	444B : 26;
	444C : 26;
	444D : 67;
	444E : 8F;
	444F : 91;
	4450 : 00;
	4451 : B3;
	4452 : 93;
	4453 : 26;
	4454 : 26;
	4455 : 25;
	4456 : 8D;
	4457 : 00;
	4458 : 25;
	4459 : 21;
	445A : 20;
	445B : 8D;
	445C : 00;
	445D : 87;
	445E : 87;
	445F : 67;
	4460 : 67;
	4461 : 67;
	4462 : 67;
	4463 : 22;
	4464 : 21;
	4465 : 22;
	4466 : 67;
	4467 : 67;
	4468 : 67;
	4469 : 27;
	446A : 67;
	446B : 26;
	446C : 26;
	446D : 26;
	446E : 26;
	446F : 26;
	4470 : 26;
	4471 : 26;
	4472 : 25;
	4473 : 25;
	4474 : 25;
	4475 : 25;
	4476 : 25;
	4477 : 25;
	4478 : 25;
	4479 : 00;
	447A : 05;
	447B : 00;
	447C : 25;
	447D : 05;
	447E : 25;
	447F : 05;
	4480 : B2;
	4481 : 8F;
	4482 : B3;
	4483 : 8F;
	4484 : 67;
	4485 : 26;
	4486 : 26;
	4487 : 26;
	4488 : 21;
	4489 : 25;
	448A : 26;
	448B : 25;
	448C : 25;
	448D : 6F;
	448E : 8F;
	448F : 91;
	4490 : 00;
	4491 : 8F;
	4492 : 8F;
	4493 : 26;
	4494 : 26;
	4495 : 25;
	4496 : 8D;
	4497 : 00;
	4498 : 25;
	4499 : 21;
	449A : 20;
	449B : 8D;
	449C : 00;
	449D : 87;
	449E : 87;
	449F : 67;
	44A0 : 67;
	44A1 : 67;
	44A2 : 67;
	44A3 : 22;
	44A4 : 22;
	44A5 : 27;
	44A6 : 67;
	44A7 : 67;
	44A8 : 67;
	44A9 : 67;
	44AA : 26;
	44AB : 27;
	44AC : 26;
	44AD : 26;
	44AE : 26;
	44AF : 26;
	44B0 : 26;
	44B1 : 26;
	44B2 : 25;
	44B3 : 25;
	44B4 : 25;
	44B5 : 25;
	44B6 : 25;
	44B7 : 25;
	44B8 : 25;
	44B9 : 00;
	44BA : 05;
	44BB : 00;
	44BC : 00;
	44BD : 25;
	44BE : 25;
	44BF : 25;
	44C0 : B2;
	44C1 : 6F;
	44C2 : 6F;
	44C3 : 8F;
	44C4 : 26;
	44C5 : 26;
	44C6 : 26;
	44C7 : 26;
	44C8 : 26;
	44C9 : 26;
	44CA : 26;
	44CB : 66;
	44CC : 26;
	44CD : 67;
	44CE : 66;
	44CF : 91;
	44D0 : 00;
	44D1 : 6F;
	44D2 : 8F;
	44D3 : 26;
	44D4 : 66;
	44D5 : 25;
	44D6 : 8D;
	44D7 : 00;
	44D8 : 65;
	44D9 : 21;
	44DA : 20;
	44DB : 8D;
	44DC : 6D;
	44DD : 00;
	44DE : 67;
	44DF : 63;
	44E0 : 67;
	44E1 : 22;
	44E2 : 26;
	44E3 : 22;
	44E4 : 22;
	44E5 : 67;
	44E6 : 67;
	44E7 : 67;
	44E8 : 67;
	44E9 : 27;
	44EA : 27;
	44EB : 26;
	44EC : 26;
	44ED : 26;
	44EE : 26;
	44EF : 26;
	44F0 : 26;
	44F1 : 25;
	44F2 : 25;
	44F3 : 25;
	44F4 : 25;
	44F5 : 25;
	44F6 : 25;
	44F7 : 25;
	44F8 : 25;
	44F9 : 00;
	44FA : 05;
	44FB : 00;
	44FC : 00;
	44FD : 25;
	44FE : 25;
	44FF : 25;
	4500 : B2;
	4501 : 26;
	4502 : 26;
	4503 : 26;
	4504 : 26;
	4505 : 26;
	4506 : 26;
	4507 : 25;
	4508 : 26;
	4509 : 66;
	450A : 66;
	450B : 66;
	450C : 66;
	450D : 26;
	450E : 25;
	450F : 8D;
	4510 : 00;
	4511 : 26;
	4512 : 26;
	4513 : 66;
	4514 : 66;
	4515 : 25;
	4516 : 8D;
	4517 : 00;
	4518 : 25;
	4519 : 25;
	451A : 20;
	451B : 6D;
	451C : 8D;
	451D : 00;
	451E : 87;
	451F : 87;
	4520 : 87;
	4521 : 67;
	4522 : 67;
	4523 : 27;
	4524 : 21;
	4525 : 26;
	4526 : 67;
	4527 : 67;
	4528 : 67;
	4529 : 67;
	452A : 67;
	452B : 26;
	452C : 26;
	452D : 26;
	452E : 26;
	452F : 26;
	4530 : 26;
	4531 : 25;
	4532 : 25;
	4533 : 25;
	4534 : 25;
	4535 : 25;
	4536 : 25;
	4537 : 05;
	4538 : 00;
	4539 : 00;
	453A : 25;
	453B : 00;
	453C : 00;
	453D : 05;
	453E : 25;
	453F : 25;
	4540 : B2;
	4541 : 25;
	4542 : 26;
	4543 : 26;
	4544 : 26;
	4545 : 26;
	4546 : 26;
	4547 : 66;
	4548 : 66;
	4549 : 66;
	454A : 66;
	454B : 66;
	454C : 66;
	454D : 66;
	454E : 26;
	454F : 8D;
	4550 : 00;
	4551 : 26;
	4552 : 66;
	4553 : 66;
	4554 : 26;
	4555 : 25;
	4556 : 8D;
	4557 : 00;
	4558 : 65;
	4559 : 25;
	455A : 20;
	455B : 8D;
	455C : D6;
	455D : 00;
	455E : 87;
	455F : 87;
	4560 : 87;
	4561 : 67;
	4562 : 67;
	4563 : 67;
	4564 : 22;
	4565 : 67;
	4566 : 67;
	4567 : 67;
	4568 : 67;
	4569 : 27;
	456A : 26;
	456B : 26;
	456C : 26;
	456D : 26;
	456E : 26;
	456F : 25;
	4570 : 25;
	4571 : 25;
	4572 : 25;
	4573 : 25;
	4574 : 25;
	4575 : 25;
	4576 : 05;
	4577 : 00;
	4578 : 01;
	4579 : 05;
	457A : 00;
	457B : 00;
	457C : 00;
	457D : 00;
	457E : 00;
	457F : 25;
	4580 : B2;
	4581 : 26;
	4582 : 66;
	4583 : 66;
	4584 : 66;
	4585 : 66;
	4586 : 66;
	4587 : 6E;
	4588 : 66;
	4589 : 66;
	458A : 26;
	458B : 26;
	458C : 26;
	458D : 26;
	458E : 26;
	458F : 8D;
	4590 : 00;
	4591 : 26;
	4592 : 66;
	4593 : 26;
	4594 : 26;
	4595 : 25;
	4596 : 8D;
	4597 : 00;
	4598 : 65;
	4599 : 25;
	459A : 20;
	459B : 8D;
	459C : B6;
	459D : 00;
	459E : 67;
	459F : 87;
	45A0 : 87;
	45A1 : 67;
	45A2 : 67;
	45A3 : 67;
	45A4 : 22;
	45A5 : 26;
	45A6 : 27;
	45A7 : 67;
	45A8 : 27;
	45A9 : 26;
	45AA : 26;
	45AB : 26;
	45AC : 26;
	45AD : 26;
	45AE : 26;
	45AF : 26;
	45B0 : 25;
	45B1 : 25;
	45B2 : 25;
	45B3 : 25;
	45B4 : 05;
	45B5 : 01;
	45B6 : 00;
	45B7 : 01;
	45B8 : 00;
	45B9 : 25;
	45BA : 00;
	45BB : 00;
	45BC : 05;
	45BD : 00;
	45BE : 00;
	45BF : 00;
	45C0 : B2;
	45C1 : 25;
	45C2 : 66;
	45C3 : 26;
	45C4 : 66;
	45C5 : 66;
	45C6 : 66;
	45C7 : 66;
	45C8 : 66;
	45C9 : 66;
	45CA : 26;
	45CB : 26;
	45CC : 26;
	45CD : 26;
	45CE : 25;
	45CF : 8D;
	45D0 : 00;
	45D1 : 26;
	45D2 : 26;
	45D3 : 26;
	45D4 : 25;
	45D5 : 25;
	45D6 : 8D;
	45D7 : 21;
	45D8 : 65;
	45D9 : 21;
	45DA : 20;
	45DB : 8D;
	45DC : D6;
	45DD : 00;
	45DE : 67;
	45DF : 87;
	45E0 : 67;
	45E1 : 67;
	45E2 : 67;
	45E3 : 67;
	45E4 : 22;
	45E5 : 22;
	45E6 : 26;
	45E7 : 26;
	45E8 : 26;
	45E9 : 26;
	45EA : 67;
	45EB : 26;
	45EC : 66;
	45ED : 26;
	45EE : 26;
	45EF : 26;
	45F0 : 26;
	45F1 : 25;
	45F2 : 25;
	45F3 : 01;
	45F4 : 00;
	45F5 : 05;
	45F6 : 05;
	45F7 : 05;
	45F8 : 25;
	45F9 : 00;
	45FA : 00;
	45FB : 00;
	45FC : 05;
	45FD : 05;
	45FE : 00;
	45FF : 05;
	4600 : B2;
	4601 : 25;
	4602 : 66;
	4603 : 26;
	4604 : 66;
	4605 : 66;
	4606 : 66;
	4607 : 66;
	4608 : 66;
	4609 : 26;
	460A : 26;
	460B : 26;
	460C : 26;
	460D : 26;
	460E : 25;
	460F : 8D;
	4610 : 00;
	4611 : 26;
	4612 : 26;
	4613 : 26;
	4614 : 25;
	4615 : 25;
	4616 : 8D;
	4617 : 25;
	4618 : 65;
	4619 : 25;
	461A : 65;
	461B : 8D;
	461C : 64;
	461D : 00;
	461E : 23;
	461F : 87;
	4620 : 67;
	4621 : 67;
	4622 : 67;
	4623 : 67;
	4624 : 22;
	4625 : 21;
	4626 : 21;
	4627 : 01;
	4628 : 21;
	4629 : 01;
	462A : 21;
	462B : 01;
	462C : 01;
	462D : 01;
	462E : 00;
	462F : 00;
	4630 : 01;
	4631 : 01;
	4632 : 01;
	4633 : 00;
	4634 : 00;
	4635 : 00;
	4636 : 00;
	4637 : 00;
	4638 : 00;
	4639 : 00;
	463A : 00;
	463B : 00;
	463C : 00;
	463D : 00;
	463E : 00;
	463F : 00;
	4640 : B2;
	4641 : 66;
	4642 : 6E;
	4643 : 6E;
	4644 : 66;
	4645 : 66;
	4646 : 66;
	4647 : 26;
	4648 : 66;
	4649 : 26;
	464A : 26;
	464B : 26;
	464C : 25;
	464D : 26;
	464E : 25;
	464F : 8D;
	4650 : 00;
	4651 : 26;
	4652 : 25;
	4653 : 25;
	4654 : 65;
	4655 : 25;
	4656 : 8D;
	4657 : 25;
	4658 : 65;
	4659 : 00;
	465A : 8D;
	465B : 8D;
	465C : 24;
	465D : 00;
	465E : 67;
	465F : 67;
	4660 : 67;
	4661 : 67;
	4662 : 67;
	4663 : 67;
	4664 : 22;
	4665 : 26;
	4666 : 26;
	4667 : 26;
	4668 : 26;
	4669 : 26;
	466A : 26;
	466B : 26;
	466C : 26;
	466D : 25;
	466E : 26;
	466F : 25;
	4670 : 25;
	4671 : 25;
	4672 : 05;
	4673 : 25;
	4674 : 05;
	4675 : 05;
	4676 : 05;
	4677 : 05;
	4678 : 05;
	4679 : 00;
	467A : 05;
	467B : 05;
	467C : 05;
	467D : 00;
	467E : 05;
	467F : 25;
	4680 : B2;
	4681 : 25;
	4682 : 66;
	4683 : 26;
	4684 : 66;
	4685 : 26;
	4686 : 26;
	4687 : 26;
	4688 : 66;
	4689 : 66;
	468A : 26;
	468B : 26;
	468C : 25;
	468D : 26;
	468E : 25;
	468F : 8D;
	4690 : 00;
	4691 : 26;
	4692 : 25;
	4693 : 66;
	4694 : 65;
	4695 : 25;
	4696 : 8D;
	4697 : 20;
	4698 : 65;
	4699 : 6D;
	469A : 8D;
	469B : D6;
	469C : 24;
	469D : 00;
	469E : 63;
	469F : 63;
	46A0 : 67;
	46A1 : 67;
	46A2 : 67;
	46A3 : 67;
	46A4 : 22;
	46A5 : 21;
	46A6 : 26;
	46A7 : 27;
	46A8 : 27;
	46A9 : 26;
	46AA : 26;
	46AB : 26;
	46AC : 26;
	46AD : 26;
	46AE : 26;
	46AF : 26;
	46B0 : 25;
	46B1 : 25;
	46B2 : 25;
	46B3 : 25;
	46B4 : 25;
	46B5 : 25;
	46B6 : 05;
	46B7 : 25;
	46B8 : 05;
	46B9 : 05;
	46BA : 05;
	46BB : 25;
	46BC : 05;
	46BD : 00;
	46BE : 00;
	46BF : 05;
	46C0 : B2;
	46C1 : 25;
	46C2 : 26;
	46C3 : 26;
	46C4 : 26;
	46C5 : 26;
	46C6 : 66;
	46C7 : 66;
	46C8 : 66;
	46C9 : 26;
	46CA : 25;
	46CB : 26;
	46CC : 26;
	46CD : 26;
	46CE : 65;
	46CF : 8D;
	46D0 : 00;
	46D1 : 65;
	46D2 : 65;
	46D3 : 65;
	46D4 : 65;
	46D5 : 24;
	46D6 : 8D;
	46D7 : 00;
	46D8 : 00;
	46D9 : 8D;
	46DA : 6D;
	46DB : 64;
	46DC : 25;
	46DD : 00;
	46DE : 63;
	46DF : 67;
	46E0 : 67;
	46E1 : 67;
	46E2 : 67;
	46E3 : 67;
	46E4 : 26;
	46E5 : 21;
	46E6 : 67;
	46E7 : 27;
	46E8 : 27;
	46E9 : 26;
	46EA : 26;
	46EB : 26;
	46EC : 26;
	46ED : 26;
	46EE : 26;
	46EF : 26;
	46F0 : 25;
	46F1 : 25;
	46F2 : 25;
	46F3 : 25;
	46F4 : 25;
	46F5 : 25;
	46F6 : 25;
	46F7 : 25;
	46F8 : 05;
	46F9 : 05;
	46FA : 05;
	46FB : 25;
	46FC : 25;
	46FD : 00;
	46FE : 05;
	46FF : 05;
	4700 : 92;
	4701 : 25;
	4702 : 66;
	4703 : 66;
	4704 : 66;
	4705 : 66;
	4706 : 26;
	4707 : 26;
	4708 : 25;
	4709 : 66;
	470A : 26;
	470B : 26;
	470C : 26;
	470D : 66;
	470E : 25;
	470F : 8D;
	4710 : 00;
	4711 : 65;
	4712 : 65;
	4713 : 65;
	4714 : 65;
	4715 : 24;
	4716 : 8D;
	4717 : 00;
	4718 : 00;
	4719 : 8D;
	471A : 8D;
	471B : 65;
	471C : 65;
	471D : 00;
	471E : 67;
	471F : 63;
	4720 : 67;
	4721 : 67;
	4722 : 67;
	4723 : 67;
	4724 : 26;
	4725 : 22;
	4726 : 67;
	4727 : 27;
	4728 : 27;
	4729 : 26;
	472A : 26;
	472B : 26;
	472C : 26;
	472D : 26;
	472E : 26;
	472F : 25;
	4730 : 25;
	4731 : 25;
	4732 : 25;
	4733 : 25;
	4734 : 25;
	4735 : 25;
	4736 : 25;
	4737 : 05;
	4738 : 05;
	4739 : 25;
	473A : 05;
	473B : 25;
	473C : 25;
	473D : 05;
	473E : 00;
	473F : 05;
	4740 : 8D;
	4741 : 25;
	4742 : 26;
	4743 : 66;
	4744 : 66;
	4745 : 26;
	4746 : 66;
	4747 : 66;
	4748 : 66;
	4749 : 66;
	474A : 66;
	474B : 66;
	474C : 65;
	474D : 25;
	474E : 25;
	474F : 8D;
	4750 : 00;
	4751 : 65;
	4752 : 65;
	4753 : 6D;
	4754 : 65;
	4755 : 24;
	4756 : 8D;
	4757 : 20;
	4758 : 8D;
	4759 : B2;
	475A : 6D;
	475B : 65;
	475C : 65;
	475D : 00;
	475E : 67;
	475F : 67;
	4760 : 67;
	4761 : 67;
	4762 : 67;
	4763 : 67;
	4764 : 26;
	4765 : 22;
	4766 : 67;
	4767 : 27;
	4768 : 27;
	4769 : 26;
	476A : 26;
	476B : 26;
	476C : 26;
	476D : 26;
	476E : 26;
	476F : 25;
	4770 : 25;
	4771 : 25;
	4772 : 25;
	4773 : 25;
	4774 : 25;
	4775 : 25;
	4776 : 25;
	4777 : 25;
	4778 : 05;
	4779 : 05;
	477A : 05;
	477B : 05;
	477C : 25;
	477D : 05;
	477E : 00;
	477F : 05;
	4780 : 91;
	4781 : 25;
	4782 : 66;
	4783 : 66;
	4784 : 66;
	4785 : 66;
	4786 : 66;
	4787 : 66;
	4788 : 66;
	4789 : 26;
	478A : 26;
	478B : 65;
	478C : 25;
	478D : 25;
	478E : 6D;
	478F : 8D;
	4790 : 00;
	4791 : 65;
	4792 : 65;
	4793 : 6D;
	4794 : 65;
	4795 : 25;
	4796 : 8D;
	4797 : 20;
	4798 : B2;
	4799 : 6D;
	479A : 65;
	479B : 65;
	479C : 65;
	479D : 00;
	479E : 63;
	479F : 67;
	47A0 : 67;
	47A1 : 67;
	47A2 : 67;
	47A3 : 27;
	47A4 : 26;
	47A5 : 22;
	47A6 : 67;
	47A7 : 26;
	47A8 : 26;
	47A9 : 26;
	47AA : 26;
	47AB : 26;
	47AC : 26;
	47AD : 25;
	47AE : 26;
	47AF : 25;
	47B0 : 25;
	47B1 : 25;
	47B2 : 25;
	47B3 : 25;
	47B4 : 25;
	47B5 : 25;
	47B6 : 25;
	47B7 : 25;
	47B8 : 25;
	47B9 : 05;
	47BA : 05;
	47BB : 05;
	47BC : 05;
	47BD : 00;
	47BE : 00;
	47BF : 05;
	47C0 : 8D;
	47C1 : 25;
	47C2 : 66;
	47C3 : 66;
	47C4 : 65;
	47C5 : 26;
	47C6 : 66;
	47C7 : 26;
	47C8 : 66;
	47C9 : 25;
	47CA : 25;
	47CB : 6E;
	47CC : 65;
	47CD : 65;
	47CE : 65;
	47CF : 8D;
	47D0 : 00;
	47D1 : 65;
	47D2 : 65;
	47D3 : 65;
	47D4 : 6D;
	47D5 : 20;
	47D6 : 8D;
	47D7 : 65;
	47D8 : 6D;
	47D9 : 65;
	47DA : 65;
	47DB : 65;
	47DC : 20;
	47DD : 23;
	47DE : 67;
	47DF : 27;
	47E0 : 67;
	47E1 : 67;
	47E2 : 27;
	47E3 : 67;
	47E4 : 26;
	47E5 : 26;
	47E6 : 67;
	47E7 : 26;
	47E8 : 26;
	47E9 : 26;
	47EA : 26;
	47EB : 26;
	47EC : 26;
	47ED : 26;
	47EE : 26;
	47EF : 25;
	47F0 : 25;
	47F1 : 25;
	47F2 : 25;
	47F3 : 25;
	47F4 : 25;
	47F5 : 25;
	47F6 : 25;
	47F7 : 25;
	47F8 : 25;
	47F9 : 25;
	47FA : 05;
	47FB : 05;
	47FC : 05;
	47FD : 00;
	47FE : 00;
	47FF : 05;
	4800 : 8D;
	4801 : 25;
	4802 : 26;
	4803 : 26;
	4804 : 26;
	4805 : 25;
	4806 : 6E;
	4807 : 66;
	4808 : 65;
	4809 : 65;
	480A : 65;
	480B : 65;
	480C : 65;
	480D : 65;
	480E : 6D;
	480F : 8D;
	4810 : 00;
	4811 : 65;
	4812 : 6D;
	4813 : 00;
	4814 : 8D;
	4815 : 8D;
	4816 : B2;
	4817 : 6D;
	4818 : 65;
	4819 : 65;
	481A : 65;
	481B : 65;
	481C : 21;
	481D : 67;
	481E : 67;
	481F : 67;
	4820 : 67;
	4821 : 67;
	4822 : 27;
	4823 : 67;
	4824 : 26;
	4825 : 21;
	4826 : 67;
	4827 : 26;
	4828 : 26;
	4829 : 26;
	482A : 26;
	482B : 26;
	482C : 26;
	482D : 26;
	482E : 26;
	482F : 25;
	4830 : 25;
	4831 : 25;
	4832 : 25;
	4833 : 25;
	4834 : 25;
	4835 : 25;
	4836 : 25;
	4837 : 25;
	4838 : 25;
	4839 : 05;
	483A : 25;
	483B : 25;
	483C : 05;
	483D : 05;
	483E : 00;
	483F : 05;
	4840 : 8D;
	4841 : 65;
	4842 : 65;
	4843 : 65;
	4844 : 65;
	4845 : 65;
	4846 : 65;
	4847 : 65;
	4848 : 65;
	4849 : 65;
	484A : 65;
	484B : 65;
	484C : 65;
	484D : 6D;
	484E : 65;
	484F : 8D;
	4850 : 00;
	4851 : 24;
	4852 : 24;
	4853 : 8D;
	4854 : 8D;
	4855 : B2;
	4856 : 6D;
	4857 : 65;
	4858 : 65;
	4859 : 65;
	485A : 65;
	485B : 25;
	485C : 22;
	485D : 67;
	485E : 67;
	485F : 67;
	4860 : 67;
	4861 : 67;
	4862 : 27;
	4863 : 67;
	4864 : 26;
	4865 : 21;
	4866 : 67;
	4867 : 26;
	4868 : 26;
	4869 : 26;
	486A : 26;
	486B : 26;
	486C : 26;
	486D : 26;
	486E : 25;
	486F : 25;
	4870 : 25;
	4871 : 25;
	4872 : 25;
	4873 : 25;
	4874 : 25;
	4875 : 25;
	4876 : 05;
	4877 : 05;
	4878 : 05;
	4879 : 25;
	487A : 25;
	487B : 25;
	487C : 05;
	487D : 00;
	487E : 00;
	487F : 05;
	4880 : 8D;
	4881 : 65;
	4882 : 65;
	4883 : 65;
	4884 : 65;
	4885 : 65;
	4886 : 65;
	4887 : 6D;
	4888 : 6D;
	4889 : 65;
	488A : 65;
	488B : 6D;
	488C : 6D;
	488D : 65;
	488E : 65;
	488F : 8D;
	4890 : 00;
	4891 : 8D;
	4892 : 8D;
	4893 : 8D;
	4894 : D6;
	4895 : 6D;
	4896 : 6D;
	4897 : 65;
	4898 : 65;
	4899 : 65;
	489A : 65;
	489B : 00;
	489C : 27;
	489D : 67;
	489E : 27;
	489F : 67;
	48A0 : 67;
	48A1 : 67;
	48A2 : 26;
	48A3 : 26;
	48A4 : 26;
	48A5 : 21;
	48A6 : 67;
	48A7 : 26;
	48A8 : 26;
	48A9 : 26;
	48AA : 26;
	48AB : 26;
	48AC : 26;
	48AD : 26;
	48AE : 25;
	48AF : 25;
	48B0 : 25;
	48B1 : 25;
	48B2 : 25;
	48B3 : 25;
	48B4 : 25;
	48B5 : 25;
	48B6 : 05;
	48B7 : 25;
	48B8 : 25;
	48B9 : 05;
	48BA : 05;
	48BB : 05;
	48BC : 05;
	48BD : 00;
	48BE : 00;
	48BF : 05;
	48C0 : 8D;
	48C1 : 65;
	48C2 : 6D;
	48C3 : 65;
	48C4 : 65;
	48C5 : 65;
	48C6 : 65;
	48C7 : 65;
	48C8 : 65;
	48C9 : 65;
	48CA : 65;
	48CB : 6D;
	48CC : 6D;
	48CD : 20;
	48CE : 65;
	48CF : 8D;
	48D0 : 00;
	48D1 : B2;
	48D2 : B2;
	48D3 : 8D;
	48D4 : 6D;
	48D5 : 6D;
	48D6 : 6D;
	48D7 : 6D;
	48D8 : 65;
	48D9 : 65;
	48DA : 25;
	48DB : 22;
	48DC : 22;
	48DD : 22;
	48DE : 26;
	48DF : 22;
	48E0 : 26;
	48E1 : 26;
	48E2 : 26;
	48E3 : 26;
	48E4 : 26;
	48E5 : 21;
	48E6 : 67;
	48E7 : 26;
	48E8 : 26;
	48E9 : 26;
	48EA : 26;
	48EB : 26;
	48EC : 26;
	48ED : 25;
	48EE : 25;
	48EF : 25;
	48F0 : 25;
	48F1 : 25;
	48F2 : 25;
	48F3 : 25;
	48F4 : 25;
	48F5 : 25;
	48F6 : 25;
	48F7 : 25;
	48F8 : 05;
	48F9 : 05;
	48FA : 25;
	48FB : 05;
	48FC : 25;
	48FD : 04;
	48FE : 00;
	48FF : 00;
	4900 : 8D;
	4901 : 6D;
	4902 : 6D;
	4903 : 6D;
	4904 : 6D;
	4905 : 65;
	4906 : 65;
	4907 : 65;
	4908 : 6D;
	4909 : 6D;
	490A : 65;
	490B : 00;
	490C : 00;
	490D : 91;
	490E : 91;
	490F : 00;
	4910 : B2;
	4911 : D6;
	4912 : 8D;
	4913 : 6D;
	4914 : 6D;
	4915 : 6D;
	4916 : 6D;
	4917 : 6D;
	4918 : 65;
	4919 : 65;
	491A : 00;
	491B : 22;
	491C : 27;
	491D : 22;
	491E : 67;
	491F : 67;
	4920 : 67;
	4921 : 26;
	4922 : 26;
	4923 : 26;
	4924 : 26;
	4925 : 21;
	4926 : 66;
	4927 : 26;
	4928 : 26;
	4929 : 26;
	492A : 26;
	492B : 26;
	492C : 26;
	492D : 25;
	492E : 25;
	492F : 25;
	4930 : 25;
	4931 : 25;
	4932 : 25;
	4933 : 25;
	4934 : 25;
	4935 : 25;
	4936 : 25;
	4937 : 05;
	4938 : 25;
	4939 : 05;
	493A : 05;
	493B : 05;
	493C : 05;
	493D : 00;
	493E : 00;
	493F : 00;
	4940 : 8D;
	4941 : 00;
	4942 : 00;
	4943 : 00;
	4944 : 00;
	4945 : 00;
	4946 : 00;
	4947 : 8D;
	4948 : 8D;
	4949 : 8D;
	494A : 8D;
	494B : 91;
	494C : 91;
	494D : B1;
	494E : D6;
	494F : 91;
	4950 : 6D;
	4951 : 6D;
	4952 : 6D;
	4953 : 6D;
	4954 : 6D;
	4955 : 6D;
	4956 : 6D;
	4957 : 6D;
	4958 : 65;
	4959 : 01;
	495A : 27;
	495B : 67;
	495C : 67;
	495D : 67;
	495E : 67;
	495F : 67;
	4960 : 67;
	4961 : 27;
	4962 : 26;
	4963 : 26;
	4964 : 26;
	4965 : 01;
	4966 : 66;
	4967 : 26;
	4968 : 26;
	4969 : 26;
	496A : 26;
	496B : 25;
	496C : 25;
	496D : 25;
	496E : 25;
	496F : 25;
	4970 : 25;
	4971 : 25;
	4972 : 25;
	4973 : 25;
	4974 : 25;
	4975 : 25;
	4976 : 05;
	4977 : 05;
	4978 : 05;
	4979 : 25;
	497A : 05;
	497B : 25;
	497C : 05;
	497D : 01;
	497E : 00;
	497F : 00;
	4980 : 8D;
	4981 : 8E;
	4982 : 91;
	4983 : 91;
	4984 : 91;
	4985 : 91;
	4986 : 8D;
	4987 : 8D;
	4988 : 8D;
	4989 : B2;
	498A : B6;
	498B : 91;
	498C : 8D;
	498D : 8D;
	498E : 8D;
	498F : 6D;
	4990 : 6D;
	4991 : 6D;
	4992 : 6D;
	4993 : 6D;
	4994 : 6D;
	4995 : 6D;
	4996 : 6D;
	4997 : 65;
	4998 : 01;
	4999 : 22;
	499A : 67;
	499B : 67;
	499C : 67;
	499D : 67;
	499E : 67;
	499F : 67;
	49A0 : 67;
	49A1 : 26;
	49A2 : 26;
	49A3 : 26;
	49A4 : 21;
	49A5 : 01;
	49A6 : 26;
	49A7 : 26;
	49A8 : 26;
	49A9 : 26;
	49AA : 26;
	49AB : 25;
	49AC : 25;
	49AD : 25;
	49AE : 25;
	49AF : 25;
	49B0 : 25;
	49B1 : 25;
	49B2 : 25;
	49B3 : 25;
	49B4 : 25;
	49B5 : 05;
	49B6 : 05;
	49B7 : 25;
	49B8 : 05;
	49B9 : 05;
	49BA : 05;
	49BB : 25;
	49BC : 05;
	49BD : 05;
	49BE : 00;
	49BF : 05;
	49C0 : 00;
	49C1 : 91;
	49C2 : 8D;
	49C3 : 8D;
	49C4 : 91;
	49C5 : 91;
	49C6 : D6;
	49C7 : DB;
	49C8 : D7;
	49C9 : B6;
	49CA : 8D;
	49CB : 8D;
	49CC : 8D;
	49CD : 8D;
	49CE : 6D;
	49CF : 6D;
	49D0 : 6D;
	49D1 : 6D;
	49D2 : 6D;
	49D3 : 6D;
	49D4 : 8D;
	49D5 : 6D;
	49D6 : 00;
	49D7 : 00;
	49D8 : 22;
	49D9 : 67;
	49DA : 67;
	49DB : 27;
	49DC : 67;
	49DD : 67;
	49DE : 67;
	49DF : 27;
	49E0 : 26;
	49E1 : 26;
	49E2 : 26;
	49E3 : 66;
	49E4 : 25;
	49E5 : 01;
	49E6 : 26;
	49E7 : 26;
	49E8 : 26;
	49E9 : 26;
	49EA : 25;
	49EB : 25;
	49EC : 25;
	49ED : 25;
	49EE : 25;
	49EF : 25;
	49F0 : 25;
	49F1 : 25;
	49F2 : 25;
	49F3 : 25;
	49F4 : 05;
	49F5 : 25;
	49F6 : 25;
	49F7 : 05;
	49F8 : 05;
	49F9 : 05;
	49FA : 25;
	49FB : 05;
	49FC : 25;
	49FD : 01;
	49FE : 00;
	49FF : 05;
	4A00 : 8D;
	4A01 : 8D;
	4A02 : 8D;
	4A03 : 8D;
	4A04 : 8D;
	4A05 : 8D;
	4A06 : 8D;
	4A07 : 8D;
	4A08 : 8D;
	4A09 : 8D;
	4A0A : 8D;
	4A0B : 8D;
	4A0C : 6D;
	4A0D : 8D;
	4A0E : 6D;
	4A0F : 6D;
	4A10 : 6D;
	4A11 : 6D;
	4A12 : 6D;
	4A13 : 8D;
	4A14 : 6D;
	4A15 : 00;
	4A16 : 26;
	4A17 : 67;
	4A18 : 67;
	4A19 : 67;
	4A1A : 27;
	4A1B : 67;
	4A1C : 67;
	4A1D : 67;
	4A1E : 67;
	4A1F : 27;
	4A20 : 26;
	4A21 : 26;
	4A22 : 26;
	4A23 : 26;
	4A24 : 21;
	4A25 : 01;
	4A26 : 26;
	4A27 : 26;
	4A28 : 26;
	4A29 : 26;
	4A2A : 25;
	4A2B : 25;
	4A2C : 25;
	4A2D : 25;
	4A2E : 25;
	4A2F : 25;
	4A30 : 25;
	4A31 : 05;
	4A32 : 25;
	4A33 : 25;
	4A34 : 05;
	4A35 : 25;
	4A36 : 05;
	4A37 : 05;
	4A38 : 05;
	4A39 : 05;
	4A3A : 05;
	4A3B : 25;
	4A3C : 00;
	4A3D : 00;
	4A3E : 00;
	4A3F : 05;
	4A40 : 8D;
	4A41 : 8D;
	4A42 : 8D;
	4A43 : 8D;
	4A44 : 8D;
	4A45 : 8D;
	4A46 : 8D;
	4A47 : 8D;
	4A48 : 8D;
	4A49 : 8D;
	4A4A : 8D;
	4A4B : 8D;
	4A4C : 6D;
	4A4D : 8D;
	4A4E : 6D;
	4A4F : 6D;
	4A50 : 6D;
	4A51 : 6D;
	4A52 : 6D;
	4A53 : 6D;
	4A54 : 00;
	4A55 : 22;
	4A56 : 67;
	4A57 : 67;
	4A58 : 67;
	4A59 : 27;
	4A5A : 27;
	4A5B : 67;
	4A5C : 67;
	4A5D : 26;
	4A5E : 26;
	4A5F : 26;
	4A60 : 26;
	4A61 : 26;
	4A62 : 26;
	4A63 : 26;
	4A64 : 21;
	4A65 : 01;
	4A66 : 21;
	4A67 : 26;
	4A68 : 26;
	4A69 : 25;
	4A6A : 25;
	4A6B : 25;
	4A6C : 25;
	4A6D : 25;
	4A6E : 25;
	4A6F : 05;
	4A70 : 25;
	4A71 : 05;
	4A72 : 05;
	4A73 : 05;
	4A74 : 25;
	4A75 : 05;
	4A76 : 05;
	4A77 : 25;
	4A78 : 25;
	4A79 : 05;
	4A7A : 25;
	4A7B : 05;
	4A7C : 01;
	4A7D : 01;
	4A7E : 00;
	4A7F : 25;
	4A80 : 8D;
	4A81 : 8D;
	4A82 : 8D;
	4A83 : 8D;
	4A84 : 8D;
	4A85 : 8D;
	4A86 : 8D;
	4A87 : 8D;
	4A88 : 8D;
	4A89 : 8D;
	4A8A : 8D;
	4A8B : 6D;
	4A8C : 6D;
	4A8D : 8D;
	4A8E : 6D;
	4A8F : 6D;
	4A90 : 6D;
	4A91 : 24;
	4A92 : 00;
	4A93 : 22;
	4A94 : 22;
	4A95 : 67;
	4A96 : 67;
	4A97 : 27;
	4A98 : 26;
	4A99 : 67;
	4A9A : 67;
	4A9B : 67;
	4A9C : 67;
	4A9D : 26;
	4A9E : 26;
	4A9F : 26;
	4AA0 : 26;
	4AA1 : 26;
	4AA2 : 26;
	4AA3 : 26;
	4AA4 : 21;
	4AA5 : 21;
	4AA6 : 01;
	4AA7 : 25;
	4AA8 : 26;
	4AA9 : 25;
	4AAA : 26;
	4AAB : 25;
	4AAC : 25;
	4AAD : 25;
	4AAE : 25;
	4AAF : 25;
	4AB0 : 25;
	4AB1 : 25;
	4AB2 : 25;
	4AB3 : 05;
	4AB4 : 05;
	4AB5 : 25;
	4AB6 : 05;
	4AB7 : 25;
	4AB8 : 25;
	4AB9 : 05;
	4ABA : 05;
	4ABB : 00;
	4ABC : 05;
	4ABD : 05;
	4ABE : 00;
	4ABF : 05;
	4AC0 : 8D;
	4AC1 : 8D;
	4AC2 : 8D;
	4AC3 : 8D;
	4AC4 : 8D;
	4AC5 : 8D;
	4AC6 : 8D;
	4AC7 : 8D;
	4AC8 : 8D;
	4AC9 : 8D;
	4ACA : 8D;
	4ACB : 6D;
	4ACC : 6D;
	4ACD : 8D;
	4ACE : 6D;
	4ACF : 00;
	4AD0 : 21;
	4AD1 : 22;
	4AD2 : 22;
	4AD3 : 22;
	4AD4 : 26;
	4AD5 : 27;
	4AD6 : 26;
	4AD7 : 26;
	4AD8 : 67;
	4AD9 : 66;
	4ADA : 67;
	4ADB : 67;
	4ADC : 26;
	4ADD : 26;
	4ADE : 26;
	4ADF : 26;
	4AE0 : 26;
	4AE1 : 26;
	4AE2 : 21;
	4AE3 : 25;
	4AE4 : 01;
	4AE5 : 01;
	4AE6 : 01;
	4AE7 : 25;
	4AE8 : 21;
	4AE9 : 01;
	4AEA : 01;
	4AEB : 00;
	4AEC : 25;
	4AED : 00;
	4AEE : 00;
	4AEF : 00;
	4AF0 : 05;
	4AF1 : 05;
	4AF2 : 00;
	4AF3 : 00;
	4AF4 : 00;
	4AF5 : 00;
	4AF6 : 00;
	4AF7 : 00;
	4AF8 : 00;
	4AF9 : 05;
	4AFA : 00;
	4AFB : 00;
	4AFC : 05;
	4AFD : 25;
	4AFE : 00;
	4AFF : 00;
	4B00 : 8D;
	4B01 : 8D;
	4B02 : 8D;
	4B03 : 8D;
	4B04 : 8D;
	4B05 : 8D;
	4B06 : 8D;
	4B07 : 8D;
	4B08 : 6D;
	4B09 : 8D;
	4B0A : 8D;
	4B0B : 25;
	4B0C : 25;
	4B0D : 00;
	4B0E : 01;
	4B0F : 22;
	4B10 : 22;
	4B11 : 22;
	4B12 : 22;
	4B13 : 22;
	4B14 : 22;
	4B15 : 22;
	4B16 : 67;
	4B17 : 67;
	4B18 : 26;
	4B19 : 26;
	4B1A : 26;
	4B1B : 26;
	4B1C : 26;
	4B1D : 26;
	4B1E : 26;
	4B1F : 26;
	4B20 : 26;
	4B21 : 21;
	4B22 : 25;
	4B23 : 25;
	4B24 : 25;
	4B25 : 01;
	4B26 : 25;
	4B27 : 25;
	4B28 : 25;
	4B29 : 25;
	4B2A : 05;
	4B2B : 25;
	4B2C : 05;
	4B2D : 25;
	4B2E : 05;
	4B2F : 00;
	4B30 : 00;
	4B31 : 05;
	4B32 : 05;
	4B33 : 05;
	4B34 : 00;
	4B35 : 00;
	4B36 : 00;
	4B37 : 00;
	4B38 : 00;
	4B39 : 00;
	4B3A : 00;
	4B3B : 00;
	4B3C : 00;
	4B3D : 00;
	4B3E : 00;
	4B3F : 00;
	4B40 : 8D;
	4B41 : 8D;
	4B42 : 8D;
	4B43 : 8D;
	4B44 : 8D;
	4B45 : 6D;
	4B46 : 6D;
	4B47 : 00;
	4B48 : 00;
	4B49 : 00;
	4B4A : 00;
	4B4B : 26;
	4B4C : 27;
	4B4D : 67;
	4B4E : 67;
	4B4F : 22;
	4B50 : 22;
	4B51 : 22;
	4B52 : 21;
	4B53 : 22;
	4B54 : 26;
	4B55 : 22;
	4B56 : 26;
	4B57 : 22;
	4B58 : 26;
	4B59 : 26;
	4B5A : 26;
	4B5B : 26;
	4B5C : 26;
	4B5D : 26;
	4B5E : 26;
	4B5F : 21;
	4B60 : 21;
	4B61 : 01;
	4B62 : 25;
	4B63 : 25;
	4B64 : 25;
	4B65 : 00;
	4B66 : 01;
	4B67 : 05;
	4B68 : 25;
	4B69 : 25;
	4B6A : 01;
	4B6B : 05;
	4B6C : 25;
	4B6D : 05;
	4B6E : 01;
	4B6F : 01;
	4B70 : 05;
	4B71 : 00;
	4B72 : 05;
	4B73 : 05;
	4B74 : 05;
	4B75 : 00;
	4B76 : 00;
	4B77 : 00;
	4B78 : 00;
	4B79 : 00;
	4B7A : 00;
	4B7B : 00;
	4B7C : 00;
	4B7D : 00;
	4B7E : 00;
	4B7F : 00;
	4B80 : 26;
	4B81 : 26;
	4B82 : 26;
	4B83 : 26;
	4B84 : 26;
	4B85 : 26;
	4B86 : 22;
	4B87 : 27;
	4B88 : 67;
	4B89 : 67;
	4B8A : 67;
	4B8B : 67;
	4B8C : 67;
	4B8D : 67;
	4B8E : 67;
	4B8F : 67;
	4B90 : 22;
	4B91 : 22;
	4B92 : 21;
	4B93 : 21;
	4B94 : 21;
	4B95 : 21;
	4B96 : 26;
	4B97 : 26;
	4B98 : 22;
	4B99 : 26;
	4B9A : 26;
	4B9B : 25;
	4B9C : 25;
	4B9D : 25;
	4B9E : 21;
	4B9F : 25;
	4BA0 : 21;
	4BA1 : 21;
	4BA2 : 01;
	4BA3 : 01;
	4BA4 : 01;
	4BA5 : 01;
	4BA6 : 00;
	4BA7 : 01;
	4BA8 : 00;
	4BA9 : 00;
	4BAA : 00;
	4BAB : 00;
	4BAC : 00;
	4BAD : 00;
	4BAE : 00;
	4BAF : 05;
	4BB0 : 05;
	4BB1 : 05;
	4BB2 : 05;
	4BB3 : 05;
	4BB4 : 04;
	4BB5 : 00;
	4BB6 : 00;
	4BB7 : 00;
	4BB8 : 01;
	4BB9 : 00;
	4BBA : 00;
	4BBB : 00;
	4BBC : 00;
	4BBD : 05;
	4BBE : 00;
	4BBF : 05;
	4BC0 : 67;
	4BC1 : 67;
	4BC2 : 67;
	4BC3 : 67;
	4BC4 : 67;
	4BC5 : 23;
	4BC6 : 23;
	4BC7 : 67;
	4BC8 : 67;
	4BC9 : 67;
	4BCA : 67;
	4BCB : 67;
	4BCC : 27;
	4BCD : 26;
	4BCE : 27;
	4BCF : 26;
	4BD0 : 22;
	4BD1 : 27;
	4BD2 : 21;
	4BD3 : 22;
	4BD4 : 22;
	4BD5 : 22;
	4BD6 : 67;
	4BD7 : 26;
	4BD8 : 26;
	4BD9 : 67;
	4BDA : 26;
	4BDB : 66;
	4BDC : 26;
	4BDD : 26;
	4BDE : 26;
	4BDF : 26;
	4BE0 : 26;
	4BE1 : 26;
	4BE2 : 01;
	4BE3 : 26;
	4BE4 : 25;
	4BE5 : 25;
	4BE6 : 25;
	4BE7 : 00;
	4BE8 : 01;
	4BE9 : 25;
	4BEA : 00;
	4BEB : 00;
	4BEC : 01;
	4BED : 25;
	4BEE : 05;
	4BEF : 25;
	4BF0 : 25;
	4BF1 : 05;
	4BF2 : 05;
	4BF3 : 25;
	4BF4 : 05;
	4BF5 : 05;
	4BF6 : 05;
	4BF7 : 25;
	4BF8 : 00;
	4BF9 : 25;
	4BFA : 25;
	4BFB : 25;
	4BFC : 00;
	4BFD : 00;
	4BFE : 00;
	4BFF : 00;
	4C00 : 67;
	4C01 : 67;
	4C02 : 27;
	4C03 : 27;
	4C04 : 23;
	4C05 : 27;
	4C06 : 67;
	4C07 : 27;
	4C08 : 27;
	4C09 : 27;
	4C0A : 26;
	4C0B : 26;
	4C0C : 26;
	4C0D : 67;
	4C0E : 67;
	4C0F : 67;
	4C10 : 22;
	4C11 : 26;
	4C12 : 22;
	4C13 : 22;
	4C14 : 22;
	4C15 : 66;
	4C16 : 26;
	4C17 : 26;
	4C18 : 26;
	4C19 : 26;
	4C1A : 26;
	4C1B : 26;
	4C1C : 26;
	4C1D : 26;
	4C1E : 26;
	4C1F : 26;
	4C20 : 25;
	4C21 : 25;
	4C22 : 25;
	4C23 : 25;
	4C24 : 01;
	4C25 : 25;
	4C26 : 25;
	4C27 : 25;
	4C28 : 25;
	4C29 : 00;
	4C2A : 00;
	4C2B : 00;
	4C2C : 00;
	4C2D : 25;
	4C2E : 25;
	4C2F : 25;
	4C30 : 05;
	4C31 : 25;
	4C32 : 05;
	4C33 : 05;
	4C34 : 04;
	4C35 : 05;
	4C36 : 05;
	4C37 : 00;
	4C38 : 25;
	4C39 : 05;
	4C3A : 05;
	4C3B : 05;
	4C3C : 25;
	4C3D : 00;
	4C3E : 00;
	4C3F : 05;
	4C40 : 26;
	4C41 : 26;
	4C42 : 27;
	4C43 : 27;
	4C44 : 26;
	4C45 : 22;
	4C46 : 26;
	4C47 : 67;
	4C48 : 67;
	4C49 : 67;
	4C4A : 67;
	4C4B : 67;
	4C4C : 67;
	4C4D : 67;
	4C4E : 67;
	4C4F : 26;
	4C50 : 22;
	4C51 : 26;
	4C52 : 21;
	4C53 : 26;
	4C54 : 66;
	4C55 : 26;
	4C56 : 26;
	4C57 : 26;
	4C58 : 26;
	4C59 : 26;
	4C5A : 26;
	4C5B : 26;
	4C5C : 26;
	4C5D : 26;
	4C5E : 25;
	4C5F : 25;
	4C60 : 25;
	4C61 : 25;
	4C62 : 25;
	4C63 : 25;
	4C64 : 25;
	4C65 : 01;
	4C66 : 25;
	4C67 : 25;
	4C68 : 25;
	4C69 : 00;
	4C6A : 00;
	4C6B : 00;
	4C6C : 00;
	4C6D : 25;
	4C6E : 25;
	4C6F : 25;
	4C70 : 05;
	4C71 : 25;
	4C72 : 25;
	4C73 : 25;
	4C74 : 05;
	4C75 : 05;
	4C76 : 00;
	4C77 : 05;
	4C78 : 05;
	4C79 : 05;
	4C7A : 05;
	4C7B : 05;
	4C7C : 05;
	4C7D : 00;
	4C7E : 00;
	4C7F : 05;
	4C80 : 67;
	4C81 : 67;
	4C82 : 67;
	4C83 : 67;
	4C84 : 67;
	4C85 : 67;
	4C86 : 67;
	4C87 : 67;
	4C88 : 67;
	4C89 : 67;
	4C8A : 66;
	4C8B : 26;
	4C8C : 26;
	4C8D : 26;
	4C8E : 26;
	4C8F : 26;
	4C90 : 26;
	4C91 : 22;
	4C92 : 21;
	4C93 : 26;
	4C94 : 66;
	4C95 : 26;
	4C96 : 26;
	4C97 : 26;
	4C98 : 26;
	4C99 : 26;
	4C9A : 26;
	4C9B : 26;
	4C9C : 26;
	4C9D : 26;
	4C9E : 26;
	4C9F : 25;
	4CA0 : 25;
	4CA1 : 25;
	4CA2 : 25;
	4CA3 : 25;
	4CA4 : 25;
	4CA5 : 25;
	4CA6 : 01;
	4CA7 : 25;
	4CA8 : 25;
	4CA9 : 00;
	4CAA : 00;
	4CAB : 00;
	4CAC : 05;
	4CAD : 05;
	4CAE : 05;
	4CAF : 05;
	4CB0 : 25;
	4CB1 : 25;
	4CB2 : 25;
	4CB3 : 05;
	4CB4 : 05;
	4CB5 : 00;
	4CB6 : 05;
	4CB7 : 05;
	4CB8 : 05;
	4CB9 : 05;
	4CBA : 25;
	4CBB : 05;
	4CBC : 05;
	4CBD : 05;
	4CBE : 00;
	4CBF : 01;
	4CC0 : 67;
	4CC1 : 67;
	4CC2 : 67;
	4CC3 : 26;
	4CC4 : 67;
	4CC5 : 66;
	4CC6 : 66;
	4CC7 : 26;
	4CC8 : 67;
	4CC9 : 26;
	4CCA : 26;
	4CCB : 26;
	4CCC : 26;
	4CCD : 26;
	4CCE : 22;
	4CCF : 26;
	4CD0 : 26;
	4CD1 : 26;
	4CD2 : 21;
	4CD3 : 26;
	4CD4 : 26;
	4CD5 : 26;
	4CD6 : 26;
	4CD7 : 26;
	4CD8 : 26;
	4CD9 : 26;
	4CDA : 26;
	4CDB : 26;
	4CDC : 25;
	4CDD : 25;
	4CDE : 25;
	4CDF : 25;
	4CE0 : 25;
	4CE1 : 25;
	4CE2 : 25;
	4CE3 : 25;
	4CE4 : 25;
	4CE5 : 25;
	4CE6 : 25;
	4CE7 : 01;
	4CE8 : 25;
	4CE9 : 00;
	4CEA : 00;
	4CEB : 00;
	4CEC : 25;
	4CED : 25;
	4CEE : 05;
	4CEF : 25;
	4CF0 : 25;
	4CF1 : 25;
	4CF2 : 25;
	4CF3 : 05;
	4CF4 : 00;
	4CF5 : 25;
	4CF6 : 05;
	4CF7 : 05;
	4CF8 : 05;
	4CF9 : 05;
	4CFA : 05;
	4CFB : 05;
	4CFC : 05;
	4CFD : 05;
	4CFE : 00;
	4CFF : 25;
	4D00 : 26;
	4D01 : 26;
	4D02 : 67;
	4D03 : 67;
	4D04 : 67;
	4D05 : 66;
	4D06 : 26;
	4D07 : 26;
	4D08 : 26;
	4D09 : 26;
	4D0A : 26;
	4D0B : 26;
	4D0C : 26;
	4D0D : 26;
	4D0E : 26;
	4D0F : 26;
	4D10 : 21;
	4D11 : 26;
	4D12 : 21;
	4D13 : 25;
	4D14 : 26;
	4D15 : 26;
	4D16 : 26;
	4D17 : 26;
	4D18 : 26;
	4D19 : 26;
	4D1A : 25;
	4D1B : 25;
	4D1C : 25;
	4D1D : 25;
	4D1E : 25;
	4D1F : 25;
	4D20 : 25;
	4D21 : 25;
	4D22 : 25;
	4D23 : 25;
	4D24 : 25;
	4D25 : 25;
	4D26 : 25;
	4D27 : 00;
	4D28 : 00;
	4D29 : 00;
	4D2A : 05;
	4D2B : 00;
	4D2C : 25;
	4D2D : 25;
	4D2E : 05;
	4D2F : 25;
	4D30 : 25;
	4D31 : 25;
	4D32 : 25;
	4D33 : 25;
	4D34 : 05;
	4D35 : 05;
	4D36 : 05;
	4D37 : 05;
	4D38 : 05;
	4D39 : 05;
	4D3A : 05;
	4D3B : 05;
	4D3C : 05;
	4D3D : 05;
	4D3E : 00;
	4D3F : 05;
	4D40 : 66;
	4D41 : 26;
	4D42 : 26;
	4D43 : 66;
	4D44 : 26;
	4D45 : 26;
	4D46 : 26;
	4D47 : 26;
	4D48 : 26;
	4D49 : 26;
	4D4A : 26;
	4D4B : 26;
	4D4C : 26;
	4D4D : 26;
	4D4E : 26;
	4D4F : 21;
	4D50 : 26;
	4D51 : 25;
	4D52 : 01;
	4D53 : 21;
	4D54 : 26;
	4D55 : 26;
	4D56 : 26;
	4D57 : 25;
	4D58 : 25;
	4D59 : 25;
	4D5A : 25;
	4D5B : 25;
	4D5C : 25;
	4D5D : 25;
	4D5E : 25;
	4D5F : 25;
	4D60 : 25;
	4D61 : 25;
	4D62 : 25;
	4D63 : 25;
	4D64 : 25;
	4D65 : 25;
	4D66 : 25;
	4D67 : 25;
	4D68 : 25;
	4D69 : 00;
	4D6A : 05;
	4D6B : 00;
	4D6C : 04;
	4D6D : 25;
	4D6E : 25;
	4D6F : 05;
	4D70 : 25;
	4D71 : 05;
	4D72 : 05;
	4D73 : 04;
	4D74 : 25;
	4D75 : 05;
	4D76 : 05;
	4D77 : 05;
	4D78 : 05;
	4D79 : 05;
	4D7A : 05;
	4D7B : 05;
	4D7C : 05;
	4D7D : 25;
	4D7E : 00;
	4D7F : 05;
	4D80 : 26;
	4D81 : 26;
	4D82 : 26;
	4D83 : 26;
	4D84 : 26;
	4D85 : 26;
	4D86 : 26;
	4D87 : 26;
	4D88 : 26;
	4D89 : 26;
	4D8A : 26;
	4D8B : 26;
	4D8C : 26;
	4D8D : 26;
	4D8E : 26;
	4D8F : 01;
	4D90 : 21;
	4D91 : 25;
	4D92 : 01;
	4D93 : 21;
	4D94 : 25;
	4D95 : 26;
	4D96 : 25;
	4D97 : 25;
	4D98 : 25;
	4D99 : 25;
	4D9A : 25;
	4D9B : 25;
	4D9C : 25;
	4D9D : 25;
	4D9E : 25;
	4D9F : 25;
	4DA0 : 25;
	4DA1 : 25;
	4DA2 : 25;
	4DA3 : 25;
	4DA4 : 25;
	4DA5 : 25;
	4DA6 : 25;
	4DA7 : 05;
	4DA8 : 25;
	4DA9 : 01;
	4DAA : 00;
	4DAB : 00;
	4DAC : 05;
	4DAD : 25;
	4DAE : 25;
	4DAF : 05;
	4DB0 : 05;
	4DB1 : 25;
	4DB2 : 25;
	4DB3 : 04;
	4DB4 : 25;
	4DB5 : 05;
	4DB6 : 05;
	4DB7 : 05;
	4DB8 : 05;
	4DB9 : 05;
	4DBA : 05;
	4DBB : 05;
	4DBC : 05;
	4DBD : 05;
	4DBE : 00;
	4DBF : 05;
	4DC0 : 26;
	4DC1 : 26;
	4DC2 : 26;
	4DC3 : 26;
	4DC4 : 26;
	4DC5 : 26;
	4DC6 : 26;
	4DC7 : 26;
	4DC8 : 26;
	4DC9 : 26;
	4DCA : 26;
	4DCB : 26;
	4DCC : 26;
	4DCD : 26;
	4DCE : 26;
	4DCF : 26;
	4DD0 : 01;
	4DD1 : 25;
	4DD2 : 01;
	4DD3 : 25;
	4DD4 : 25;
	4DD5 : 25;
	4DD6 : 25;
	4DD7 : 25;
	4DD8 : 25;
	4DD9 : 25;
	4DDA : 25;
	4DDB : 25;
	4DDC : 25;
	4DDD : 25;
	4DDE : 25;
	4DDF : 25;
	4DE0 : 25;
	4DE1 : 25;
	4DE2 : 25;
	4DE3 : 25;
	4DE4 : 25;
	4DE5 : 25;
	4DE6 : 25;
	4DE7 : 25;
	4DE8 : 25;
	4DE9 : 01;
	4DEA : 05;
	4DEB : 00;
	4DEC : 00;
	4DED : 00;
	4DEE : 05;
	4DEF : 25;
	4DF0 : 05;
	4DF1 : 25;
	4DF2 : 05;
	4DF3 : 25;
	4DF4 : 05;
	4DF5 : 05;
	4DF6 : 05;
	4DF7 : 05;
	4DF8 : 05;
	4DF9 : 05;
	4DFA : 05;
	4DFB : 05;
	4DFC : 05;
	4DFD : 05;
	4DFE : 00;
	4DFF : 05;
	4E00 : 26;
	4E01 : 26;
	4E02 : 26;
	4E03 : 26;
	4E04 : 26;
	4E05 : 26;
	4E06 : 26;
	4E07 : 26;
	4E08 : 26;
	4E09 : 25;
	4E0A : 25;
	4E0B : 26;
	4E0C : 26;
	4E0D : 25;
	4E0E : 25;
	4E0F : 25;
	4E10 : 01;
	4E11 : 25;
	4E12 : 01;
	4E13 : 01;
	4E14 : 26;
	4E15 : 25;
	4E16 : 25;
	4E17 : 25;
	4E18 : 25;
	4E19 : 25;
	4E1A : 25;
	4E1B : 25;
	4E1C : 25;
	4E1D : 25;
	4E1E : 25;
	4E1F : 25;
	4E20 : 25;
	4E21 : 25;
	4E22 : 25;
	4E23 : 05;
	4E24 : 05;
	4E25 : 05;
	4E26 : 05;
	4E27 : 25;
	4E28 : 25;
	4E29 : 00;
	4E2A : 00;
	4E2B : 00;
	4E2C : 05;
	4E2D : 00;
	4E2E : 05;
	4E2F : 25;
	4E30 : 05;
	4E31 : 25;
	4E32 : 00;
	4E33 : 25;
	4E34 : 05;
	4E35 : 05;
	4E36 : 05;
	4E37 : 05;
	4E38 : 05;
	4E39 : 05;
	4E3A : 05;
	4E3B : 05;
	4E3C : 05;
	4E3D : 00;
	4E3E : 00;
	4E3F : 00;
	4E40 : 26;
	4E41 : 25;
	4E42 : 26;
	4E43 : 26;
	4E44 : 26;
	4E45 : 25;
	4E46 : 25;
	4E47 : 25;
	4E48 : 25;
	4E49 : 26;
	4E4A : 25;
	4E4B : 25;
	4E4C : 25;
	4E4D : 25;
	4E4E : 25;
	4E4F : 25;
	4E50 : 25;
	4E51 : 25;
	4E52 : 01;
	4E53 : 01;
	4E54 : 25;
	4E55 : 25;
	4E56 : 25;
	4E57 : 25;
	4E58 : 25;
	4E59 : 25;
	4E5A : 25;
	4E5B : 25;
	4E5C : 25;
	4E5D : 25;
	4E5E : 25;
	4E5F : 25;
	4E60 : 25;
	4E61 : 25;
	4E62 : 25;
	4E63 : 05;
	4E64 : 05;
	4E65 : 25;
	4E66 : 25;
	4E67 : 25;
	4E68 : 25;
	4E69 : 00;
	4E6A : 00;
	4E6B : 00;
	4E6C : 05;
	4E6D : 05;
	4E6E : 05;
	4E6F : 05;
	4E70 : 25;
	4E71 : 05;
	4E72 : 00;
	4E73 : 05;
	4E74 : 05;
	4E75 : 05;
	4E76 : 05;
	4E77 : 05;
	4E78 : 05;
	4E79 : 05;
	4E7A : 05;
	4E7B : 05;
	4E7C : 05;
	4E7D : 05;
	4E7E : 00;
	4E7F : 00;
	4E80 : 25;
	4E81 : 25;
	4E82 : 25;
	4E83 : 25;
	4E84 : 25;
	4E85 : 25;
	4E86 : 25;
	4E87 : 25;
	4E88 : 25;
	4E89 : 25;
	4E8A : 25;
	4E8B : 25;
	4E8C : 25;
	4E8D : 25;
	4E8E : 25;
	4E8F : 26;
	4E90 : 01;
	4E91 : 25;
	4E92 : 01;
	4E93 : 01;
	4E94 : 25;
	4E95 : 25;
	4E96 : 25;
	4E97 : 25;
	4E98 : 25;
	4E99 : 25;
	4E9A : 25;
	4E9B : 25;
	4E9C : 25;
	4E9D : 25;
	4E9E : 25;
	4E9F : 25;
	4EA0 : 25;
	4EA1 : 05;
	4EA2 : 05;
	4EA3 : 05;
	4EA4 : 25;
	4EA5 : 05;
	4EA6 : 05;
	4EA7 : 25;
	4EA8 : 00;
	4EA9 : 00;
	4EAA : 00;
	4EAB : 00;
	4EAC : 05;
	4EAD : 05;
	4EAE : 05;
	4EAF : 05;
	4EB0 : 00;
	4EB1 : 05;
	4EB2 : 05;
	4EB3 : 05;
	4EB4 : 05;
	4EB5 : 05;
	4EB6 : 05;
	4EB7 : 05;
	4EB8 : 05;
	4EB9 : 05;
	4EBA : 05;
	4EBB : 05;
	4EBC : 05;
	4EBD : 01;
	4EBE : 00;
	4EBF : 00;
	4EC0 : 21;
	4EC1 : 25;
	4EC2 : 25;
	4EC3 : 25;
	4EC4 : 25;
	4EC5 : 25;
	4EC6 : 25;
	4EC7 : 25;
	4EC8 : 25;
	4EC9 : 25;
	4ECA : 25;
	4ECB : 25;
	4ECC : 25;
	4ECD : 25;
	4ECE : 25;
	4ECF : 26;
	4ED0 : 01;
	4ED1 : 25;
	4ED2 : 01;
	4ED3 : 00;
	4ED4 : 01;
	4ED5 : 25;
	4ED6 : 25;
	4ED7 : 25;
	4ED8 : 25;
	4ED9 : 25;
	4EDA : 25;
	4EDB : 25;
	4EDC : 25;
	4EDD : 25;
	4EDE : 25;
	4EDF : 05;
	4EE0 : 25;
	4EE1 : 05;
	4EE2 : 05;
	4EE3 : 05;
	4EE4 : 05;
	4EE5 : 05;
	4EE6 : 25;
	4EE7 : 00;
	4EE8 : 05;
	4EE9 : 05;
	4EEA : 00;
	4EEB : 00;
	4EEC : 00;
	4EED : 01;
	4EEE : 25;
	4EEF : 25;
	4EF0 : 05;
	4EF1 : 05;
	4EF2 : 05;
	4EF3 : 05;
	4EF4 : 05;
	4EF5 : 05;
	4EF6 : 05;
	4EF7 : 05;
	4EF8 : 05;
	4EF9 : 05;
	4EFA : 01;
	4EFB : 05;
	4EFC : 05;
	4EFD : 00;
	4EFE : 00;
	4EFF : 00;
	4F00 : 00;
	4F01 : 21;
	4F02 : 26;
	4F03 : 25;
	4F04 : 25;
	4F05 : 25;
	4F06 : 25;
	4F07 : 25;
	4F08 : 25;
	4F09 : 25;
	4F0A : 25;
	4F0B : 25;
	4F0C : 25;
	4F0D : 25;
	4F0E : 25;
	4F0F : 00;
	4F10 : 05;
	4F11 : 00;
	4F12 : 01;
	4F13 : 01;
	4F14 : 00;
	4F15 : 01;
	4F16 : 25;
	4F17 : 25;
	4F18 : 25;
	4F19 : 25;
	4F1A : 25;
	4F1B : 25;
	4F1C : 05;
	4F1D : 05;
	4F1E : 25;
	4F1F : 05;
	4F20 : 05;
	4F21 : 05;
	4F22 : 05;
	4F23 : 05;
	4F24 : 25;
	4F25 : 25;
	4F26 : 00;
	4F27 : 00;
	4F28 : 00;
	4F29 : 00;
	4F2A : 00;
	4F2B : 00;
	4F2C : 00;
	4F2D : 00;
	4F2E : 00;
	4F2F : 00;
	4F30 : 05;
	4F31 : 05;
	4F32 : 05;
	4F33 : 05;
	4F34 : 05;
	4F35 : 05;
	4F36 : 05;
	4F37 : 05;
	4F38 : 05;
	4F39 : 05;
	4F3A : 05;
	4F3B : 05;
	4F3C : 00;
	4F3D : 00;
	4F3E : 00;
	4F3F : 00;
	4F40 : 25;
	4F41 : 00;
	4F42 : 01;
	4F43 : 25;
	4F44 : 01;
	4F45 : 01;
	4F46 : 01;
	4F47 : 01;
	4F48 : 25;
	4F49 : 21;
	4F4A : 05;
	4F4B : 01;
	4F4C : 05;
	4F4D : 25;
	4F4E : 01;
	4F4F : 05;
	4F50 : 05;
	4F51 : 00;
	4F52 : 05;
	4F53 : 01;
	4F54 : 05;
	4F55 : 00;
	4F56 : 05;
	4F57 : 05;
	4F58 : 25;
	4F59 : 25;
	4F5A : 25;
	4F5B : 25;
	4F5C : 25;
	4F5D : 25;
	4F5E : 25;
	4F5F : 25;
	4F60 : 25;
	4F61 : 25;
	4F62 : 25;
	4F63 : 25;
	4F64 : 25;
	4F65 : 00;
	4F66 : 00;
	4F67 : 00;
	4F68 : 05;
	4F69 : 00;
	4F6A : 00;
	4F6B : 00;
	4F6C : 00;
	4F6D : 00;
	4F6E : 00;
	4F6F : 05;
	4F70 : 25;
	4F71 : 25;
	4F72 : 25;
	4F73 : 05;
	4F74 : 25;
	4F75 : 25;
	4F76 : 25;
	4F77 : 25;
	4F78 : 25;
	4F79 : 05;
	4F7A : 05;
	4F7B : 05;
	4F7C : 00;
	4F7D : 00;
	4F7E : 00;
	4F7F : 00;
	4F80 : 01;
	4F81 : 00;
	4F82 : 01;
	4F83 : 01;
	4F84 : 25;
	4F85 : 25;
	4F86 : 01;
	4F87 : 01;
	4F88 : 01;
	4F89 : 01;
	4F8A : 00;
	4F8B : 00;
	4F8C : 00;
	4F8D : 00;
	4F8E : 00;
	4F8F : 00;
	4F90 : 00;
	4F91 : 01;
	4F92 : 00;
	4F93 : 00;
	4F94 : 25;
	4F95 : 25;
	4F96 : 00;
	4F97 : 05;
	4F98 : 00;
	4F99 : 00;
	4F9A : 01;
	4F9B : 00;
	4F9C : 00;
	4F9D : 00;
	4F9E : 05;
	4F9F : 05;
	4FA0 : 05;
	4FA1 : 05;
	4FA2 : 00;
	4FA3 : 00;
	4FA4 : 00;
	4FA5 : 05;
	4FA6 : 00;
	4FA7 : 00;
	4FA8 : 00;
	4FA9 : 00;
	4FAA : 00;
	4FAB : 00;
	4FAC : 00;
	4FAD : 00;
	4FAE : 00;
	4FAF : 00;
	4FB0 : 00;
	4FB1 : 00;
	4FB2 : 00;
	4FB3 : 00;
	4FB4 : 00;
	4FB5 : 00;
	4FB6 : 00;
	4FB7 : 00;
	4FB8 : 00;
	4FB9 : 00;
	4FBA : 00;
	4FBB : 00;
	4FBC : 00;
	4FBD : 00;
	4FBE : 00;
	4FBF : 00;
	4FC0 : 25;
	4FC1 : 25;
	4FC2 : 25;
	4FC3 : 25;
	4FC4 : 25;
	4FC5 : 25;
	4FC6 : 25;
	4FC7 : 25;
	4FC8 : 25;
	4FC9 : 25;
	4FCA : 25;
	4FCB : 00;
	4FCC : 25;
	4FCD : 25;
	4FCE : 25;
	4FCF : 25;
	4FD0 : 25;
	4FD1 : 25;
	4FD2 : 05;
	4FD3 : 00;
	4FD4 : 05;
	4FD5 : 00;
	4FD6 : 00;
	4FD7 : 00;
	4FD8 : 00;
	4FD9 : 05;
	4FDA : 05;
	4FDB : 05;
	4FDC : 00;
	4FDD : 01;
	4FDE : 00;
	4FDF : 00;
	4FE0 : 00;
	4FE1 : 00;
	4FE2 : 00;
	4FE3 : 05;
	4FE4 : 00;
	4FE5 : 00;
	4FE6 : 00;
	4FE7 : 05;
	4FE8 : 05;
	4FE9 : 05;
	4FEA : 05;
	4FEB : 25;
	4FEC : 04;
	4FED : 00;
	4FEE : 25;
	4FEF : 00;
	4FF0 : 05;
	4FF1 : 05;
	4FF2 : 05;
	4FF3 : 05;
	4FF4 : 00;
	4FF5 : 05;
	4FF6 : 05;
	4FF7 : 05;
	4FF8 : 05;
	4FF9 : 04;
	4FFA : 00;
	4FFB : 00;
	4FFC : 00;
	4FFD : 00;
	4FFE : 00;
	4FFF : 00;
END;
